solid OpenSCAD_Model
  facet normal -0.4252943743483284 4.630380665251865e-15 -0.9050550785160337
    outer loop
      vertex 313.7646320532483 -4 240.01264251777854
      vertex 315.8205996348612 -0.9735789028731603 239.04652292234334
      vertex 321.9101277598926 -4 236.1849931486436
    endloop
  endfacet
  facet normal 0 -1 0
    outer loop
      vertex 313.7646320532483 -4 240.01264251777854
      vertex 315.08447797614 -4 242.00800364348774
      vertex 314.1899264275966 -4 240.91769759629457
    endloop
  endfacet
  facet normal 0 -1 0
    outer loop
      vertex 313.7646320532483 -4 240.01264251777854
      vertex 315.08447797614 -4 241.90800364348775
      vertex 315.08447797614 -4 242.00800364348774
    endloop
  endfacet
  facet normal 0 -1 0
    outer loop
      vertex 313.7646320532483 -4 240.01264251777854
      vertex 321.9101277598926 -4 236.1849931486436
      vertex 315.08447797614 -4 241.90800364348775
    endloop
  endfacet
  facet normal -0.4252943743491597 -2.064321315765686e-12 -0.905055078515643
    outer loop
      vertex 321.9101277598926 -4 236.1849931486436
      vertex 315.8205996348612 -0.9735789028731603 239.04652292234334
      vertex 315.8576793391536 -0.9822872507286886 239.029098800859
    endloop
  endfacet
  facet normal -0.4252943743482426 -6.600356439713579e-14 -0.9050550785160741
    outer loop
      vertex 313.7646320532483 -4 240.01264251777854
      vertex 315.6079613200968 -0.8862035792312147 239.14644377930207
      vertex 315.6419160393805 -0.9048270524660196 239.13048811932435
    endloop
  endfacet
  facet normal -0.42529437434814527 -1.37180970172252e-13 -0.9050550785161197
    outer loop
      vertex 313.7646320532483 -4 240.01264251777854
      vertex 315.6419160393805 -0.9048270524660196 239.13048811932435
      vertex 315.6765468000158 -0.9218631515885004 239.1142147807981
    endloop
  endfacet
  facet normal -0.4252943743485041 1.2432217082879357e-13 -0.905055078515951
    outer loop
      vertex 313.7646320532483 -4 240.01264251777854
      vertex 315.57474221028036 -0.8660254037844386 239.1620537690819
      vertex 315.6079613200968 -0.8862035792312147 239.14644377930207
    endloop
  endfacet
  facet normal -0.42529437434839107 4.4216302819305114e-14 -0.9050550785160043
    outer loop
      vertex 313.7646320532483 -4 240.01264251777854
      vertex 315.5423169875377 -0.844327925502015 239.1772907034374
      vertex 315.57474221028036 -0.8660254037844386 239.1620537690819
    endloop
  endfacet
  facet normal -0.42529437434835565 2.2089466402189902e-14 -0.905055078516021
    outer loop
      vertex 313.7646320532483 -4 240.01264251777854
      vertex 315.71179284788104 -0.9372819894918915 239.09765231268878
      vertex 315.7475923494316 -0.9510565162951535 239.0808297711934
    endloop
  endfacet
  facet normal -0.42529437434844186 9.402461624007356e-14 -0.9050550785159804
    outer loop
      vertex 313.7646320532483 -4 240.01264251777854
      vertex 315.7475923494316 -0.9510565162951535 239.0808297711934
      vertex 315.78388250017696 -0.9631625667976582 239.06377666876614
    endloop
  endfacet
  facet normal -0.42529437434800227 -2.653478801650383e-13 -0.9050550785161869
    outer loop
      vertex 313.7646320532483 -4 240.01264251777854
      vertex 315.78388250017696 -0.9631625667976582 239.06377666876614
      vertex 315.8205996348612 -0.9735789028731603 239.04652292234334
    endloop
  endfacet
  facet normal -0.4252943743483455 1.6022047821795603e-14 -0.9050550785160256
    outer loop
      vertex 313.7646320532483 -4 240.01264251777854
      vertex 315.6765468000158 -0.9218631515885004 239.1142147807981
      vertex 315.71179284788104 -0.9372819894918915 239.09765231268878
    endloop
  endfacet
  facet normal -0.4252943743484332 6.756262167671402e-14 -0.9050550785159843
    outer loop
      vertex 313.7646320532483 -4 240.01264251777854
      vertex 315.4503659304484 -0.7705132427757894 239.2204994188225
      vertex 315.4800742501659 -0.7965299180241964 239.20653918419467
    endloop
  endfacet
  facet normal -0.42529437434840767 5.211911747037097e-14 -0.9050550785159965
    outer loop
      vertex 313.7646320532483 -4 240.01264251777854
      vertex 315.4216696960628 -0.7431448254773942 239.23398406449644
      vertex 315.4503659304484 -0.7705132427757894 239.2204994188225
    endloop
  endfacet
  facet normal -0.4252943743483734 3.2817658821052424e-14 -0.9050550785160124
    outer loop
      vertex 313.7646320532483 -4 240.01264251777854
      vertex 315.5107425367276 -0.8211492091337039 239.19212785160818
      vertex 315.5423169875377 -0.844327925502015 239.1772907034374
    endloop
  endfacet
  facet normal -0.4252943743481603 -1.1158396840986526e-13 -0.9050550785161126
    outer loop
      vertex 313.7646320532483 -4 240.01264251777854
      vertex 315.4800742501659 -0.7965299180241964 239.20653918419467
      vertex 315.5107425367276 -0.8211492091337039 239.19212785160818
    endloop
  endfacet
  facet normal -0.4252943743483727 3.105323961649985e-14 -0.905055078516013
    outer loop
      vertex 313.7646320532483 -4 240.01264251777854
      vertex 315.3675129912118 -0.6845471059286885 239.25943283822647
      vertex 315.39403588995526 -0.7144726796328034 239.24696946456584
    endloop
  endfacet
  facet normal -0.42529437434841993 5.845754003832448e-14 -0.9050550785159908
    outer loop
      vertex 313.7646320532483 -4 240.01264251777854
      vertex 315.39403588995526 -0.7144726796328034 239.24696946456584
      vertex 315.4216696960628 -0.7431448254773942 239.23398406449644
    endloop
  endfacet
  facet normal -0.4252943743483468 1.499832038147981e-14 -0.9050550785160251
    outer loop
      vertex 313.7646320532483 -4 240.01264251777854
      vertex 315.34214753000924 -0.6534206039901056 239.27135232048593
      vertex 315.3675129912118 -0.6845471059286885 239.25943283822647
    endloop
  endfacet
  facet normal -0.42529437434785766 -2.668805123181062e-13 -0.9050550785162548
    outer loop
      vertex 313.7646320532483 -4 240.01264251777854
      vertex 315.31798400598586 -0.6211477802783104 239.28270700052198
      vertex 315.34214753000924 -0.6534206039901056 239.27135232048593
    endloop
  endfacet
  facet normal -0.42529437434836814 -8.791483390312165e-14 -0.905055078516015
    outer loop
      vertex 321.9101277598926 -4 236.1849931486436
      vertex 316.4797972887964 -0.8660254037844386 238.73675939473355
      vertex 316.5122225115391 -0.8443279255020153 238.72152246037805
    endloop
  endfacet
  facet normal -0.42529437434818534 3.473018112197498e-13 -0.9050550785161009
    outer loop
      vertex 321.9101277598926 -4 236.1849931486436
      vertex 315.93266573300855 -0.9945218953682733 238.9938619492947
      vertex 315.9704408709557 -0.9980267284282716 238.97611103662595
    endloop
  endfacet
  facet normal -0.4252943743480064 7.783116577177405e-13 -0.9050550785161849
    outer loop
      vertex 321.9101277598926 -4 236.1849931486436
      vertex 315.9704408709557 -0.9980267284282716 238.97611103662595
      vertex 316.0083157060665 -0.9997806834748455 238.95831327526938
    endloop
  endfacet
  facet normal -0.42529437434822936 2.5444437614871413e-13 -0.9050550785160802
    outer loop
      vertex 321.9101277598926 -4 236.1849931486436
      vertex 316.0083157060665 -0.9997806834748455 238.95831327526938
      vertex 316.04622379301026 -0.9997806834748455 238.9404998885461
    endloop
  endfacet
  facet normal -0.42529437434825745 1.8020963483675135e-13 -0.9050550785160671
    outer loop
      vertex 321.9101277598926 -4 236.1849931486436
      vertex 316.08409862812107 -0.9980267284282716 238.9227021271895
      vertex 316.1218737660683 -0.9945218953682733 238.9049512145207
    endloop
  endfacet
  facet normal -0.4252943743485764 -5.708527248838865e-13 -0.9050550785159172
    outer loop
      vertex 321.9101277598926 -4 236.1849931486436
      vertex 316.04622379301026 -0.9997806834748455 238.9404998885461
      vertex 316.08409862812107 -0.9980267284282716 238.9227021271895
    endloop
  endfacet
  facet normal -0.42529437434826484 1.368691742018457e-13 -0.9050550785160636
    outer loop
      vertex 321.9101277598926 -4 236.1849931486436
      vertex 316.1594829364238 -0.9892723329629883 238.88727829167237
      vertex 316.19686015992323 -0.9822872507286886 238.86971436295642
    endloop
  endfacet
  facet normal -0.4252943743484491 -2.6903497860279254e-13 -0.905055078515977
    outer loop
      vertex 321.9101277598926 -4 236.1849931486436
      vertex 316.1218737660683 -0.9945218953682733 238.9049512145207
      vertex 316.1594829364238 -0.9892723329629883 238.88727829167237
    endloop
  endfacet
  facet normal -0.4252943743482225 2.585862924248345e-13 -0.9050550785160835
    outer loop
      vertex 321.9101277598926 -4 236.1849931486436
      vertex 316.19686015992323 -0.9822872507286886 238.86971436295642
      vertex 316.2339398642156 -0.9735789028731603 238.85229024147213
    endloop
  endfacet
  facet normal -0.4252943743481749 4.559761908686839e-13 -0.9050550785161059
    outer loop
      vertex 321.9101277598926 -4 236.1849931486436
      vertex 315.8576793391536 -0.9822872507286886 239.029098800859
      vertex 315.895056562653 -0.9892723329629883 239.01153487214307
    endloop
  endfacet
  facet normal -0.4252943743485738 -6.300502570863563e-13 -0.9050550785159183
    outer loop
      vertex 321.9101277598926 -4 236.1849931486436
      vertex 315.895056562653 -0.9892723329629883 239.01153487214307
      vertex 315.93266573300855 -0.9945218953682733 238.9938619492947
    endloop
  endfacet
  facet normal -0.4252943743484717 -3.3051778991237625e-13 -0.9050550785159664
    outer loop
      vertex 321.9101277598926 -4 236.1849931486436
      vertex 316.2339398642156 -0.9735789028731603 238.85229024147213
      vertex 316.2706569988999 -0.9631625667976581 238.83503649504928
    endloop
  endfacet
  facet normal -0.425294374348414 -1.9817130266164564e-13 -0.9050550785159934
    outer loop
      vertex 321.9101277598926 -4 236.1849931486436
      vertex 316.2706569988999 -0.9631625667976581 238.83503649504928
      vertex 316.3069471496452 -0.9510565162951535 238.817983392622
    endloop
  endfacet
  facet normal -0.4252943743483322 0 -0.905055078516032
    outer loop
      vertex 321.9101277598926 -4 236.1849931486436
      vertex 316.3069471496452 -0.9510565162951535 238.817983392622
      vertex 316.34274665119574 -0.9372819894918917 238.80116085112667
    endloop
  endfacet
  facet normal -0.425294374348343 -2.488813233365166e-14 -0.9050550785160267
    outer loop
      vertex 321.9101277598926 -4 236.1849931486436
      vertex 316.34274665119574 -0.9372819894918917 238.80116085112667
      vertex 316.377992699061 -0.9218631515885004 238.78459838301734
    endloop
  endfacet
  facet normal -0.4252943743482007 2.8016502935802717e-13 -0.9050550785160938
    outer loop
      vertex 321.9101277598926 -4 236.1849931486436
      vertex 316.377992699061 -0.9218631515885004 238.78459838301734
      vertex 316.4126234596963 -0.9048270524660196 238.7683250444911
    endloop
  endfacet
  facet normal -0.425294374348272 1.2398022308259529e-13 -0.9050550785160603
    outer loop
      vertex 321.9101277598926 -4 236.1849931486436
      vertex 316.4126234596963 -0.9048270524660196 238.7683250444911
      vertex 316.44657817897996 -0.8862035792312145 238.75236938451337
    endloop
  endfacet
  facet normal -0.4252943743484386 -2.407616138647069e-13 -0.9050550785159819
    outer loop
      vertex 321.9101277598926 -4 236.1849931486436
      vertex 316.44657817897996 -0.8862035792312145 238.75236938451337
      vertex 316.4797972887964 -0.8660254037844386 238.73675939473355
    endloop
  endfacet
  facet normal -0.42529437434836115 -6.437809528383062e-14 -0.9050550785160182
    outer loop
      vertex 321.9101277598926 -4 236.1849931486436
      vertex 316.5122225115391 -0.8443279255020153 238.72152246037805
      vertex 316.5437969623492 -0.8211492091337039 238.70668531220727
    endloop
  endfacet
  facet normal -0.4252943743482192 2.100607054049846e-13 -0.9050550785160849
    outer loop
      vertex 321.9101277598926 -4 236.1849931486436
      vertex 316.5437969623492 -0.8211492091337039 238.70668531220727
      vertex 316.5744652489109 -0.7965299180241964 238.69227397962078
    endloop
  endfacet
  facet normal -0.42529437434840905 -1.6490231539990992e-13 -0.9050550785159958
    outer loop
      vertex 321.9101277598926 -4 236.1849931486436
      vertex 316.5744652489109 -0.7965299180241964 238.69227397962078
      vertex 316.6041735686284 -0.770513242775789 238.67831374499292
    endloop
  endfacet
  facet normal -0.4252943743483531 -6.082360179204731e-14 -0.905055078516022
    outer loop
      vertex 321.9101277598926 -4 236.1849931486436
      vertex 316.6041735686284 -0.770513242775789 238.67831374499292
      vertex 316.632869803014 -0.7431448254773942 238.664829099319
    endloop
  endfacet
  facet normal -0.4252943743480982 4.597054870620035e-13 -0.9050550785161419
    outer loop
      vertex 321.9101277598926 -4 236.1849931486436
      vertex 316.632869803014 -0.7431448254773942 238.664829099319
      vertex 316.6605036091215 -0.7144726796328036 238.65184369924964
    endloop
  endfacet
  facet normal -0.4252943743483772 -8.557211692424193e-14 -0.9050550785160109
    outer loop
      vertex 321.9101277598926 -4 236.1849931486436
      vertex 316.6605036091215 -0.7144726796328036 238.65184369924964
      vertex 316.687026507865 -0.6845471059286885 238.63938032558897
    endloop
  endfacet
  facet normal -0.42529437434832246 1.3034978588443228e-14 -0.9050550785160365
    outer loop
      vertex 321.9101277598926 -4 236.1849931486436
      vertex 316.687026507865 -0.6845471059286885 238.63938032558897
      vertex 316.71239196906754 -0.6534206039901056 238.62746084332954
    endloop
  endfacet
  facet normal -0.42529437434836365 -6.466738457048701e-14 -0.9050550785160172
    outer loop
      vertex 321.9101277598926 -4 236.1849931486436
      vertex 316.71239196906754 -0.6534206039901056 238.62746084332954
      vertex 316.7365554930909 -0.6211477802783101 238.61610616329347
    endloop
  endfacet
  facet normal -0.42529437434883405 -3.1388704365054375e-13 -0.9050550785157961
    outer loop
      vertex 321.9101277598926 -4 236.1849931486436
      vertex 320.34587502744137 -0.9735789028731603 236.9200510506017
      vertex 320.3829547317338 -0.9822872507286886 236.90262692911736
    endloop
  endfacet
  facet normal -0.42529437434787354 2.903357083986489e-13 -0.9050550785162474
    outer loop
      vertex 321.9101277598926 -4 236.1849931486436
      vertex 320.3091578927571 -0.9631625667976582 236.9373047970245
      vertex 320.34587502744137 -0.9735789028731603 236.9200510506017
    endloop
  endfacet
  facet normal -0.42529437434849976 -1.1063070786254981e-13 -0.9050550785159532
    outer loop
      vertex 321.9101277598926 -4 236.1849931486436
      vertex 320.2728677420118 -0.9510565162951535 236.95435789945176
      vertex 320.3091578927571 -0.9631625667976582 236.9373047970245
    endloop
  endfacet
  facet normal -0.4252943743479224 2.459361296413964e-13 -0.9050550785162245
    outer loop
      vertex 321.9101277598926 -4 236.1849931486436
      vertex 320.42033195523317 -0.9892723329629883 236.88506300040143
      vertex 320.4579411255887 -0.9945218953682733 236.8673900775531
    endloop
  endfacet
  facet normal -0.4252943743482075 7.477583242998131e-14 -0.9050550785160906
    outer loop
      vertex 321.9101277598926 -4 236.1849931486436
      vertex 320.3829547317338 -0.9822872507286886 236.90262692911736
      vertex 320.42033195523317 -0.9892723329629883 236.88506300040143
    endloop
  endfacet
  facet normal -0.4252943743483721 -2.7847598045865815e-14 -0.9050550785160132
    outer loop
      vertex 321.9101277598926 -4 236.1849931486436
      vertex 320.2370682404612 -0.9372819894918915 236.97118044094714
      vertex 320.2728677420118 -0.9510565162951535 236.95435789945176
    endloop
  endfacet
  facet normal -0.42529437434906014 -5.035394535716922e-13 -0.9050550785156898
    outer loop
      vertex 321.9101277598926 -4 236.1849931486436
      vertex 320.133236712677 -0.8862035792312147 237.01997190756046
      vertex 320.16719143196065 -0.9048270524660196 237.0040162475827
    endloop
  endfacet
  facet normal -0.42529437434835865 -1.956981410665774e-14 -0.9050550785160195
    outer loop
      vertex 321.9101277598926 -4 236.1849931486436
      vertex 320.20182219259596 -0.9218631515885004 236.98774290905646
      vertex 320.2370682404612 -0.9372819894918915 236.97118044094714
    endloop
  endfacet
  facet normal -0.425294374347998 2.2301701606516206e-13 -0.9050550785161889
    outer loop
      vertex 321.9101277598926 -4 236.1849931486436
      vertex 320.16719143196065 -0.9048270524660196 237.0040162475827
      vertex 320.20182219259596 -0.9218631515885004 236.98774290905646
    endloop
  endfacet
  facet normal -0.42529437434771405 4.3116645178226735e-13 -0.9050550785163224
    outer loop
      vertex 321.9101277598926 -4 236.1849931486436
      vertex 320.10001760286053 -0.8660254037844386 237.03558189734025
      vertex 320.133236712677 -0.8862035792312147 237.01997190756046
    endloop
  endfacet
  facet normal -0.4252943743484653 -9.670186963458205e-14 -0.9050550785159693
    outer loop
      vertex 321.9101277598926 -4 236.1849931486436
      vertex 320.06759238011784 -0.844327925502015 237.05081883169575
      vertex 320.10001760286053 -0.8660254037844386 237.03558189734025
    endloop
  endfacet
  facet normal -0.42529437434844536 -7.765850840236851e-14 -0.9050550785159788
    outer loop
      vertex 321.9101277598926 -4 236.1849931486436
      vertex 320.0360179293078 -0.8211492091337039 237.06565597986653
      vertex 320.06759238011784 -0.844327925502015 237.05081883169575
    endloop
  endfacet
  facet normal -0.42529437434786554 3.326505170826723e-13 -0.9050550785162511
    outer loop
      vertex 321.9101277598926 -4 236.1849931486436
      vertex 320.00534964274607 -0.7965299180241964 237.08006731245302
      vertex 320.0360179293078 -0.8211492091337039 237.06565597986653
    endloop
  endfacet
  facet normal -0.4252943743486472 -2.3350469393312433e-13 -0.905055078515884
    outer loop
      vertex 321.9101277598926 -4 236.1849931486436
      vertex 319.9756413230286 -0.7705132427757894 237.09402754708086
      vertex 320.00534964274607 -0.7965299180241964 237.08006731245302
    endloop
  endfacet
  facet normal -0.4252943743486131 -2.02326903494987e-13 -0.9050550785159
    outer loop
      vertex 321.9101277598926 -4 236.1849931486436
      vertex 319.94694508864296 -0.7431448254773942 237.1075121927548
      vertex 319.9756413230286 -0.7705132427757894 237.09402754708086
    endloop
  endfacet
  facet normal -0.42529437434844636 -7.546022630028623e-14 -0.9050550785159782
    outer loop
      vertex 321.9101277598926 -4 236.1849931486436
      vertex 319.8674229225894 -0.6534206039901056 237.1448804487443
      vertex 319.892788383792 -0.6845471059286885 237.13296096648483
    endloop
  endfacet
  facet normal -0.4252943743441825 3.1069829652334642e-12 -0.9050550785179818
    outer loop
      vertex 321.9101277598926 -4 236.1849931486436
      vertex 319.84325939856603 -0.6211477802783104 237.15623512878034
      vertex 319.8674229225894 -0.6534206039901056 237.1448804487443
    endloop
  endfacet
  facet normal -0.4252943743485673 -1.7288056641914033e-13 -0.9050550785159215
    outer loop
      vertex 321.9101277598926 -4 236.1849931486436
      vertex 319.9193112825355 -0.7144726796328034 237.12049759282417
      vertex 319.94694508864296 -0.7431448254773942 237.1075121927548
    endloop
  endfacet
  facet normal -0.4252943743486979 -2.697447027815144e-13 -0.90505507851586
    outer loop
      vertex 321.9101277598926 -4 236.1849931486436
      vertex 319.892788383792 -0.6845471059286885 237.13296096648483
      vertex 319.9193112825355 -0.7144726796328034 237.12049759282417
    endloop
  endfacet
  facet normal -0.42529437434832773 -1.620688440645324e-15 -0.905055078516034
    outer loop
      vertex 321.9101277598926 -4 236.1849931486436
      vertex 320.8322225422254 -0.9510565162951535 236.69151152088037
      vertex 320.8680220437759 -0.9372819894918917 236.67468897938502
    endloop
  endfacet
  facet normal -0.42529437434834955 -9.722682146040904e-15 -0.9050550785160238
    outer loop
      vertex 321.9101277598926 -4 236.1849931486436
      vertex 320.8680220437759 -0.9372819894918917 236.67468897938502
      vertex 320.90326809164117 -0.9218631515885004 236.6581265112757
    endloop
  endfacet
  facet normal -0.42529437434812156 8.038427146397039e-14 -0.905055078516131
    outer loop
      vertex 321.9101277598926 -4 236.1849931486436
      vertex 320.90326809164117 -0.9218631515885004 236.6581265112757
      vertex 320.9378988522765 -0.9048270524660196 236.64185317274945
    endloop
  endfacet
  facet normal -0.4252943743482293 3.874012915566769e-14 -0.9050550785160801
    outer loop
      vertex 321.9101277598926 -4 236.1849931486436
      vertex 320.9378988522765 -0.9048270524660196 236.64185317274945
      vertex 320.97185357156013 -0.8862035792312145 236.62589751277173
    endloop
  endfacet
  facet normal -0.4252943743485295 -7.102735697046824e-14 -0.9050550785159391
    outer loop
      vertex 321.9101277598926 -4 236.1849931486436
      vertex 320.97185357156013 -0.8862035792312145 236.62589751277173
      vertex 321.0050726813766 -0.8660254037844386 236.6102875229919
    endloop
  endfacet
  facet normal -0.425294374348401 -2.5688530673766647e-14 -0.9050550785159995
    outer loop
      vertex 321.9101277598926 -4 236.1849931486436
      vertex 321.0050726813766 -0.8660254037844386 236.6102875229919
      vertex 321.0374979041193 -0.8443279255020153 236.5950505886364
    endloop
  endfacet
  facet normal -0.4252943743485794 -1.3168705288667046e-13 -0.9050550785159156
    outer loop
      vertex 321.9101277598926 -4 236.1849931486436
      vertex 320.5714991855904 -0.9997806834748455 236.81402801680446
      vertex 320.60937402070124 -0.9980267284282716 236.79623025544785
    endloop
  endfacet
  facet normal -0.4252943743482404 4.685083027693906e-14 -0.9050550785160751
    outer loop
      vertex 321.9101277598926 -4 236.1849931486436
      vertex 320.60937402070124 -0.9980267284282716 236.79623025544785
      vertex 320.64714915864846 -0.9945218953682733 236.77847934277906
    endloop
  endfacet
  facet normal -0.4252943743487811 -2.622233974364835e-13 -0.905055078515821
    outer loop
      vertex 321.9101277598926 -4 236.1849931486436
      vertex 320.4579411255887 -0.9945218953682733 236.8673900775531
      vertex 320.4957162635359 -0.9980267284282716 236.8496391648843
    endloop
  endfacet
  facet normal -0.42529437434805367 1.5629842020722937e-13 -0.9050550785161627
    outer loop
      vertex 321.9101277598926 -4 236.1849931486436
      vertex 320.4957162635359 -0.9980267284282716 236.8496391648843
      vertex 320.53359109864675 -0.9997806834748455 236.8318414035277
    endloop
  endfacet
  facet normal -0.42529437434819123 8.03973549637796e-14 -0.9050550785160981
    outer loop
      vertex 321.9101277598926 -4 236.1849931486436
      vertex 320.53359109864675 -0.9997806834748455 236.8318414035277
      vertex 320.5714991855904 -0.9997806834748455 236.81402801680446
    endloop
  endfacet
  facet normal -0.42529437434822415 5.061739746802074e-14 -0.9050550785160828
    outer loop
      vertex 321.9101277598926 -4 236.1849931486436
      vertex 320.684758329004 -0.9892723329629883 236.7608064199307
      vertex 320.7221355525034 -0.9822872507286886 236.74324249121477
    endloop
  endfacet
  facet normal -0.42529437434818307 7.069123487727871e-14 -0.9050550785161019
    outer loop
      vertex 321.9101277598926 -4 236.1849931486436
      vertex 320.7221355525034 -0.9822872507286886 236.74324249121477
      vertex 320.75921525679576 -0.9735789028731603 236.7258183697305
    endloop
  endfacet
  facet normal -0.4252943743485006 -8.564919067167981e-14 -0.9050550785159529
    outer loop
      vertex 321.9101277598926 -4 236.1849931486436
      vertex 320.64714915864846 -0.9945218953682733 236.77847934277906
      vertex 320.684758329004 -0.9892723329629883 236.7608064199307
    endloop
  endfacet
  facet normal -0.42529437434852935 -8.978117609688463e-14 -0.9050550785159392
    outer loop
      vertex 321.9101277598926 -4 236.1849931486436
      vertex 320.75921525679576 -0.9735789028731603 236.7258183697305
      vertex 320.79593239148005 -0.9631625667976581 236.70856462330764
    endloop
  endfacet
  facet normal -0.4252943743484543 -5.605048809162121e-14 -0.9050550785159747
    outer loop
      vertex 321.9101277598926 -4 236.1849931486436
      vertex 320.79593239148005 -0.9631625667976581 236.70856462330764
      vertex 320.8322225422254 -0.9510565162951535 236.69151152088037
    endloop
  endfacet
  facet normal -0.4252943743484905 -4.926685456735688e-14 -0.9050550785159576
    outer loop
      vertex 321.9101277598926 -4 236.1849931486436
      vertex 321.09974064149105 -0.7965299180241964 236.56580210787914
      vertex 321.1294489612086 -0.770513242775789 236.55184187325128
    endloop
  endfacet
  facet normal -0.42529437434838263 -1.9699741228762938e-14 -0.9050550785160082
    outer loop
      vertex 321.9101277598926 -4 236.1849931486436
      vertex 321.0374979041193 -0.8443279255020153 236.5950505886364
      vertex 321.06907235492935 -0.8211492091337039 236.58021344046563
    endloop
  endfacet
  facet normal -0.4252943743481282 6.290915204503614e-14 -0.9050550785161278
    outer loop
      vertex 321.9101277598926 -4 236.1849931486436
      vertex 321.06907235492935 -0.8211492091337039 236.58021344046563
      vertex 321.09974064149105 -0.7965299180241964 236.56580210787914
    endloop
  endfacet
  facet normal -0.42529437434838985 -1.938431744538459e-14 -0.9050550785160049
    outer loop
      vertex 321.9101277598926 -4 236.1849931486436
      vertex 321.1294489612086 -0.770513242775789 236.55184187325128
      vertex 321.15814519559416 -0.7431448254773942 236.53835722757736
    endloop
  endfacet
  facet normal -0.42529437434782413 1.4005742008805144e-13 -0.9050550785162707
    outer loop
      vertex 321.9101277598926 -4 236.1849931486436
      vertex 321.15814519559416 -0.7431448254773942 236.53835722757736
      vertex 321.1857790017017 -0.7144726796328036 236.525371827508
    endloop
  endfacet
  facet normal -0.4252943743484285 -2.2622966073624197e-14 -0.9050550785159867
    outer loop
      vertex 321.9101277598926 -4 236.1849931486436
      vertex 321.1857790017017 -0.7144726796328036 236.525371827508
      vertex 321.2123019004452 -0.6845471059286885 236.51290845384733
    endloop
  endfacet
  facet normal -0.4252943743483171 5.697356186354697e-15 -0.9050550785160391
    outer loop
      vertex 321.9101277598926 -4 236.1849931486436
      vertex 321.2123019004452 -0.6845471059286885 236.51290845384733
      vertex 321.2376673616477 -0.6534206039901056 236.5009889715879
    endloop
  endfacet
  facet normal -0.4252943743484155 -1.8613571677375762e-14 -0.9050550785159928
    outer loop
      vertex 321.9101277598926 -4 236.1849931486436
      vertex 321.2376673616477 -0.6534206039901056 236.5009889715879
      vertex 321.2618308856711 -0.6211477802783101 236.48963429155182
    endloop
  endfacet
  facet normal -0.4252943743480408 -1.525581834338698e-13 -0.9050550785161688
    outer loop
      vertex 313.7646320532483 -4 240.01264251777854
      vertex 315.27343015062985 -0.553391549243344 239.30364329985696
      vertex 315.2950648101736 -0.5877852522924731 239.2934769583676
    endloop
  endfacet
  facet normal -0.4252943743483986 3.9095866447471786e-14 -0.9050550785160008
    outer loop
      vertex 313.7646320532483 -4 240.01264251777854
      vertex 315.25311798189904 -0.51802700937313 239.3131881897726
      vertex 315.27343015062985 -0.553391549243344 239.30364329985696
    endloop
  endfacet
  facet normal -0.42529437434827083 -2.847211748918459e-14 -0.9050550785160608
    outer loop
      vertex 313.7646320532483 -4 240.01264251777854
      vertex 315.2341639384272 -0.4817536741017154 239.32209488313424
      vertex 315.25311798189904 -0.51802700937313 239.3131881897726
    endloop
  endfacet
  facet normal -0.4252943743485439 1.1228254067193879e-13 -0.9050550785159326
    outer loop
      vertex 313.7646320532483 -4 240.01264251777854
      vertex 315.21660127204717 -0.44463517918492756 239.3303477545752
      vertex 315.2341639384272 -0.4817536741017154 239.32209488313424
    endloop
  endfacet
  facet normal -0.4252943743478843 -2.181018312489281e-13 -0.9050550785162423
    outer loop
      vertex 313.7646320532483 -4 240.01264251777854
      vertex 315.2004607936437 -0.4067366430758002 239.3379323257546
      vertex 315.21660127204717 -0.44463517918492756 239.3303477545752
    endloop
  endfacet
  facet normal -0.42529437434856415 1.1512725264333912e-13 -0.9050550785159229
    outer loop
      vertex 313.7646320532483 -4 240.01264251777854
      vertex 315.18577081910047 -0.36812455268467786 239.34483529075735
      vertex 315.2004607936437 -0.4067366430758002 239.3379323257546
    endloop
  endfacet
  facet normal -0.42529437434813533 -9.10108958723733e-14 -0.9050550785161243
    outer loop
      vertex 313.7646320532483 -4 240.01264251777854
      vertex 315.1725571196244 -0.32886664673858307 239.35104453943723
      vertex 315.18577081910047 -0.36812455268467786 239.34483529075735
    endloop
  endfacet
  facet normal -0.425294374348129 -9.43067116778248e-14 -0.9050550785161274
    outer loop
      vertex 313.7646320532483 -4 240.01264251777854
      vertex 315.16084287653456 -0.2890317969444718 239.35654917866208
      vertex 315.1725571196244 -0.32886664673858307 239.35104453943723
    endloop
  endfacet
  facet normal -0.42529437434847983 6.61648848719113e-14 -0.9050550785159626
    outer loop
      vertex 313.7646320532483 -4 240.01264251777854
      vertex 315.15064864059383 -0.24868988716485485 239.36133955142424
      vertex 315.16084287653456 -0.2890317969444718 239.35654917866208
    endloop
  endfacet
  facet normal -0.42529437434838585 2.371123120069673e-14 -0.9050550785160068
    outer loop
      vertex 313.7646320532483 -4 240.01264251777854
      vertex 315.141992295956 -0.20791169081775934 239.3654072537821
      vertex 315.15064864059383 -0.24868988716485485 239.36133955142424
    endloop
  endfacet
  facet normal -0.42529437434822637 -4.4468796719010555e-14 -0.9050550785160817
    outer loop
      vertex 313.7646320532483 -4 240.01264251777854
      vertex 315.13488902879106 -0.16676874671610217 239.36874514960354
      vertex 315.141992295956 -0.20791169081775934 239.3654072537821
    endloop
  endfacet
  facet normal -0.42529437434918377 3.709855484897853e-13 -0.9050550785156317
    outer loop
      vertex 313.7646320532483 -4 240.01264251777854
      vertex 315.1293513006433 -0.12533323356430406 239.37134738308507
      vertex 315.13488902879106 -0.16676874671610217 239.36874514960354
    endloop
  endfacet
  facet normal -0.4252943743482726 -1.948359005828537e-14 -0.9050550785160599
    outer loop
      vertex 313.7646320532483 -4 240.01264251777854
      vertex 315.1253888265697 -0.08367784333231569 239.37320938902482
      vertex 315.1293513006433 -0.12533323356430406 239.37134738308507
    endloop
  endfacet
  facet normal -0.42529437434796374 -1.502563563682167e-13 -0.905055078516205
    outer loop
      vertex 313.7646320532483 -4 240.01264251777854
      vertex 315.1230085580961 -0.04187565372919973 239.37432790083176
      vertex 315.1253888265697 -0.08367784333231569 239.37320938902482
    endloop
  endfacet
  facet normal -0.42529437434857387 1.037870710499217e-13 -0.9050550785159183
    outer loop
      vertex 313.7646320532483 -4 240.01264251777854
      vertex 315.1222146710224 0 239.37470095625605
      vertex 315.1230085580961 -0.04187565372919973 239.37432790083176
    endloop
  endfacet
  facet normal -0.4252943743488376 2.845035217649232e-13 -0.9050550785157945
    outer loop
      vertex 313.7646320532483 -4 240.01264251777854
      vertex 315.2950648101736 -0.5877852522924731 239.2934769583676
      vertex 315.31798400598586 -0.6211477802783104 239.28270700052198
    endloop
  endfacet
  facet normal -0.9050550785160393 0 0.4252943743483167
    outer loop
      vertex 313.7646320532483 -4 240.01264251777854
      vertex 314.1899264275966 -4 240.91769759629457
      vertex 314.1899264275966 4 240.91769759629457
    endloop
  endfacet
  facet normal -0.7730937252241309 0 0.6342918035250623
    outer loop
      vertex 314.1899264275966 -4 240.91769759629457
      vertex 315.08447797614 -4 242.00800364348774
      vertex 314.1899264275966 4 240.91769759629457
    endloop
  endfacet
  facet normal -0.4252943743483462 -2.2163861687753117e-14 -0.9050550785160253
    outer loop
      vertex 321.9101277598926 -4 236.1849931486436
      vertex 316.687026507865 0.6845471059286887 238.63938032558897
      vertex 313.7646320532483 4 240.01264251777854
    endloop
  endfacet
  facet normal -0.42529437434832124 0 -0.9050550785160371
    outer loop
      vertex 313.7646320532483 -4 240.01264251777854
      vertex 313.7646320532483 4 240.01264251777854
      vertex 315.1222146710224 0 239.37470095625605
    endloop
  endfacet
  facet normal -0.42529437434830436 3.857802507176899e-14 -0.9050550785160449
    outer loop
      vertex 321.9101277598926 -4 236.1849931486436
      vertex 316.7365554930909 -0.6211477802783101 238.61610616329347
      vertex 316.7594746889032 -0.5877852522924731 238.60533620544788
    endloop
  endfacet
  facet normal -0.425294374348477 -2.6264163354839647e-13 -0.9050550785159639
    outer loop
      vertex 321.9101277598926 -4 236.1849931486436
      vertex 316.7594746889032 -0.5877852522924731 238.60533620544788
      vertex 316.78110934844693 -0.5533915492433443 238.5951698639585
    endloop
  endfacet
  facet normal -0.42529437434838013 -9.592735970626371e-14 -0.9050550785160094
    outer loop
      vertex 321.9101277598926 -4 236.1849931486436
      vertex 316.78110934844693 -0.5533915492433443 238.5951698639585
      vertex 316.8014215171778 -0.51802700937313 238.58562497404282
    endloop
  endfacet
  facet normal -0.4252943743482841 8.316555722551304e-14 -0.9050550785160544
    outer loop
      vertex 321.9101277598926 -4 236.1849931486436
      vertex 316.8014215171778 -0.51802700937313 238.58562497404282
      vertex 316.8203755606496 -0.4817536741017154 238.5767182806812
    endloop
  endfacet
  facet normal -0.42529437434813444 3.46274784727508e-13 -0.905055078516125
    outer loop
      vertex 321.9101277598926 -4 236.1849931486436
      vertex 316.8203755606496 -0.4817536741017154 238.5767182806812
      vertex 316.8379382270296 -0.4446351791849271 238.56846540924028
    endloop
  endfacet
  facet normal -0.4252943743484248 -1.7390029239595778e-13 -0.9050550785159883
    outer loop
      vertex 321.9101277598926 -4 236.1849931486436
      vertex 316.8379382270296 -0.4446351791849271 238.56846540924028
      vertex 316.8540787054331 -0.4067366430758002 238.56088083806085
    endloop
  endfacet
  facet normal -0.4252943743484509 -2.0743725674340796e-13 -0.9050550785159761
    outer loop
      vertex 321.9101277598926 -4 236.1849931486436
      vertex 316.8540787054331 -0.4067366430758002 238.56088083806085
      vertex 316.86876867997637 -0.36812455268467836 238.55397787305807
    endloop
  endfacet
  facet normal -0.4252943743482269 1.6998613004873923e-13 -0.9050550785160814
    outer loop
      vertex 321.9101277598926 -4 236.1849931486436
      vertex 316.86876867997637 -0.36812455268467836 238.55397787305807
      vertex 316.8819823794524 -0.32886664673858307 238.54776862437822
    endloop
  endfacet
  facet normal -0.42529437434824535 1.3215791314547918e-13 -0.9050550785160727
    outer loop
      vertex 321.9101277598926 -4 236.1849931486436
      vertex 316.8819823794524 -0.32886664673858307 238.54776862437822
      vertex 316.8936966225422 -0.2890317969444718 238.54226398515337
    endloop
  endfacet
  facet normal -0.4252943743484033 -1.2716880219799672e-13 -0.9050550785159983
    outer loop
      vertex 321.9101277598926 -4 236.1849931486436
      vertex 316.8936966225422 -0.2890317969444718 238.54226398515337
      vertex 316.903890858483 -0.24868988716485443 238.53747361239118
    endloop
  endfacet
  facet normal -0.42529437434835027 -2.7178002617069685e-14 -0.9050550785160235
    outer loop
      vertex 321.9101277598926 -4 236.1849931486436
      vertex 316.903890858483 -0.24868988716485443 238.53747361239118
      vertex 316.9125472031208 -0.20791169081775934 238.5334059100333
    endloop
  endfacet
  facet normal -0.42529437434826745 9.678639430459572e-14 -0.9050550785160623
    outer loop
      vertex 321.9101277598926 -4 236.1849931486436
      vertex 316.9125472031208 -0.20791169081775934 238.5334059100333
      vertex 316.9196504702857 -0.16676874671610267 238.5300680142119
    endloop
  endfacet
  facet normal -0.42529437434826334 9.871397479800247e-14 -0.9050550785160643
    outer loop
      vertex 321.9101277598926 -4 236.1849931486436
      vertex 316.9196504702857 -0.16676874671610267 238.5300680142119
      vertex 316.9251881984335 -0.12533323356430406 238.5274657807304
    endloop
  endfacet
  facet normal -0.42529437434833217 -1.4418655541493253e-14 -0.9050550785160321
    outer loop
      vertex 321.9101277598926 -4 236.1849931486436
      vertex 316.9251881984335 -0.12533323356430406 238.5274657807304
      vertex 316.92915067250715 -0.08367784333231569 238.52560377479062
    endloop
  endfacet
  facet normal -0.4252943743485804 -3.8430332282142497e-13 -0.9050550785159153
    outer loop
      vertex 321.9101277598926 -4 236.1849931486436
      vertex 316.92915067250715 -0.08367784333231569 238.52560377479062
      vertex 316.9315309409807 -0.04187565372919923 238.5244852629837
    endloop
  endfacet
  facet normal -0.4252943743480236 4.55817439839299e-13 -0.905055078516177
    outer loop
      vertex 321.9101277598926 -4 236.1849931486436
      vertex 316.9315309409807 -0.04187565372919923 238.5244852629837
      vertex 316.93232482805445 0 238.5241122075594
    endloop
  endfacet
  facet normal -0.42529437434864487 -4.699203063456991e-13 -0.905055078515885
    outer loop
      vertex 321.9101277598926 -4 236.1849931486436
      vertex 316.93232482805445 0 238.5241122075594
      vertex 316.9315309409807 0.04187565372919962 238.5244852629837
    endloop
  endfacet
  facet normal -0.4252943743480488 4.211704593860766e-13 -0.9050550785161652
    outer loop
      vertex 321.9101277598926 -4 236.1849931486436
      vertex 316.9315309409807 0.04187565372919962 238.5244852629837
      vertex 316.92915067250715 0.08367784333231548 238.52560377479062
    endloop
  endfacet
  facet normal -0.42529437434831574 1.6807892546402184e-14 -0.9050550785160396
    outer loop
      vertex 321.9101277598926 -4 236.1849931486436
      vertex 316.92915067250715 0.08367784333231548 238.52560377479062
      vertex 316.9251881984335 0.12533323356430426 238.5274657807304
    endloop
  endfacet
  facet normal -0.4252943743484111 -1.2251912235608506e-13 -0.9050550785159948
    outer loop
      vertex 321.9101277598926 -4 236.1849931486436
      vertex 316.9251881984335 0.12533323356430426 238.5274657807304
      vertex 316.9196504702857 0.16676874671610226 238.5300680142119
    endloop
  endfacet
  facet normal -0.42529437434841344 -1.2808523569783425e-13 -0.9050550785159938
    outer loop
      vertex 321.9101277598926 -4 236.1849931486436
      vertex 316.9196504702857 0.16676874671610226 238.5300680142119
      vertex 316.9125472031208 0.20791169081775934 238.5334059100333
    endloop
  endfacet
  facet normal -0.4252943743481988 1.9254021658070595e-13 -0.9050550785160947
    outer loop
      vertex 321.9101277598926 -4 236.1849931486436
      vertex 316.903890858483 0.2486898871648548 238.53747361239118
      vertex 316.8936966225422 0.2890317969444716 238.54226398515337
    endloop
  endfacet
  facet normal -0.4252943743482981 3.842332069265769e-14 -0.9050550785160479
    outer loop
      vertex 321.9101277598926 -4 236.1849931486436
      vertex 316.9125472031208 0.20791169081775934 238.5334059100333
      vertex 316.903890858483 0.2486898871648548 238.53747361239118
    endloop
  endfacet
  facet normal -0.42529437434848455 -2.1495334674112833e-13 -0.9050550785159603
    outer loop
      vertex 321.9101277598926 -4 236.1849931486436
      vertex 316.8936966225422 0.2890317969444716 238.54226398515337
      vertex 316.8819823794524 0.32886664673858323 238.54776862437822
    endloop
  endfacet
  facet normal -0.42529437434853573 -2.981595918094006e-13 -0.9050550785159364
    outer loop
      vertex 321.9101277598926 -4 236.1849931486436
      vertex 316.8819823794524 0.32886664673858323 238.54776862437822
      vertex 316.86876867997637 0.368124552684678 238.55397787305807
    endloop
  endfacet
  facet normal -0.4252943743480464 3.942563722841565e-13 -0.9050550785161662
    outer loop
      vertex 321.9101277598926 -4 236.1849931486436
      vertex 316.86876867997637 0.368124552684678 238.55397787305807
      vertex 316.8540787054331 0.4067366430758002 238.56088083806085
    endloop
  endfacet
  facet normal -0.4252943743480574 3.6026154706497745e-13 -0.9050550785161611
    outer loop
      vertex 321.9101277598926 -4 236.1849931486436
      vertex 316.8540787054331 0.4067366430758002 238.56088083806085
      vertex 316.8379382270296 0.44463517918492745 238.56846540924028
    endloop
  endfacet
  facet normal -0.4252943743488979 -7.877139483647369e-13 -0.905055078515766
    outer loop
      vertex 321.9101277598926 -4 236.1849931486436
      vertex 316.8379382270296 0.44463517918492745 238.56846540924028
      vertex 316.8203755606496 0.4817536741017153 238.5767182806812
    endloop
  endfacet
  facet normal -0.4252943743484776 -2.096827084255595e-13 -0.9050550785159636
    outer loop
      vertex 321.9101277598926 -4 236.1849931486436
      vertex 316.8203755606496 0.4817536741017153 238.5767182806812
      vertex 316.8014215171778 0.5180270093731302 238.58562497404282
    endloop
  endfacet
  facet normal -0.4252943743481308 2.7127744208256587e-13 -0.9050550785161265
    outer loop
      vertex 321.9101277598926 -4 236.1849931486436
      vertex 316.8014215171778 0.5180270093731302 238.58562497404282
      vertex 316.78110934844693 0.5533915492433441 238.5951698639585
    endloop
  endfacet
  facet normal -0.4252943743477075 8.462141369312225e-13 -0.9050550785163255
    outer loop
      vertex 321.9101277598926 -4 236.1849931486436
      vertex 316.78110934844693 0.5533915492433441 238.5951698639585
      vertex 316.7594746889032 0.5877852522924731 238.60533620544788
    endloop
  endfacet
  facet normal -0.42529437434842965 -1.4464145040906059e-13 -0.9050550785159861
    outer loop
      vertex 321.9101277598926 -4 236.1849931486436
      vertex 316.7594746889032 0.5877852522924731 238.60533620544788
      vertex 316.7365554930909 0.6211477802783103 238.61610616329347
    endloop
  endfacet
  facet normal -0.42529437434810835 2.907099560443557e-13 -0.9050550785161371
    outer loop
      vertex 321.9101277598926 -4 236.1849931486436
      vertex 316.7365554930909 0.6211477802783103 238.61610616329347
      vertex 316.71239196906754 0.6534206039901054 238.62746084332954
    endloop
  endfacet
  facet normal -0.42529437434837236 -7.349292165477175e-14 -0.905055078516013
    outer loop
      vertex 321.9101277598926 -4 236.1849931486436
      vertex 316.71239196906754 0.6534206039901054 238.62746084332954
      vertex 316.687026507865 0.6845471059286887 238.63938032558897
    endloop
  endfacet
  facet normal -0.42529437435612216 -5.826635338945474e-12 -0.9050550785123712
    outer loop
      vertex 321.9101277598926 -4 236.1849931486436
      vertex 319.82034020275375 -0.5877852522924731 237.16700508662595
      vertex 319.84325939856603 -0.6211477802783104 237.15623512878034
    endloop
  endfacet
  facet normal -0.4252943743296485 1.3834059290222318e-11 -0.9050550785248115
    outer loop
      vertex 321.9101277598926 -4 236.1849931486436
      vertex 319.79870554321 -0.553391549243344 237.17717142811532
      vertex 319.82034020275375 -0.5877852522924731 237.16700508662595
    endloop
  endfacet
  facet normal -0.4252943743483194 4.31056942792529e-15 -0.9050550785160378
    outer loop
      vertex 321.9101277598926 -4 236.1849931486436
      vertex 321.2618308856711 -0.6211477802783101 236.48963429155182
      vertex 321.2847500814834 -0.5877852522924731 236.4788643337062
    endloop
  endfacet
  facet normal -0.4252943743486624 -7.272763402777882e-14 -0.9050550785158767
    outer loop
      vertex 321.9101277598926 -4 236.1849931486436
      vertex 321.2847500814834 -0.5877852522924731 236.4788643337062
      vertex 321.3063847410271 -0.5533915492433443 236.46869799221685
    endloop
  endfacet
  facet normal -0.42529437434847106 -3.162065522546612e-14 -0.9050550785159667
    outer loop
      vertex 321.9101277598926 -4 236.1849931486436
      vertex 321.3063847410271 -0.5533915492433443 236.46869799221685
      vertex 321.32669690975797 -0.51802700937313 236.45915310230117
    endloop
  endfacet
  facet normal -0.4252943743486554 -5.820805584898852e-14 -0.9050550785158801
    outer loop
      vertex 321.9101277598926 -4 236.1849931486436
      vertex 321.3632136196098 -0.4446351791849271 236.44199353749863
      vertex 321.37935409801327 -0.4067366430758002 236.4344089663192
    endloop
  endfacet
  facet normal -0.42529437434819506 2.478587380910576e-14 -0.9050550785160962
    outer loop
      vertex 321.9101277598926 -4 236.1849931486436
      vertex 321.32669690975797 -0.51802700937313 236.45915310230117
      vertex 321.3456509532298 -0.4817536741017154 236.45024640893956
    endloop
  endfacet
  facet normal -0.4252943743477347 1.1506328945078405e-13 -0.9050550785163126
    outer loop
      vertex 321.9101277598926 -4 236.1849931486436
      vertex 321.3456509532298 -0.4817536741017154 236.45024640893956
      vertex 321.3632136196098 -0.4446351791849271 236.44199353749863
    endloop
  endfacet
  facet normal -0.4252943743487425 -7.335979972322858e-14 -0.9050550785158391
    outer loop
      vertex 321.9101277598926 -4 236.1849931486436
      vertex 321.37935409801327 -0.4067366430758002 236.4344089663192
      vertex 321.39404407255654 -0.36812455268467836 236.42750600131643
    endloop
  endfacet
  facet normal -0.42529437434796646 6.1097734807341e-14 -0.9050550785162038
    outer loop
      vertex 321.9101277598926 -4 236.1849931486436
      vertex 321.39404407255654 -0.36812455268467836 236.42750600131643
      vertex 321.40725777203255 -0.32886664673858307 236.42129675263658
    endloop
  endfacet
  facet normal -0.42529437434800993 5.339976428999325e-14 -0.9050550785161833
    outer loop
      vertex 321.9101277598926 -4 236.1849931486436
      vertex 321.40725777203255 -0.32886664673858307 236.42129675263658
      vertex 321.4189720151224 -0.2890317969444718 236.41579211341173
    endloop
  endfacet
  facet normal -0.42529437434865325 -5.03324713001852e-14 -0.9050550785158811
    outer loop
      vertex 321.9101277598926 -4 236.1849931486436
      vertex 321.4189720151224 -0.2890317969444718 236.41579211341173
      vertex 321.4291662510632 -0.24868988716485443 236.41100174064954
    endloop
  endfacet
  facet normal -0.4252943743484228 -1.422759389100391e-14 -0.9050550785159893
    outer loop
      vertex 321.9101277598926 -4 236.1849931486436
      vertex 321.4291662510632 -0.24868988716485443 236.41100174064954
      vertex 321.437822595701 -0.20791169081775934 236.40693403829167
    endloop
  endfacet
  facet normal -0.4252943743481482 2.7358734319202847e-14 -0.9050550785161184
    outer loop
      vertex 321.9101277598926 -4 236.1849931486436
      vertex 321.437822595701 -0.20791169081775934 236.40693403829167
      vertex 321.44492586286594 -0.16676874671610267 236.40359614247024
    endloop
  endfacet
  facet normal -0.42529437434785683 7.101345242994453e-14 -0.9050550785162553
    outer loop
      vertex 321.9101277598926 -4 236.1849931486436
      vertex 321.44492586286594 -0.16676874671610267 236.40359614247024
      vertex 321.45046359101366 -0.12533323356430406 236.40099390898877
    endloop
  endfacet
  facet normal -0.42529437434838446 -5.460820333821261e-15 -0.9050550785160073
    outer loop
      vertex 321.9101277598926 -4 236.1849931486436
      vertex 321.45046359101366 -0.12533323356430406 236.40099390898877
      vertex 321.4544260650873 -0.08367784333231569 236.39913190304898
    endloop
  endfacet
  facet normal -0.4252943743502468 -2.6960902722080904e-13 -0.9050550785151322
    outer loop
      vertex 321.9101277598926 -4 236.1849931486436
      vertex 321.4544260650873 -0.08367784333231569 236.39913190304898
      vertex 321.45680633356085 -0.04187565372919923 236.39801339124205
    endloop
  endfacet
  facet normal -0.42529437434544715 4.002142562509143e-13 -0.9050550785173875
    outer loop
      vertex 321.9101277598926 -4 236.1849931486436
      vertex 321.45680633356085 -0.04187565372919923 236.39801339124205
      vertex 321.4576002206346 0 236.39764033581775
    endloop
  endfacet
  facet normal -0.4252943743524122 -5.613493453562502e-13 -0.9050550785141146
    outer loop
      vertex 321.9101277598926 -4 236.1849931486436
      vertex 321.4576002206346 0 236.39764033581775
      vertex 321.45680633356085 0.04187565372919962 236.39801339124205
    endloop
  endfacet
  facet normal -0.42529437434232803 8.199243294292455e-13 -0.9050550785188533
    outer loop
      vertex 321.9101277598926 -4 236.1849931486436
      vertex 321.45680633356085 0.04187565372919962 236.39801339124205
      vertex 321.4544260650873 0.08367784333231548 236.39913190304898
    endloop
  endfacet
  facet normal -0.42529437434785783 6.726341776003216e-14 -0.9050550785162548
    outer loop
      vertex 321.9101277598926 -4 236.1849931486436
      vertex 321.4544260650873 0.08367784333231548 236.39913190304898
      vertex 321.45046359101366 0.12533323356430426 236.40099390898877
    endloop
  endfacet
  facet normal -0.4252943743483266 2.3002157094458663e-15 -0.9050550785160345
    outer loop
      vertex 321.9101277598926 -4 236.1849931486436
      vertex 313.7646320532483 4 240.01264251777854
      vertex 319.79870554321 -0.553391549243344 237.17717142811532
    endloop
  endfacet
  facet normal -0.42529437434834516 0 -0.9050550785160257
    outer loop
      vertex 321.9101277598926 -4 236.1849931486436
      vertex 321.45046359101366 0.12533323356430426 236.40099390898877
      vertex 321.9101277598926 4 236.1849931486436
    endloop
  endfacet
  facet normal 0 -1 0
    outer loop
      vertex 321.9101277598926 -4 236.1849931486436
      vertex 346.58447797614 -4 241.90800364348775
      vertex 315.08447797614 -4 241.90800364348775
    endloop
  endfacet
  facet normal -0.4252943743482318 1.5556972923405286e-13 -0.9050550785160791
    outer loop
      vertex 319.7783933744792 -0.51802700937313 237.18671631803096
      vertex 319.79870554321 -0.553391549243344 237.17717142811532
      vertex 313.7646320532483 4 240.01264251777854
    endloop
  endfacet
  facet normal -0.42529437434839457 -1.0881961058112733e-13 -0.9050550785160026
    outer loop
      vertex 319.7783933744792 -0.51802700937313 237.18671631803096
      vertex 313.7646320532483 4 240.01264251777854
      vertex 319.75943933100734 -0.4817536741017154 237.1956230113926
    endloop
  endfacet
  facet normal -0.4252943743481048 3.640793118453616e-13 -0.9050550785161388
    outer loop
      vertex 319.75943933100734 -0.4817536741017154 237.1956230113926
      vertex 313.7646320532483 4 240.01264251777854
      vertex 319.74187666462734 -0.44463517918492756 237.20387588283356
    endloop
  endfacet
  facet normal -0.4252943743487273 -6.577459137530103e-13 -0.9050550785158463
    outer loop
      vertex 319.74187666462734 -0.44463517918492756 237.20387588283356
      vertex 313.7646320532483 4 240.01264251777854
      vertex 319.72573618622386 -0.4067366430758002 237.21146045401295
    endloop
  endfacet
  facet normal -0.4252943743481394 3.1321477210461427e-13 -0.9050550785161225
    outer loop
      vertex 319.72573618622386 -0.4067366430758002 237.21146045401295
      vertex 313.7646320532483 4 240.01264251777854
      vertex 319.71104621168064 -0.36812455268467786 237.2183634190157
    endloop
  endfacet
  facet normal -0.42529437434849543 -2.785791498538486e-13 -0.9050550785159551
    outer loop
      vertex 319.71104621168064 -0.36812455268467786 237.2183634190157
      vertex 313.7646320532483 4 240.01264251777854
      vertex 319.6978325122046 -0.32886664673858307 237.22457266769555
    endloop
  endfacet
  facet normal -0.4252943743484266 -1.632615563414035e-13 -0.9050550785159877
    outer loop
      vertex 319.6978325122046 -0.32886664673858307 237.22457266769555
      vertex 313.7646320532483 4 240.01264251777854
      vertex 319.68611826911473 -0.2890317969444718 237.23007730692044
    endloop
  endfacet
  facet normal -0.42529437434824846 1.3687351315393187e-13 -0.9050550785160714
    outer loop
      vertex 319.68611826911473 -0.2890317969444718 237.23007730692044
      vertex 313.7646320532483 4 240.01264251777854
      vertex 319.675924033174 -0.24868988716485485 237.2348676796826
    endloop
  endfacet
  facet normal -0.42529437434830253 4.5085289892126593e-14 -0.9050550785160459
    outer loop
      vertex 319.675924033174 -0.24868988716485485 237.2348676796826
      vertex 313.7646320532483 4 240.01264251777854
      vertex 319.6672676885362 -0.20791169081775934 237.23893538204047
    endloop
  endfacet
  facet normal -0.4252943743483725 -7.476993193305616e-14 -0.9050550785160129
    outer loop
      vertex 319.6672676885362 -0.20791169081775934 237.23893538204047
      vertex 313.7646320532483 4 240.01264251777854
      vertex 319.66016442137123 -0.16676874671610217 237.2422732778619
    endloop
  endfacet
  facet normal -0.42529437434800305 5.632726084102711e-13 -0.9050550785161865
    outer loop
      vertex 319.66016442137123 -0.16676874671610217 237.2422732778619
      vertex 313.7646320532483 4 240.01264251777854
      vertex 319.65462669322346 -0.12533323356430406 237.24487551134342
    endloop
  endfacet
  facet normal -0.42529437434834155 -2.678591943379009e-14 -0.9050550785160274
    outer loop
      vertex 319.65462669322346 -0.12533323356430406 237.24487551134342
      vertex 313.7646320532483 4 240.01264251777854
      vertex 319.65066421914986 -0.08367784333231569 237.24673751728318
    endloop
  endfacet
  facet normal -0.4252943743484302 -1.826562231095564e-13 -0.9050550785159859
    outer loop
      vertex 319.65066421914986 -0.08367784333231569 237.24673751728318
      vertex 313.7646320532483 4 240.01264251777854
      vertex 319.6482839506763 -0.04187565372919973 237.24785602909012
    endloop
  endfacet
  facet normal -0.4252943743482645 1.117407927469057e-13 -0.9050550785160637
    outer loop
      vertex 319.6482839506763 -0.04187565372919973 237.24785602909012
      vertex 313.7646320532483 4 240.01264251777854
      vertex 319.64749006360256 0 237.2482290845144
    endloop
  endfacet
  facet normal -0.42529437434838746 -1.0889667210382084e-13 -0.905055078516006
    outer loop
      vertex 319.64749006360256 0 237.2482290845144
      vertex 313.7646320532483 4 240.01264251777854
      vertex 319.6482839506763 0.04187565372919973 237.24785602909012
    endloop
  endfacet
  facet normal -0.42529437434823425 1.6903923947587328e-13 -0.9050550785160779
    outer loop
      vertex 319.6482839506763 0.04187565372919973 237.24785602909012
      vertex 313.7646320532483 4 240.01264251777854
      vertex 319.65066421914986 0.08367784333231569 237.24673751728318
    endloop
  endfacet
  facet normal -0.4252943743483136 2.3528929142279573e-14 -0.9050550785160406
    outer loop
      vertex 319.65066421914986 0.08367784333231569 237.24673751728318
      vertex 313.7646320532483 4 240.01264251777854
      vertex 319.65462669322346 0.12533323356430406 237.24487551134342
    endloop
  endfacet
  facet normal -0.42529437434857914 -4.692880680665891e-13 -0.9050550785159159
    outer loop
      vertex 319.65462669322346 0.12533323356430406 237.24487551134342
      vertex 313.7646320532483 4 240.01264251777854
      vertex 319.66016442137123 0.16676874671610217 237.2422732778619
    endloop
  endfacet
  facet normal -0.4252943743482977 5.9020951119867e-14 -0.905055078516048
    outer loop
      vertex 319.66016442137123 0.16676874671610217 237.2422732778619
      vertex 313.7646320532483 4 240.01264251777854
      vertex 319.6672676885362 0.20791169081775934 237.23893538204047
    endloop
  endfacet
  facet normal -0.42529437434834655 -3.365914350529599e-14 -0.9050550785160252
    outer loop
      vertex 319.6672676885362 0.20791169081775934 237.23893538204047
      vertex 313.7646320532483 4 240.01264251777854
      vertex 319.675924033174 0.24868988716485485 237.2348676796826
    endloop
  endfacet
  facet normal -0.4252943743483792 -9.654521407254358e-14 -0.9050550785160097
    outer loop
      vertex 319.675924033174 0.24868988716485485 237.2348676796826
      vertex 313.7646320532483 4 240.01264251777854
      vertex 319.68611826911473 0.2890317969444718 237.23007730692044
    endloop
  endfacet
  facet normal -0.425294374348274 1.0849249702181939e-13 -0.9050550785160593
    outer loop
      vertex 319.68611826911473 0.2890317969444718 237.23007730692044
      vertex 313.7646320532483 4 240.01264251777854
      vertex 319.6978325122046 0.32886664673858307 237.22457266769555
    endloop
  endfacet
  facet normal -0.4252943743482408 1.739419695697512e-13 -0.9050550785160748
    outer loop
      vertex 319.6978325122046 0.32886664673858307 237.22457266769555
      vertex 313.7646320532483 4 240.01264251777854
      vertex 319.71104621168064 0.36812455268467786 237.2183634190157
    endloop
  endfacet
  facet normal -0.4252943743484195 -1.8312746803340242e-13 -0.905055078515991
    outer loop
      vertex 319.71104621168064 0.36812455268467786 237.2183634190157
      vertex 313.7646320532483 4 240.01264251777854
      vertex 319.72573618622386 0.4067366430758002 237.21146045401295
    endloop
  endfacet
  facet normal -0.4252943743481519 3.5860379019376347e-13 -0.9050550785161166
    outer loop
      vertex 319.72573618622386 0.4067366430758002 237.21146045401295
      vertex 313.7646320532483 4 240.01264251777854
      vertex 319.74187666462734 0.44463517918492756 237.20387588283356
    endloop
  endfacet
  facet normal -0.4252943743484777 -6.616488487191088e-14 -0.9050550785159636
    outer loop
      vertex 315.15064864059383 0.24868988716485485 239.36133955142424
      vertex 313.7646320532483 4 240.01264251777854
      vertex 315.16084287653456 0.2890317969444718 239.35654917866208
    endloop
  endfacet
  facet normal -0.4252943743481274 9.471866975975107e-14 -0.9050550785161282
    outer loop
      vertex 315.16084287653456 0.2890317969444718 239.35654917866208
      vertex 313.7646320532483 4 240.01264251777854
      vertex 315.1725571196244 0.32886664673858307 239.35104453943723
    endloop
  endfacet
  facet normal -0.4252943743481351 9.108653657705417e-14 -0.9050550785161245
    outer loop
      vertex 315.1725571196244 0.32886664673858307 239.35104453943723
      vertex 313.7646320532483 4 240.01264251777854
      vertex 315.18577081910047 0.36812455268467786 239.34483529075735
    endloop
  endfacet
  facet normal -0.4252943743485663 -1.1490964820915951e-13 -0.9050550785159218
    outer loop
      vertex 315.18577081910047 0.36812455268467786 239.34483529075735
      vertex 313.7646320532483 4 240.01264251777854
      vertex 315.2004607936437 0.4067366430758002 239.3379323257546
    endloop
  endfacet
  facet normal -0.4252943743478827 2.1861859404069429e-13 -0.9050550785162431
    outer loop
      vertex 315.2004607936437 0.4067366430758002 239.3379323257546
      vertex 313.7646320532483 4 240.01264251777854
      vertex 315.21660127204717 0.44463517918492756 239.3303477545752
    endloop
  endfacet
  facet normal -0.4252943743485737 -1.0458646428554815e-13 -0.9050550785159185
    outer loop
      vertex 315.1222146710224 0 239.37470095625605
      vertex 313.7646320532483 4 240.01264251777854
      vertex 315.1230085580961 0.04187565372919973 239.37432790083176
    endloop
  endfacet
  facet normal -0.42529437434796513 1.503334291520229e-13 -0.9050550785162044
    outer loop
      vertex 315.1230085580961 0.04187565372919973 239.37432790083176
      vertex 313.7646320532483 4 240.01264251777854
      vertex 315.1253888265697 0.08367784333231569 239.37320938902482
    endloop
  endfacet
  facet normal -0.4252943743482747 1.902150714674688e-14 -0.9050550785160588
    outer loop
      vertex 315.1253888265697 0.08367784333231569 239.37320938902482
      vertex 313.7646320532483 4 240.01264251777854
      vertex 315.1293513006433 0.12533323356430406 239.37134738308507
    endloop
  endfacet
  facet normal -0.42529437434918177 -3.7096542123563126e-13 -0.9050550785156326
    outer loop
      vertex 315.1293513006433 0.12533323356430406 239.37134738308507
      vertex 313.7646320532483 4 240.01264251777854
      vertex 315.13488902879106 0.16676874671610217 239.36874514960354
    endloop
  endfacet
  facet normal -0.4252943743482295 4.461902914035874e-14 -0.9050550785160802
    outer loop
      vertex 315.13488902879106 0.16676874671610217 239.36874514960354
      vertex 313.7646320532483 4 240.01264251777854
      vertex 315.141992295956 0.20791169081775934 239.3654072537821
    endloop
  endfacet
  facet normal -0.4252943743483841 -2.3940580907251058e-14 -0.9050550785160076
    outer loop
      vertex 315.141992295956 0.20791169081775934 239.3654072537821
      vertex 313.7646320532483 4 240.01264251777854
      vertex 315.15064864059383 0.24868988716485485 239.36133955142424
    endloop
  endfacet
  facet normal -0.9050550785160393 0 0.4252943743483167
    outer loop
      vertex 313.7646320532483 -4 240.01264251777854
      vertex 314.1899264275966 4 240.91769759629457
      vertex 313.7646320532483 4 240.01264251777854
    endloop
  endfacet
  facet normal -0.4252943743484163 -1.8415603803108694e-13 -0.9050550785159923
    outer loop
      vertex 319.75943933100734 0.4817536741017154 237.1956230113926
      vertex 319.74187666462734 0.44463517918492756 237.20387588283356
      vertex 313.7646320532483 4 240.01264251777854
    endloop
  endfacet
  facet normal -0.42529437434830347 5.07469432645447e-14 -0.9050550785160453
    outer loop
      vertex 319.75943933100734 0.4817536741017154 237.1956230113926
      vertex 313.7646320532483 4 240.01264251777854
      vertex 319.7783933744792 0.51802700937313 237.18671631803096
    endloop
  endfacet
  facet normal -0.4252943743483591 -6.636845988359799e-14 -0.9050550785160194
    outer loop
      vertex 319.7783933744792 0.51802700937313 237.18671631803096
      vertex 313.7646320532483 4 240.01264251777854
      vertex 319.79870554321 0.553391549243344 237.17717142811532
    endloop
  endfacet
  facet normal -0.4252943743481997 2.741549397259499e-13 -0.9050550785160942
    outer loop
      vertex 319.79870554321 0.553391549243344 237.17717142811532
      vertex 313.7646320532483 4 240.01264251777854
      vertex 319.82034020275375 0.5877852522924731 237.16700508662595
    endloop
  endfacet
  facet normal -0.425294374348564 -5.150653941930763e-13 -0.905055078515923
    outer loop
      vertex 319.82034020275375 0.5877852522924731 237.16700508662595
      vertex 313.7646320532483 4 240.01264251777854
      vertex 319.84325939856603 0.6211477802783104 237.15623512878034
    endloop
  endfacet
  facet normal -0.4252943743481047 4.93600626523081e-13 -0.9050550785161389
    outer loop
      vertex 319.84325939856603 0.6211477802783104 237.15623512878034
      vertex 313.7646320532483 4 240.01264251777854
      vertex 319.8674229225894 0.6534206039901056 237.1448804487443
    endloop
  endfacet
  facet normal -0.4252943743483372 -2.426611521803367e-14 -0.9050550785160294
    outer loop
      vertex 319.8674229225894 0.6534206039901056 237.1448804487443
      vertex 313.7646320532483 4 240.01264251777854
      vertex 319.892788383792 0.6845471059286885 237.13296096648483
    endloop
  endfacet
  facet normal -0.42529437434836626 -8.948265696792104e-14 -0.9050550785160159
    outer loop
      vertex 319.892788383792 0.6845471059286885 237.13296096648483
      vertex 313.7646320532483 4 240.01264251777854
      vertex 319.9193112825355 0.7144726796328034 237.12049759282417
    endloop
  endfacet
  facet normal -0.42529437434854345 -1.1081153142515461e-13 -0.9050550785159327
    outer loop
      vertex 315.21660127204717 0.44463517918492756 239.3303477545752
      vertex 313.7646320532483 4 240.01264251777854
      vertex 315.2341639384272 0.4817536741017154 239.32209488313424
    endloop
  endfacet
  facet normal -0.42529437434826933 2.896933277622e-14 -0.9050550785160615
    outer loop
      vertex 315.2341639384272 0.4817536741017154 239.32209488313424
      vertex 313.7646320532483 4 240.01264251777854
      vertex 315.25311798189904 0.51802700937313 239.3131881897726
    endloop
  endfacet
  facet normal -0.4252943743483986 -3.856135264838535e-14 -0.9050550785160006
    outer loop
      vertex 315.25311798189904 0.51802700937313 239.3131881897726
      vertex 313.7646320532483 4 240.01264251777854
      vertex 315.27343015062985 0.553391549243344 239.30364329985696
    endloop
  endfacet
  facet normal -0.42529437434804124 1.524712769166141e-13 -0.9050550785161686
    outer loop
      vertex 315.27343015062985 0.553391549243344 239.30364329985696
      vertex 313.7646320532483 4 240.01264251777854
      vertex 315.2950648101736 0.5877852522924731 239.2934769583676
    endloop
  endfacet
  facet normal -0.4252943743488391 -2.84382063635755e-13 -0.9050550785157937
    outer loop
      vertex 315.2950648101736 0.5877852522924731 239.2934769583676
      vertex 313.7646320532483 4 240.01264251777854
      vertex 315.31798400598586 0.6211477802783104 239.28270700052198
    endloop
  endfacet
  facet normal -0.4252943743478567 2.669758267867909e-13 -0.9050550785162553
    outer loop
      vertex 315.31798400598586 0.6211477802783104 239.28270700052198
      vertex 313.7646320532483 4 240.01264251777854
      vertex 315.34214753000924 0.6534206039901056 239.27135232048593
    endloop
  endfacet
  facet normal -0.4252943743483467 -1.4974885505883677e-14 -0.9050550785160251
    outer loop
      vertex 315.34214753000924 0.6534206039901056 239.27135232048593
      vertex 313.7646320532483 4 240.01264251777854
      vertex 315.3675129912118 0.6845471059286885 239.25943283822647
    endloop
  endfacet
  facet normal -0.4252943743483729 -3.049871748049097e-14 -0.9050550785160126
    outer loop
      vertex 315.3675129912118 0.6845471059286885 239.25943283822647
      vertex 313.7646320532483 4 240.01264251777854
      vertex 315.39403588995526 0.7144726796328034 239.24696946456584
    endloop
  endfacet
  facet normal -0.425294374348418 -5.777249074100017e-14 -0.9050550785159917
    outer loop
      vertex 315.4216696960628 0.7431448254773942 239.23398406449644
      vertex 315.39403588995526 0.7144726796328034 239.24696946456584
      vertex 313.7646320532483 4 240.01264251777854
    endloop
  endfacet
  facet normal -0.4252943743484084 -5.1825042588811025e-14 -0.9050550785159961
    outer loop
      vertex 315.4216696960628 0.7431448254773942 239.23398406449644
      vertex 313.7646320532483 4 240.01264251777854
      vertex 315.4503659304484 0.7705132427757894 239.2204994188225
    endloop
  endfacet
  facet normal -0.42529437434843376 -6.792199732393051e-14 -0.9050550785159843
    outer loop
      vertex 315.4503659304484 0.7705132427757894 239.2204994188225
      vertex 313.7646320532483 4 240.01264251777854
      vertex 315.4800742501659 0.7965299180241963 239.20653918419467
    endloop
  endfacet
  facet normal -0.4252943743481595 1.113380902743462e-13 -0.9050550785161131
    outer loop
      vertex 315.4800742501659 0.7965299180241963 239.20653918419467
      vertex 313.7646320532483 4 240.01264251777854
      vertex 315.5107425367276 0.821149209133704 239.19212785160818
    endloop
  endfacet
  facet normal -0.42529437434837436 -3.272848040034303e-14 -0.9050550785160122
    outer loop
      vertex 315.5107425367276 0.821149209133704 239.19212785160818
      vertex 313.7646320532483 4 240.01264251777854
      vertex 315.5423169875377 0.844327925502015 239.1772907034374
    endloop
  endfacet
  facet normal -0.42529437434839074 -4.403801127567886e-14 -0.9050550785160044
    outer loop
      vertex 315.5423169875377 0.844327925502015 239.1772907034374
      vertex 313.7646320532483 4 240.01264251777854
      vertex 315.57474221028036 0.8660254037844386 239.1620537690819
    endloop
  endfacet
  facet normal -0.4252943743410725 7.804003565361603e-12 -0.9050550785194433
    outer loop
      vertex 316.632869803014 0.7431448254773942 238.664829099319
      vertex 313.7646320532483 4 240.01264251777854
      vertex 316.6605036091215 0.7144726796328034 238.65184369924964
    endloop
  endfacet
  facet normal -0.42529437437086365 -2.425403254255926e-11 -0.9050550785054442
    outer loop
      vertex 316.687026507865 0.6845471059286887 238.63938032558897
      vertex 316.6605036091215 0.7144726796328034 238.65184369924964
      vertex 313.7646320532483 4 240.01264251777854
    endloop
  endfacet
  facet normal -0.4252943743487942 -4.987006004594238e-13 -0.9050550785158148
    outer loop
      vertex 316.632869803014 0.7431448254773942 238.664829099319
      vertex 316.6041735686284 0.7705132427757891 238.67831374499292
      vertex 313.7646320532483 4 240.01264251777854
    endloop
  endfacet
  facet normal -0.4252943743491791 -9.11823159626826e-13 -0.9050550785156338
    outer loop
      vertex 316.6041735686284 0.7705132427757891 238.67831374499292
      vertex 316.5744652489109 0.7965299180241963 238.69227397962078
      vertex 313.7646320532483 4 240.01264251777854
    endloop
  endfacet
  facet normal -0.42529437434850814 -1.8987148786540108e-13 -0.9050550785159492
    outer loop
      vertex 316.5122225115391 0.8443279255020151 238.72152246037805
      vertex 313.7646320532483 4 240.01264251777854
      vertex 316.5437969623492 0.821149209133704 238.70668531220727
    endloop
  endfacet
  facet normal -0.4252943743475117 8.734566199608276e-13 -0.9050550785164173
    outer loop
      vertex 316.5744652489109 0.7965299180241963 238.69227397962078
      vertex 316.5437969623492 0.821149209133704 238.70668531220727
      vertex 313.7646320532483 4 240.01264251777854
    endloop
  endfacet
  facet normal -0.4252943743485341 -2.1733750175623006e-13 -0.905055078515937
    outer loop
      vertex 316.5122225115391 0.8443279255020151 238.72152246037805
      vertex 316.4797972887964 0.8660254037844386 238.73675939473355
      vertex 313.7646320532483 4 240.01264251777854
    endloop
  endfacet
  facet normal -0.4252943743485034 -1.2347370773764853e-13 -0.9050550785159515
    outer loop
      vertex 315.6079613200968 0.8862035792312147 239.14644377930207
      vertex 315.57474221028036 0.8660254037844386 239.1620537690819
      vertex 313.7646320532483 4 240.01264251777854
    endloop
  endfacet
  facet normal -0.4252943743482419 6.557759030625772e-14 -0.9050550785160744
    outer loop
      vertex 315.6079613200968 0.8862035792312147 239.14644377930207
      vertex 313.7646320532483 4 240.01264251777854
      vertex 315.6419160393805 0.9048270524660195 239.13048811932435
    endloop
  endfacet
  facet normal -0.4252943743481446 1.3760966070403992e-13 -0.9050550785161201
    outer loop
      vertex 315.6419160393805 0.9048270524660195 239.13048811932435
      vertex 313.7646320532483 4 240.01264251777854
      vertex 315.6765468000158 0.9218631515885005 239.1142147807981
    endloop
  endfacet
  facet normal -0.42529437434834627 -1.5339290102116854e-14 -0.9050550785160254
    outer loop
      vertex 315.6765468000158 0.9218631515885005 239.1142147807981
      vertex 313.7646320532483 4 240.01264251777854
      vertex 315.71179284788104 0.9372819894918915 239.09765231268878
    endloop
  endfacet
  facet normal -0.4252943743483561 -2.300986083561446e-14 -0.9050550785160207
    outer loop
      vertex 315.71179284788104 0.9372819894918915 239.09765231268878
      vertex 313.7646320532483 4 240.01264251777854
      vertex 315.7475923494316 0.9510565162951535 239.0808297711934
    endloop
  endfacet
  facet normal -0.4252943743484439 -9.276535798685817e-14 -0.9050550785159794
    outer loop
      vertex 315.78388250017696 0.9631625667976582 239.06377666876614
      vertex 315.7475923494316 0.9510565162951535 239.0808297711934
      vertex 313.7646320532483 4 240.01264251777854
    endloop
  endfacet
  facet normal -0.42529437434871076 -3.217191395284127e-13 -0.9050550785158541
    outer loop
      vertex 315.8205996348612 0.9735789028731603 239.04652292234334
      vertex 313.7646320532483 4 240.01264251777854
      vertex 315.8576793391536 0.9822872507286887 239.029098800859
    endloop
  endfacet
  facet normal -0.42529437434823064 8.472753245119037e-14 -0.9050550785160796
    outer loop
      vertex 315.8576793391536 0.9822872507286887 239.029098800859
      vertex 313.7646320532483 4 240.01264251777854
      vertex 315.895056562653 0.9892723329629883 239.01153487214307
    endloop
  endfacet
  facet normal -0.425294374348004 2.643528256144186e-13 -0.9050550785161862
    outer loop
      vertex 315.78388250017696 0.9631625667976582 239.06377666876614
      vertex 313.7646320532483 4 240.01264251777854
      vertex 315.8205996348612 0.9735789028731603 239.04652292234334
    endloop
  endfacet
  facet normal -0.42529437434803785 2.6179439300452887e-13 -0.9050550785161702
    outer loop
      vertex 315.9704408709557 0.9980267284282716 238.97611103662595
      vertex 313.7646320532483 4 240.01264251777854
      vertex 316.0083157060665 0.9997806834748455 238.95831327526938
    endloop
  endfacet
  facet normal -0.4252943743485937 -2.5141862792017694e-13 -0.9050550785159089
    outer loop
      vertex 316.04622379301026 0.9997806834748455 238.9404998885461
      vertex 313.7646320532483 4 240.01264251777854
      vertex 316.08409862812107 0.9980267284282716 238.9227021271895
    endloop
  endfacet
  facet normal -0.4252943743482239 9.193790935061121e-14 -0.9050550785160829
    outer loop
      vertex 316.04622379301026 0.9997806834748455 238.9404998885461
      vertex 316.0083157060665 0.9997806834748455 238.95831327526938
      vertex 313.7646320532483 4 240.01264251777854
    endloop
  endfacet
  facet normal -0.425294374348493 -1.4194125657394094e-13 -0.9050550785159562
    outer loop
      vertex 315.895056562653 0.9892723329629883 239.01153487214307
      vertex 313.7646320532483 4 240.01264251777854
      vertex 315.93266573300855 0.9945218953682733 238.9938619492947
    endloop
  endfacet
  facet normal -0.42529437434821243 1.0524614211193257e-13 -0.9050550785160882
    outer loop
      vertex 315.93266573300855 0.9945218953682733 238.9938619492947
      vertex 313.7646320532483 4 240.01264251777854
      vertex 315.9704408709557 0.9980267284282716 238.97611103662595
    endloop
  endfacet
  facet normal -0.4252943743481109 2.2573238568989885e-13 -0.9050550785161359
    outer loop
      vertex 316.44657817897996 0.8862035792312147 238.75236938451337
      vertex 316.4126234596963 0.9048270524660195 238.7683250444911
      vertex 313.7646320532483 4 240.01264251777854
    endloop
  endfacet
  facet normal -0.4252943743483644 -3.5453539923463027e-14 -0.9050550785160169
    outer loop
      vertex 316.377992699061 0.9218631515885005 238.78459838301734
      vertex 316.34274665119574 0.9372819894918915 238.80116085112667
      vertex 313.7646320532483 4 240.01264251777854
    endloop
  endfacet
  facet normal -0.42529437434852296 -1.9649524700264065e-13 -0.9050550785159424
    outer loop
      vertex 316.3069471496452 0.9510565162951535 238.817983392622
      vertex 316.2706569988999 0.9631625667976582 238.83503649504928
      vertex 313.7646320532483 4 240.01264251777854
    endloop
  endfacet
  facet normal -0.42529437434832695 3.0497563778474766e-15 -0.9050550785160344
    outer loop
      vertex 316.3069471496452 0.9510565162951535 238.817983392622
      vertex 313.7646320532483 4 240.01264251777854
      vertex 316.34274665119574 0.9372819894918915 238.80116085112667
    endloop
  endfacet
  facet normal -0.42529437434791617 4.2914786244494596e-13 -0.9050550785162274
    outer loop
      vertex 316.377992699061 0.9218631515885005 238.78459838301734
      vertex 313.7646320532483 4 240.01264251777854
      vertex 316.4126234596963 0.9048270524660195 238.7683250444911
    endloop
  endfacet
  facet normal -0.42529437434861916 -2.934123536288585e-13 -0.9050550785158971
    outer loop
      vertex 316.2339398642156 0.9735789028731603 238.85229024147213
      vertex 313.7646320532483 4 240.01264251777854
      vertex 316.2706569988999 0.9631625667976582 238.83503649504928
    endloop
  endfacet
  facet normal -0.42529437434882733 -5.276612384768595e-13 -0.9050550785157992
    outer loop
      vertex 316.44657817897996 0.8862035792312147 238.75236938451337
      vertex 313.7646320532483 4 240.01264251777854
      vertex 316.4797972887964 0.8660254037844386 238.73675939473355
    endloop
  endfacet
  facet normal -0.425294374348231 9.073760792088522e-14 -0.9050550785160795
    outer loop
      vertex 316.08409862812107 0.9980267284282716 238.9227021271895
      vertex 313.7646320532483 4 240.01264251777854
      vertex 316.1218737660683 0.9945218953682733 238.9049512145207
    endloop
  endfacet
  facet normal -0.425294374348494 -1.610900309794091e-13 -0.9050550785159559
    outer loop
      vertex 316.1594829364238 0.9892723329629883 238.88727829167237
      vertex 316.1218737660683 0.9945218953682733 238.9049512145207
      vertex 313.7646320532483 4 240.01264251777854
    endloop
  endfacet
  facet normal -0.42529437434813344 1.903784778390739e-13 -0.9050550785161252
    outer loop
      vertex 316.19686015992323 0.9822872507286887 238.86971436295642
      vertex 313.7646320532483 4 240.01264251777854
      vertex 316.2339398642156 0.9735789028731603 238.85229024147213
    endloop
  endfacet
  facet normal -0.4252943743482383 8.724846784613367e-14 -0.9050550785160759
    outer loop
      vertex 316.1594829364238 0.9892723329629883 238.88727829167237
      vertex 313.7646320532483 4 240.01264251777854
      vertex 316.19686015992323 0.9822872507286887 238.86971436295642
    endloop
  endfacet
  facet normal -0.4252943743478559 -7.086809192415208e-14 -0.9050550785162557
    outer loop
      vertex 321.45046359101366 0.12533323356430426 236.40099390898877
      vertex 321.44492586286594 0.16676874671610226 236.40359614247024
      vertex 321.9101277598926 4 236.1849931486436
    endloop
  endfacet
  facet normal -0.4252943743481483 -2.7536498372638118e-14 -0.9050550785161183
    outer loop
      vertex 321.44492586286594 0.16676874671610226 236.40359614247024
      vertex 321.437822595701 0.20791169081775934 236.40693403829167
      vertex 321.9101277598926 4 236.1849931486436
    endloop
  endfacet
  facet normal -0.4252943743480121 -5.332504447055766e-14 -0.9050550785161823
    outer loop
      vertex 321.4189720151224 0.2890317969444716 236.41579211341173
      vertex 321.40725777203255 0.32886664673858323 236.42129675263658
      vertex 321.9101277598926 4 236.1849931486436
    endloop
  endfacet
  facet normal -0.42529437434842216 1.4088181556796482e-14 -0.9050550785159897
    outer loop
      vertex 321.437822595701 0.20791169081775934 236.40693403829167
      vertex 321.4291662510632 0.2486898871648548 236.41100174064954
      vertex 321.9101277598926 4 236.1849931486436
    endloop
  endfacet
  facet normal -0.4252943743486534 5.0312044160858994e-14 -0.905055078515881
    outer loop
      vertex 321.4291662510632 0.2486898871648548 236.41100174064954
      vertex 321.4189720151224 0.2890317969444716 236.41579211341173
      vertex 321.9101277598926 4 236.1849931486436
    endloop
  endfacet
  facet normal -0.42529437434796596 -6.102872381170035e-14 -0.905055078516204
    outer loop
      vertex 321.40725777203255 0.32886664673858323 236.42129675263658
      vertex 321.39404407255654 0.368124552684678 236.42750600131643
      vertex 321.9101277598926 4 236.1849931486436
    endloop
  endfacet
  facet normal -0.4252943743487418 7.354191371202724e-14 -0.9050550785158394
    outer loop
      vertex 321.39404407255654 0.368124552684678 236.42750600131643
      vertex 321.37935409801327 0.4067366430758002 236.4344089663192
      vertex 321.9101277598926 4 236.1849931486436
    endloop
  endfacet
  facet normal -0.425294374348656 5.807740931479705e-14 -0.9050550785158797
    outer loop
      vertex 321.37935409801327 0.4067366430758002 236.4344089663192
      vertex 321.3632136196098 0.44463517918492745 236.44199353749863
      vertex 321.9101277598926 4 236.1849931486436
    endloop
  endfacet
  facet normal -0.42529437434835904 -7.307898688301959e-14 -0.9050550785160193
    outer loop
      vertex 319.94694508864296 0.7431448254773942 237.1075121927548
      vertex 319.9193112825355 0.7144726796328034 237.12049759282417
      vertex 313.7646320532483 4 240.01264251777854
    endloop
  endfacet
  facet normal -0.42529437434837075 -1.0008550807928891e-13 -0.9050550785160139
    outer loop
      vertex 319.94694508864296 0.7431448254773942 237.1075121927548
      vertex 313.7646320532483 4 240.01264251777854
      vertex 319.9756413230286 0.7705132427757894 237.09402754708086
    endloop
  endfacet
  facet normal -0.4252943743483856 -1.349986426862867e-13 -0.9050550785160068
    outer loop
      vertex 319.9756413230286 0.7705132427757894 237.09402754708086
      vertex 313.7646320532483 4 240.01264251777854
      vertex 320.00534964274607 0.7965299180241963 237.08006731245302
    endloop
  endfacet
  facet normal -0.4252943743478665 -3.3430153986966503e-13 -0.9050550785162508
    outer loop
      vertex 320.00534964274607 0.7965299180241963 237.08006731245302
      vertex 321.9101277598926 4 236.1849931486436
      vertex 320.0360179293078 0.821149209133704 237.06565597986653
    endloop
  endfacet
  facet normal -0.42529437434844214 8.00853367899425e-14 -0.9050550785159802
    outer loop
      vertex 320.0360179293078 0.821149209133704 237.06565597986653
      vertex 321.9101277598926 4 236.1849931486436
      vertex 320.06759238011784 0.844327925502015 237.05081883169575
    endloop
  endfacet
  facet normal -0.42529437434846945 9.952234083225797e-14 -0.9050550785159674
    outer loop
      vertex 320.06759238011784 0.844327925502015 237.05081883169575
      vertex 321.9101277598926 4 236.1849931486436
      vertex 320.10001760286053 0.8660254037844386 237.03558189734025
    endloop
  endfacet
  facet normal -0.42529437434849976 1.1149501026772596e-13 -0.9050550785159532
    outer loop
      vertex 320.2728677420118 0.9510565162951535 236.95435789945176
      vertex 321.9101277598926 4 236.1849931486436
      vertex 320.3091578927571 0.9631625667976582 236.9373047970245
    endloop
  endfacet
  facet normal -0.42529437434771566 -4.3200276602063796e-13 -0.9050550785163217
    outer loop
      vertex 320.133236712677 0.8862035792312147 237.01997190756046
      vertex 320.10001760286053 0.8660254037844386 237.03558189734025
      vertex 321.9101277598926 4 236.1849931486436
    endloop
  endfacet
  facet normal -0.4252943743490594 5.041446692610793e-13 -0.9050550785156902
    outer loop
      vertex 320.133236712677 0.8862035792312147 237.01997190756046
      vertex 321.9101277598926 4 236.1849931486436
      vertex 320.16719143196065 0.9048270524660195 237.0040162475827
    endloop
  endfacet
  facet normal -0.4252943743479984 -2.2528608454256913e-13 -0.9050550785161888
    outer loop
      vertex 320.16719143196065 0.9048270524660195 237.0040162475827
      vertex 321.9101277598926 4 236.1849931486436
      vertex 320.20182219259596 0.9218631515885005 236.98774290905646
    endloop
  endfacet
  facet normal -0.4252943743483585 1.8690701363585143e-14 -0.9050550785160196
    outer loop
      vertex 320.20182219259596 0.9218631515885005 236.98774290905646
      vertex 321.9101277598926 4 236.1849931486436
      vertex 320.2370682404612 0.9372819894918915 236.97118044094714
    endloop
  endfacet
  facet normal -0.42529437434837203 2.7775078259288093e-14 -0.9050550785160132
    outer loop
      vertex 320.2370682404612 0.9372819894918915 236.97118044094714
      vertex 321.9101277598926 4 236.1849931486436
      vertex 320.2728677420118 0.9510565162951535 236.95435789945176
    endloop
  endfacet
  facet normal -0.425294374348833 3.138551963449749e-13 -0.9050550785157966
    outer loop
      vertex 320.34587502744137 0.9735789028731603 236.9200510506017
      vertex 321.9101277598926 4 236.1849931486436
      vertex 320.3829547317338 0.9822872507286887 236.90262692911736
    endloop
  endfacet
  facet normal -0.42529437434787504 -2.905675001366513e-13 -0.9050550785162468
    outer loop
      vertex 320.3091578927571 0.9631625667976582 236.9373047970245
      vertex 321.9101277598926 4 236.1849931486436
      vertex 320.34587502744137 0.9735789028731603 236.9200510506017
    endloop
  endfacet
  facet normal -0.42529437434820655 -7.311551378227617e-14 -0.905055078516091
    outer loop
      vertex 320.3829547317338 0.9822872507286887 236.90262692911736
      vertex 321.9101277598926 4 236.1849931486436
      vertex 320.42033195523317 0.9892723329629883 236.88506300040143
    endloop
  endfacet
  facet normal -0.42529437434792094 -2.456680306628626e-13 -0.9050550785162251
    outer loop
      vertex 320.42033195523317 0.9892723329629883 236.88506300040143
      vertex 321.9101277598926 4 236.1849931486436
      vertex 320.4579411255887 0.9945218953682733 236.8673900775531
    endloop
  endfacet
  facet normal -0.4252943743483174 -5.712193051423313e-15 -0.9050550785160388
    outer loop
      vertex 321.2376673616477 0.6534206039901054 236.5009889715879
      vertex 321.2123019004452 0.6845471059286887 236.51290845384733
      vertex 321.9101277598926 4 236.1849931486436
    endloop
  endfacet
  facet normal -0.42529437434842793 2.2695105633808014e-14 -0.9050550785159869
    outer loop
      vertex 321.2123019004452 0.6845471059286887 236.51290845384733
      vertex 321.1857790017017 0.7144726796328034 236.525371827508
      vertex 321.9101277598926 4 236.1849931486436
    endloop
  endfacet
  facet normal -0.4252943743478236 -1.3997298032513633e-13 -0.905055078516271
    outer loop
      vertex 321.1857790017017 0.7144726796328034 236.525371827508
      vertex 321.15814519559416 0.7431448254773942 236.53835722757736
      vertex 321.9101277598926 4 236.1849931486436
    endloop
  endfacet
  facet normal -0.4252943743484007 2.57921134587414e-14 -0.9050550785159996
    outer loop
      vertex 321.0374979041193 0.8443279255020151 236.5950505886364
      vertex 321.0050726813766 0.8660254037844386 236.6102875229919
      vertex 321.9101277598926 4 236.1849931486436
    endloop
  endfacet
  facet normal -0.42529437434848977 4.91723183880883e-14 -0.9050550785159578
    outer loop
      vertex 321.1294489612086 0.7705132427757891 236.55184187325128
      vertex 321.09974064149105 0.7965299180241963 236.56580210787914
      vertex 321.9101277598926 4 236.1849931486436
    endloop
  endfacet
  facet normal -0.4252943743483894 1.952199015451377e-14 -0.9050550785160051
    outer loop
      vertex 321.15814519559416 0.7431448254773942 236.53835722757736
      vertex 321.1294489612086 0.7705132427757891 236.55184187325128
      vertex 321.9101277598926 4 236.1849931486436
    endloop
  endfacet
  facet normal -0.4252943743481276 -6.273647067329069e-14 -0.9050550785161281
    outer loop
      vertex 321.06907235492935 0.821149209133704 236.58021344046563
      vertex 321.9101277598926 4 236.1849931486436
      vertex 321.09974064149105 0.7965299180241963 236.56580210787914
    endloop
  endfacet
  facet normal -0.4252943743483823 1.954256244236329e-14 -0.9050550785160085
    outer loop
      vertex 321.06907235492935 0.821149209133704 236.58021344046563
      vertex 321.0374979041193 0.8443279255020151 236.5950505886364
      vertex 321.9101277598926 4 236.1849931486436
    endloop
  endfacet
  facet normal -0.4252943743477346 -1.1496841536647454e-13 -0.9050550785163127
    outer loop
      vertex 321.3632136196098 0.44463517918492745 236.44199353749863
      vertex 321.3456509532298 0.4817536741017153 236.45024640893956
      vertex 321.9101277598926 4 236.1849931486436
    endloop
  endfacet
  facet normal -0.42529437434847095 3.1663618072240006e-14 -0.9050550785159667
    outer loop
      vertex 321.32669690975797 0.5180270093731302 236.45915310230117
      vertex 321.3063847410271 0.5533915492433441 236.46869799221685
      vertex 321.9101277598926 4 236.1849931486436
    endloop
  endfacet
  facet normal -0.4252943743481956 -2.465077638645439e-14 -0.9050550785160961
    outer loop
      vertex 321.3456509532298 0.4817536741017153 236.45024640893956
      vertex 321.32669690975797 0.5180270093731302 236.45915310230117
      vertex 321.9101277598926 4 236.1849931486436
    endloop
  endfacet
  facet normal -0.42529437434866324 7.278527594786439e-14 -0.9050550785158764
    outer loop
      vertex 321.3063847410271 0.5533915492433441 236.46869799221685
      vertex 321.2847500814834 0.5877852522924731 236.4788643337062
      vertex 321.9101277598926 4 236.1849931486436
    endloop
  endfacet
  facet normal -0.42529437434831924 -4.207559496743234e-15 -0.9050550785160382
    outer loop
      vertex 321.2847500814834 0.5877852522924731 236.4788643337062
      vertex 321.2618308856711 0.6211477802783103 236.48963429155182
      vertex 321.9101277598926 4 236.1849931486436
    endloop
  endfacet
  facet normal -0.4252943743484163 1.8552342823173933e-14 -0.9050550785159923
    outer loop
      vertex 321.2618308856711 0.6211477802783103 236.48963429155182
      vertex 321.2376673616477 0.6534206039901054 236.5009889715879
      vertex 321.9101277598926 4 236.1849931486436
    endloop
  endfacet
  facet normal -0.4252943743485295 7.116848791820603e-14 -0.9050550785159392
    outer loop
      vertex 321.0050726813766 0.8660254037844386 236.6102875229919
      vertex 320.97185357156013 0.8862035792312147 236.62589751277173
      vertex 321.9101277598926 4 236.1849931486436
    endloop
  endfacet
  facet normal -0.42529437434822986 -3.9045972280580924e-14 -0.90505507851608
    outer loop
      vertex 320.9378988522765 0.9048270524660195 236.64185317274945
      vertex 321.9101277598926 4 236.1849931486436
      vertex 320.97185357156013 0.8862035792312147 236.62589751277173
    endloop
  endfacet
  facet normal -0.42529437434834816 9.925238024083427e-15 -0.9050550785160244
    outer loop
      vertex 320.90326809164117 0.9218631515885005 236.6581265112757
      vertex 320.8680220437759 0.9372819894918915 236.67468897938502
      vertex 321.9101277598926 4 236.1849931486436
    endloop
  endfacet
  facet normal -0.42529437434812156 -8.058726204847529e-14 -0.9050550785161308
    outer loop
      vertex 320.9378988522765 0.9048270524660195 236.64185317274945
      vertex 320.90326809164117 0.9218631515885005 236.6581265112757
      vertex 321.9101277598926 4 236.1849931486436
    endloop
  endfacet
  facet normal -0.4252943743483275 1.3168093580243254e-15 -0.9050550785160342
    outer loop
      vertex 320.8680220437759 0.9372819894918915 236.67468897938502
      vertex 320.8322225422254 0.9510565162951535 236.69151152088037
      vertex 321.9101277598926 4 236.1849931486436
    endloop
  endfacet
  facet normal -0.4252943743484541 5.594894735232465e-14 -0.9050550785159747
    outer loop
      vertex 320.8322225422254 0.9510565162951535 236.69151152088037
      vertex 320.79593239148005 0.9631625667976582 236.70856462330764
      vertex 321.9101277598926 4 236.1849931486436
    endloop
  endfacet
  facet normal -0.4252943743485792 1.317412005235479e-13 -0.9050550785159158
    outer loop
      vertex 320.5714991855904 0.9997806834748455 236.81402801680446
      vertex 321.9101277598926 4 236.1849931486436
      vertex 320.60937402070124 0.9980267284282716 236.79623025544785
    endloop
  endfacet
  facet normal -0.42529437434824147 -4.693068964672926e-14 -0.9050550785160746
    outer loop
      vertex 320.64714915864846 0.9945218953682733 236.77847934277906
      vertex 320.60937402070124 0.9980267284282716 236.79623025544785
      vertex 321.9101277598926 4 236.1849931486436
    endloop
  endfacet
  facet normal -0.4252943743487821 2.6231026472803756e-13 -0.9050550785158205
    outer loop
      vertex 320.4957162635359 0.9980267284282716 236.8496391648843
      vertex 320.4579411255887 0.9945218953682733 236.8673900775531
      vertex 321.9101277598926 4 236.1849931486436
    endloop
  endfacet
  facet normal -0.4252943743480555 -1.556208258999735e-13 -0.905055078516162
    outer loop
      vertex 320.4957162635359 0.9980267284282716 236.8496391648843
      vertex 321.9101277598926 4 236.1849931486436
      vertex 320.53359109864675 0.9997806834748455 236.8318414035277
    endloop
  endfacet
  facet normal -0.4252943743481904 -8.003843820054839e-14 -0.9050550785160985
    outer loop
      vertex 320.53359109864675 0.9997806834748455 236.8318414035277
      vertex 321.9101277598926 4 236.1849931486436
      vertex 320.5714991855904 0.9997806834748455 236.81402801680446
    endloop
  endfacet
  facet normal -0.42529437434818373 -7.079398376518185e-14 -0.9050550785161017
    outer loop
      vertex 320.7221355525034 0.9822872507286887 236.74324249121477
      vertex 321.9101277598926 4 236.1849931486436
      vertex 320.75921525679576 0.9735789028731603 236.7258183697305
    endloop
  endfacet
  facet normal -0.4252943743482255 -5.0721121643160225e-14 -0.9050550785160819
    outer loop
      vertex 320.684758329004 0.9892723329629883 236.7608064199307
      vertex 321.9101277598926 4 236.1849931486436
      vertex 320.7221355525034 0.9822872507286887 236.74324249121477
    endloop
  endfacet
  facet normal -0.4252943743484995 8.543926618473948e-14 -0.9050550785159532
    outer loop
      vertex 320.684758329004 0.9892723329629883 236.7608064199307
      vertex 320.64714915864846 0.9945218953682733 236.77847934277906
      vertex 321.9101277598926 4 236.1849931486436
    endloop
  endfacet
  facet normal -0.42529437434853 9.001073024031401e-14 -0.9050550785159388
    outer loop
      vertex 320.75921525679576 0.9735789028731603 236.7258183697305
      vertex 321.9101277598926 4 236.1849931486436
      vertex 320.79593239148005 0.9631625667976582 236.70856462330764
    endloop
  endfacet
  facet normal -0.7730937252241308 0 0.6342918035250622
    outer loop
      vertex 315.08447797614 -4 242.00800364348774
      vertex 315.08447797614 5 242.00800364348774
      vertex 314.1899264275966 4 240.91769759629457
    endloop
  endfacet
  facet normal -0.8553269424821089 0.326911006662452 0.40192662910928084
    outer loop
      vertex 313.7646320532483 4 240.01264251777854
      vertex 314.1899264275966 4 240.91769759629457
      vertex 315.08447797614 5 242.00800364348774
    endloop
  endfacet
  facet normal -0.6039024736386037 0.7970582176561355 0
    outer loop
      vertex 313.7646320532483 4 240.01264251777854
      vertex 315.08447797614 5 242.00800364348774
      vertex 315.08447797614 5 241.90800364348775
    endloop
  endfacet
  facet normal -0.17103011662646883 0.9155758789368384 -0.36396360960372426
    outer loop
      vertex 313.7646320532483 4 240.01264251777854
      vertex 315.08447797614 5 241.90800364348775
      vertex 321.9101277598926 4 236.1849931486436
    endloop
  endfacet
  facet normal -0.42529437434832834 1.047408157648675e-15 -0.9050550785160337
    outer loop
      vertex 320.00534964274607 0.7965299180241963 237.08006731245302
      vertex 313.7646320532483 4 240.01264251777854
      vertex 321.9101277598926 4 236.1849931486436
    endloop
  endfacet
  facet normal 0.22594375887713988 0 -0.9741403481144126
    outer loop
      vertex 321.9101277598926 -4 236.1849931486436
      vertex 321.9101277598926 4 236.1849931486436
      vertex 346.58447797614 5 241.90800364348775
    endloop
  endfacet
  facet normal 0 0.9850750587888607 -0.17212532803780697
    outer loop
      vertex 321.9101277598926 4 236.1849931486436
      vertex 315.08447797614 5 241.90800364348775
      vertex 346.58447797614 5 241.90800364348775
    endloop
  endfacet
  facet normal 0.22594375887713983 0 -0.9741403481144125
    outer loop
      vertex 321.9101277598926 -4 236.1849931486436
      vertex 346.58447797614 5 241.90800364348775
      vertex 346.58447797614 -4 241.90800364348775
    endloop
  endfacet
  facet normal 1 0 0
    outer loop
      vertex 346.58447797614 -4 241.90800364348775
      vertex 346.58447797614 5 241.90800364348775
      vertex 346.58447797614 -4 242.00800364348774
    endloop
  endfacet
  facet normal 1 0 0
    outer loop
      vertex 346.58447797614 -4 242.00800364348774
      vertex 346.58447797614 5 241.90800364348775
      vertex 346.58447797614 5 242.00800364348774
    endloop
  endfacet
  facet normal -1 0 0
    outer loop
      vertex 315.08447797614 -4 242.00800364348774
      vertex 315.08447797614 -3.385988169725107 243.20386783546945
      vertex 315.08447797614 -3.37832909034046 243
    endloop
  endfacet
  facet normal -1 0 0
    outer loop
      vertex 315.08447797614 -4 242.00800364348774
      vertex 315.08447797614 -3.387820669657842 243.25275028726804
      vertex 315.08447797614 -3.385988169725107 243.20386783546945
    endloop
  endfacet
  facet normal -1 0 0
    outer loop
      vertex 315.08447797614 -4 242.00800364348774
      vertex 315.08447797614 -3.400728682284561 243.59797717088506
      vertex 315.08447797614 -3.387820669657842 243.25275028726804
    endloop
  endfacet
  facet normal -1 0 0
    outer loop
      vertex 315.08447797614 -4 242.00800364348774
      vertex 315.08447797614 -3.452150531771742 244.9770995787271
      vertex 315.08447797614 -3.400728682284561 243.59797717088506
    endloop
  endfacet
  facet normal -1 0 0
    outer loop
      vertex 315.08447797614 -4 242.00800364348774
      vertex 315.08447797614 -3.472235027150813 245.51585789925576
      vertex 315.08447797614 -3.452150531771742 244.9770995787271
    endloop
  endfacet
  facet normal -1 0 0
    outer loop
      vertex 315.08447797614 -4 242.00800364348774
      vertex 315.08447797614 -3.5027872093828063 246.3367373914744
      vertex 315.08447797614 -3.472235027150813 245.51585789925576
    endloop
  endfacet
  facet normal -1 0 0
    outer loop
      vertex 315.08447797614 -4 242.00800364348774
      vertex 315.08447797614 -3.5081993422056374 246.482699186688
      vertex 315.08447797614 -3.5027872093828063 246.3367373914744
    endloop
  endfacet
  facet normal -1 0 0
    outer loop
      vertex 315.08447797614 -4 242.00800364348774
      vertex 315.08447797614 -3.513640915757461 246.62959357374325
      vertex 315.08447797614 -3.5081993422056374 246.482699186688
    endloop
  endfacet
  facet normal -1 0 0
    outer loop
      vertex 315.08447797614 -4 242.00800364348774
      vertex 315.08447797614 -3.552722084557979 247.6872235860861
      vertex 315.08447797614 -3.513640915757461 246.62959357374325
    endloop
  endfacet
  facet normal -1 0 0
    outer loop
      vertex 315.08447797614 -4 242.00800364348774
      vertex 315.08447797614 -3.6076387419457268 249.1759243591452
      vertex 315.08447797614 -3.552722084557979 247.6872235860861
    endloop
  endfacet
  facet normal -1 0 0
    outer loop
      vertex 315.08447797614 -4 242.00800364348774
      vertex 315.08447797614 -3.6141711294515244 249.35314439564922
      vertex 315.08447797614 -3.6076387419457268 249.1759243591452
    endloop
  endfacet
  facet normal -1 0 0
    outer loop
      vertex 315.08447797614 -4 242.00800364348774
      vertex 315.08447797614 -3.627791296764613 249.72365210887452
      vertex 315.08447797614 -3.6141711294515244 249.35314439564922
    endloop
  endfacet
  facet normal -1 0 0
    outer loop
      vertex 315.08447797614 -4 242.00800364348774
      vertex 315.08447797614 -3.37832909034046 243
      vertex 315.08447797614 4.081811701429645 243
    endloop
  endfacet
  facet normal -1 0 0
    outer loop
      vertex 315.08447797614 -4 242.00800364348774
      vertex 315.08447797614 -3.6281520799446807 249.73348028688966
      vertex 315.08447797614 -3.627791296764613 249.72365210887452
    endloop
  endfacet
  facet normal -1 0 0
    outer loop
      vertex 315.08447797614 -4 242.00800364348774
      vertex 315.08447797614 -3.6295787271607547 249.77244335361868
      vertex 315.08447797614 -3.6281520799446807 249.73348028688966
    endloop
  endfacet
  facet normal -1 0 0
    outer loop
      vertex 315.08447797614 -4 242.00800364348774
      vertex 315.08447797614 -3.6342451641747227 249.9
      vertex 315.08447797614 -3.6295787271607547 249.77244335361868
    endloop
  endfacet
  facet normal -1 0 0
    outer loop
      vertex 315.08447797614 -4 242.00800364348774
      vertex 315.08447797614 -4 257.90800364348775
      vertex 315.08447797614 -3.6342451641747227 249.9
    endloop
  endfacet
  facet normal -1 0 0
    outer loop
      vertex 315.08447797614 -4 257.90800364348775
      vertex 315.08447797614 -3.689706612962408 251.41593246669947
      vertex 315.08447797614 -3.6342451641747227 249.9
    endloop
  endfacet
  facet normal -1 0 0
    outer loop
      vertex 315.08447797614 -4 257.90800364348775
      vertex 315.08447797614 -3.6929580296198705 251.50504666921685
      vertex 315.08447797614 -3.689706612962408 251.41593246669947
    endloop
  endfacet
  facet normal -1 0 0
    outer loop
      vertex 315.08447797614 -4 257.90800364348775
      vertex 315.08447797614 -3.745691437123454 252.95539495149526
      vertex 315.08447797614 -3.6929580296198705 251.50504666921685
    endloop
  endfacet
  facet normal -1 0 0
    outer loop
      vertex 315.08447797614 -4 257.90800364348775
      vertex 315.08447797614 -3.7713909137684665 253.66321532228096
      vertex 315.08447797614 -3.745691437123454 252.95539495149526
    endloop
  endfacet
  facet normal -1 0 0
    outer loop
      vertex 315.08447797614 -4 257.90800364348775
      vertex 315.08447797614 -3.7965189151979035 254.35739632259072
      vertex 315.08447797614 -3.7928394068407463 254.25526555301303
    endloop
  endfacet
  facet normal -1 0 0
    outer loop
      vertex 315.08447797614 -4 257.90800364348775
      vertex 315.08447797614 -3.7928394068407463 254.25526555301303
      vertex 315.08447797614 -3.7713909137684665 253.66321532228096
    endloop
  endfacet
  facet normal -1 0 0
    outer loop
      vertex 315.08447797614 -4 257.90800364348775
      vertex 315.08447797614 -3.854165692774814 255.9578869084089
      vertex 315.08447797614 -3.7965189151979035 254.35739632259072
    endloop
  endfacet
  facet normal -1 0 0
    outer loop
      vertex 315.08447797614 -4 257.90800364348775
      vertex 315.08447797614 -3.881203915192521 256.711
      vertex 315.08447797614 -3.854165692774814 255.9578869084089
    endloop
  endfacet
  facet normal -1 0 0
    outer loop
      vertex 315.08447797614 -4 257.90800364348775
      vertex 315.08447797614 -3.9077159629902765 257.4485052278754
      vertex 315.08447797614 -3.881203915192521 256.711
    endloop
  endfacet
  facet normal -1 0 0
    outer loop
      vertex 315.08447797614 -4 257.90800364348775
      vertex 315.08447797614 -3.916657914770715 257.6986488030103
      vertex 315.08447797614 -3.9077159629902765 257.4485052278754
    endloop
  endfacet
  facet normal -1 0 0
    outer loop
      vertex 315.08447797614 -4 257.90800364348775
      vertex 315.08447797614 -3.924139838355514 257.90800364348775
      vertex 315.08447797614 -3.916657914770715 257.6986488030103
    endloop
  endfacet
  facet normal 0 0 1
    outer loop
      vertex 315.08447797614 -4 257.90800364348775
      vertex 315.31805059363387 -3.909981127719775 257.90800364348775
      vertex 315.08447797614 -3.924139838355514 257.90800364348775
    endloop
  endfacet
  facet normal 0 0 1
    outer loop
      vertex 315.08447797614 -4 257.90800364348775
      vertex 315.575669880373 -3.8943626135886142 257.90800364348775
      vertex 315.31805059363387 -3.909981127719775 257.90800364348775
    endloop
  endfacet
  facet normal 0 0 1
    outer loop
      vertex 315.08447797614 -4 257.90800364348775
      vertex 316.72893563321753 -3.824227476350323 257.90800364348775
      vertex 315.575669880373 -3.8943626135886142 257.90800364348775
    endloop
  endfacet
  facet normal 0 -1 0
    outer loop
      vertex 315.08447797614 -4 241.90800364348775
      vertex 346.58447797614 -4 257.90800364348775
      vertex 315.08447797614 -4 242.00800364348774
    endloop
  endfacet
  facet normal 0 -1 0
    outer loop
      vertex 315.08447797614 -4 242.00800364348774
      vertex 346.58447797614 -4 257.90800364348775
      vertex 315.08447797614 -4 257.90800364348775
    endloop
  endfacet
  facet normal 0 0 1
    outer loop
      vertex 315.08447797614 -4 257.90800364348775
      vertex 346.58447797614 -4 257.90800364348775
      vertex 316.72893563321753 -3.824227476350323 257.90800364348775
    endloop
  endfacet
  facet normal 0 0 1
    outer loop
      vertex 346.58447797614 -4 257.90800364348775
      vertex 316.9693702761105 -3.809583039331491 257.90800364348775
      vertex 316.72893563321753 -3.824227476350323 257.90800364348775
    endloop
  endfacet
  facet normal 0 0 1
    outer loop
      vertex 346.58447797614 -4 257.90800364348775
      vertex 318.6107762266737 -3.709528354267237 257.90800364348775
      vertex 316.9693702761105 -3.809583039331491 257.90800364348775
    endloop
  endfacet
  facet normal 0 0 1
    outer loop
      vertex 346.58447797614 -4 257.90800364348775
      vertex 318.66498627446396 -3.7062148633916543 257.90800364348775
      vertex 318.6107762266737 -3.709528354267237 257.90800364348775
    endloop
  endfacet
  facet normal 0 0 1
    outer loop
      vertex 346.58447797614 -4 257.90800364348775
      vertex 319.7764333673147 -3.6381422156645193 257.90800364348775
      vertex 318.66498627446396 -3.7062148633916543 257.90800364348775
    endloop
  endfacet
  facet normal 0 0 1
    outer loop
      vertex 346.58447797614 -4 257.90800364348775
      vertex 320.01227263842617 -3.623686675603716 257.90800364348775
      vertex 319.7764333673147 -3.6381422156645193 257.90800364348775
    endloop
  endfacet
  facet normal 0 0 1
    outer loop
      vertex 346.58447797614 -4 257.90800364348775
      vertex 320.34987365749754 -3.60296071580611 257.90800364348775
      vertex 320.01227263842617 -3.623686675603716 257.90800364348775
    endloop
  endfacet
  facet normal 0 0 1
    outer loop
      vertex 346.58447797614 -4 257.90800364348775
      vertex 320.6004681486068 -3.587558708838737 257.90800364348775
      vertex 320.34987365749754 -3.60296071580611 257.90800364348775
    endloop
  endfacet
  facet normal 0 0 1
    outer loop
      vertex 346.58447797614 -4 257.90800364348775
      vertex 321.6906723112696 -3.520366455648469 257.90800364348775
      vertex 320.6004681486068 -3.587558708838737 257.90800364348775
    endloop
  endfacet
  facet normal 0 0 1
    outer loop
      vertex 346.58447797614 -4 257.90800364348775
      vertex 321.9691420916879 -3.503183546391621 257.90800364348775
      vertex 321.6906723112696 -3.520366455648469 257.90800364348775
    endloop
  endfacet
  facet normal -1 0 0
    outer loop
      vertex 315.08447797614 -4 242.00800364348774
      vertex 315.08447797614 4.081811701429645 243
      vertex 315.08447797614 5 242.00800364348774
    endloop
  endfacet
  facet normal -1 0 0
    outer loop
      vertex 315.08447797614 5 242.00800364348774
      vertex 315.08447797614 4.081811701429645 243
      vertex 315.08447797614 4.294592533119253 245.6418006851035
    endloop
  endfacet
  facet normal -1 0 0
    outer loop
      vertex 315.08447797614 5 242.00800364348774
      vertex 315.08447797614 4.294592533119253 245.6418006851035
      vertex 315.08447797614 4.295481295992896 245.6532096718857
    endloop
  endfacet
  facet normal -1 0 0
    outer loop
      vertex 315.08447797614 5 242.00800364348774
      vertex 315.08447797614 4.295481295992896 245.6532096718857
      vertex 315.08447797614 4.619615567753974 249.9
    endloop
  endfacet
  facet normal 0 1 0
    outer loop
      vertex 315.08447797614 5 241.90800364348775
      vertex 315.08447797614 5 242.00800364348774
      vertex 346.58447797614 5 241.90800364348775
    endloop
  endfacet
  facet normal 0 1 0
    outer loop
      vertex 315.08447797614 5 242.00800364348774
      vertex 315.08447797614 5 254.73076088523825
      vertex 346.58447797614 5 241.90800364348775
    endloop
  endfacet
  facet normal -1 0 0
    outer loop
      vertex 315.08447797614 5 242.00800364348774
      vertex 315.08447797614 4.619615567753974 249.9
      vertex 315.08447797614 4.854723004809888 252.82334499599637
    endloop
  endfacet
  facet normal -1 0 0
    outer loop
      vertex 315.08447797614 5 242.00800364348774
      vertex 315.08447797614 4.854723004809888 252.82334499599637
      vertex 315.08447797614 4.855700594138473 252.8359187265564
    endloop
  endfacet
  facet normal -1 0 0
    outer loop
      vertex 315.08447797614 5 242.00800364348774
      vertex 315.08447797614 4.855700594138473 252.8359187265564
      vertex 315.08447797614 5 254.73076088523825
    endloop
  endfacet
  facet normal 0 1 0
    outer loop
      vertex 346.58447797614 5 241.90800364348775
      vertex 315.08447797614 5 254.73076088523825
      vertex 316.10098973979404 5 256.711
    endloop
  endfacet
  facet normal 0 1 0
    outer loop
      vertex 346.58447797614 5 241.90800364348775
      vertex 316.10098973979404 5 256.711
      vertex 316.7488128226833 5 257.90800364348775
    endloop
  endfacet
  facet normal 0 -1 0
    outer loop
      vertex 315.08447797614 -4 241.90800364348775
      vertex 346.58447797614 -4 241.90800364348775
      vertex 346.58447797614 -4 242.00800364348774
    endloop
  endfacet
  facet normal 1 0 0
    outer loop
      vertex 346.58447797614 -4 242.00800364348774
      vertex 346.58447797614 -0.9251437746017092 243
      vertex 346.58447797614 -0.9662490971185231 243.46724467217868
    endloop
  endfacet
  facet normal 1 0 0
    outer loop
      vertex 346.58447797614 -4 242.00800364348774
      vertex 346.58447797614 -0.5697065471298093 243
      vertex 346.58447797614 -0.9251437746017092 243
    endloop
  endfacet
  facet normal 1 0 0
    outer loop
      vertex 346.58447797614 -4 242.00800364348774
      vertex 346.58447797614 -1.0350326019816405 244.2689444302424
      vertex 346.58447797614 -1.0786641468239002 244.8024865439979
    endloop
  endfacet
  facet normal 1 0 0
    outer loop
      vertex 346.58447797614 -4 242.00800364348774
      vertex 346.58447797614 -1.0786641468239002 244.8024865439979
      vertex 346.58447797614 -1.0940831002482436 244.99151547611473
    endloop
  endfacet
  facet normal 1 0 0
    outer loop
      vertex 346.58447797614 -4 242.00800364348774
      vertex 346.58447797614 -1.0940831002482436 244.99151547611473
      vertex 346.58447797614 -1.0981090320287057 245.04260245651471
    endloop
  endfacet
  facet normal 1 0 0
    outer loop
      vertex 346.58447797614 -4 242.00800364348774
      vertex 346.58447797614 -1.0981090320287057 245.04260245651471
      vertex 346.58447797614 -1.099800648879575 245.06412007440298
    endloop
  endfacet
  facet normal 1 0 0
    outer loop
      vertex 346.58447797614 -4 242.00800364348774
      vertex 346.58447797614 -1.099800648879575 245.06412007440298
      vertex 346.58447797614 -1.1375436071332774 245.56093431877176
    endloop
  endfacet
  facet normal 1 0 0
    outer loop
      vertex 346.58447797614 -4 242.00800364348774
      vertex 346.58447797614 -0.9662490971185231 243.46724467217868
      vertex 346.58447797614 -0.9699836959632188 243.50977022000905
    endloop
  endfacet
  facet normal 1 0 0
    outer loop
      vertex 346.58447797614 -4 242.00800364348774
      vertex 346.58447797614 -0.9699836959632188 243.50977022000905
      vertex 346.58447797614 -0.9737116560793057 243.55259223980292
    endloop
  endfacet
  facet normal 1 0 0
    outer loop
      vertex 346.58447797614 -4 242.00800364348774
      vertex 346.58447797614 -0.9737116560793057 243.55259223980292
      vertex 346.58447797614 -0.9740398638309977 243.5563705035268
    endloop
  endfacet
  facet normal 1 0 0
    outer loop
      vertex 346.58447797614 -4 242.00800364348774
      vertex 346.58447797614 -0.9740398638309977 243.5563705035268
      vertex 346.58447797614 -1.0210846056966154 244.10494397741505
    endloop
  endfacet
  facet normal 1 0 0
    outer loop
      vertex 346.58447797614 -4 242.00800364348774
      vertex 346.58447797614 -1.0210846056966154 244.10494397741505
      vertex 346.58447797614 -1.0300788945701789 244.2100762552637
    endloop
  endfacet
  facet normal 1 0 0
    outer loop
      vertex 346.58447797614 -4 242.00800364348774
      vertex 346.58447797614 -1.03412777167433 244.25817187017222
      vertex 346.58447797614 -1.0350326019816405 244.2689444302424
    endloop
  endfacet
  facet normal 1 0 0
    outer loop
      vertex 346.58447797614 -4 242.00800364348774
      vertex 346.58447797614 -1.0300788945701789 244.2100762552637
      vertex 346.58447797614 -1.03412777167433 244.25817187017222
    endloop
  endfacet
  facet normal 1 0 0
    outer loop
      vertex 346.58447797614 -4 242.00800364348774
      vertex 346.58447797614 -1.1597681667757707 245.85428681270625
      vertex 346.58447797614 -1.1634769374181009 245.904478565716
    endloop
  endfacet
  facet normal 1 0 0
    outer loop
      vertex 346.58447797614 -4 242.00800364348774
      vertex 346.58447797614 -1.1634769374181009 245.904478565716
      vertex 346.58447797614 -1.1661668635150593 245.9409759524238
    endloop
  endfacet
  facet normal 1 0 0
    outer loop
      vertex 346.58447797614 -4 242.00800364348774
      vertex 346.58447797614 -1.1375436071332774 245.56093431877176
      vertex 346.58447797614 -1.1597681667757707 245.85428681270625
    endloop
  endfacet
  facet normal 1 0 0
    outer loop
      vertex 346.58447797614 -4 242.00800364348774
      vertex 346.58447797614 -1.1661668635150593 245.9409759524238
      vertex 346.58447797614 -1.1978269821551781 246.37823273274495
    endloop
  endfacet
  facet normal 1 0 0
    outer loop
      vertex 346.58447797614 -4 242.00800364348774
      vertex 346.58447797614 -1.1978269821551781 246.37823273274495
      vertex 346.58447797614 -1.2280952165034058 246.79748810396393
    endloop
  endfacet
  facet normal 1 0 0
    outer loop
      vertex 346.58447797614 -4 242.00800364348774
      vertex 346.58447797614 -1.2312861876305607 246.8424724117821
      vertex 346.58447797614 -1.2352837900993887 246.89897981846295
    endloop
  endfacet
  facet normal 1 0 0
    outer loop
      vertex 346.58447797614 -4 242.00800364348774
      vertex 346.58447797614 -1.2280952165034058 246.79748810396393
      vertex 346.58447797614 -1.2312861876305607 246.8424724117821
    endloop
  endfacet
  facet normal 1 0 0
    outer loop
      vertex 346.58447797614 -4 242.00800364348774
      vertex 346.58447797614 -1.2352837900993887 246.89897981846295
      vertex 346.58447797614 -1.2598065900813684 247.2527710398984
    endloop
  endfacet
  facet normal 1 0 0
    outer loop
      vertex 346.58447797614 -4 242.00800364348774
      vertex 346.58447797614 -1.2598065900813684 247.2527710398984
      vertex 346.58447797614 -1.299042143111958 247.82056583168398
    endloop
  endfacet
  facet normal 1 0 0
    outer loop
      vertex 346.58447797614 -4 242.00800364348774
      vertex 346.58447797614 -1.299042143111958 247.82056583168398
      vertex 346.58447797614 -1.30139234354548 247.8553706120137
    endloop
  endfacet
  facet normal 1 0 0
    outer loop
      vertex 346.58447797614 -4 242.00800364348774
      vertex 346.58447797614 -1.30139234354548 247.8553706120137
      vertex 346.58447797614 -1.3069523176381563 247.93794312260525
    endloop
  endfacet
  facet normal 1 0 0
    outer loop
      vertex 346.58447797614 -4 242.00800364348774
      vertex 346.58447797614 -1.3069523176381563 247.93794312260525
      vertex 346.58447797614 -1.3230938580266498 248.18335283941403
    endloop
  endfacet
  facet normal 1 0 0
    outer loop
      vertex 346.58447797614 -4 242.00800364348774
      vertex 346.58447797614 -1.3716053582718835 248.92331379433597
      vertex 346.58447797614 -1.3727976010080352 248.94188553978086
    endloop
  endfacet
  facet normal 1 0 0
    outer loop
      vertex 346.58447797614 -4 242.00800364348774
      vertex 346.58447797614 -1.3727976010080352 248.94188553978086
      vertex 346.58447797614 -1.3801599274060559 249.05691207000135
    endloop
  endfacet
  facet normal 1 0 0
    outer loop
      vertex 346.58447797614 -4 242.00800364348774
      vertex 346.58447797614 -1.3230938580266498 248.18335283941403
      vertex 346.58447797614 -1.3716053582718835 248.92331379433597
    endloop
  endfacet
  facet normal 1 0 0
    outer loop
      vertex 346.58447797614 -4 242.00800364348774
      vertex 346.58447797614 -1.3801599274060559 249.05691207000135
      vertex 346.58447797614 -1.387123774996656 249.16818047132207
    endloop
  endfacet
  facet normal 1 0 0
    outer loop
      vertex 346.58447797614 -4 242.00800364348774
      vertex 346.58447797614 -1.387123774996656 249.16818047132207
      vertex 346.58447797614 -1.432767441400898 249.9
    endloop
  endfacet
  facet normal 1 0 0
    outer loop
      vertex 346.58447797614 -4 242.00800364348774
      vertex 346.58447797614 5 242.00800364348774
      vertex 346.58447797614 -0.5697065471298093 243
    endloop
  endfacet
  facet normal 0 -1 0
    outer loop
      vertex 315.08447797614 -4 241.90800364348775
      vertex 346.58447797614 -4 242.00800364348774
      vertex 346.58447797614 -4 257.90800364348775
    endloop
  endfacet
  facet normal 0 0 1
    outer loop
      vertex 346.58447797614 -4 257.90800364348775
      vertex 323.52975592045505 -3.4068459645758056 257.90800364348775
      vertex 321.9691420916879 -3.503183546391621 257.90800364348775
    endloop
  endfacet
  facet normal 0 0 1
    outer loop
      vertex 346.58447797614 -4 257.90800364348775
      vertex 323.751699746512 -3.3930943139065097 257.90800364348775
      vertex 323.52975592045505 -3.4068459645758056 257.90800364348775
    endloop
  endfacet
  facet normal 0 0 1
    outer loop
      vertex 346.58447797614 -4 257.90800364348775
      vertex 325.0389700264187 -3.313227614857047 257.90800364348775
      vertex 323.751699746512 -3.3930943139065097 257.90800364348775
    endloop
  endfacet
  facet normal 0 0 1
    outer loop
      vertex 346.58447797614 -4 257.90800364348775
      vertex 326.0649401462358 -3.2493109468723462 257.90800364348775
      vertex 325.0389700264187 -3.313227614857047 257.90800364348775
    endloop
  endfacet
  facet normal 0 0 1
    outer loop
      vertex 346.58447797614 -4 257.90800364348775
      vertex 326.1158935995104 -3.2461364949900107 257.90800364348775
      vertex 326.0649401462358 -3.2493109468723462 257.90800364348775
    endloop
  endfacet
  facet normal 0 0 1
    outer loop
      vertex 346.58447797614 -4 257.90800364348775
      vertex 326.3514339040483 -3.2313823123423955 257.90800364348775
      vertex 326.1158935995104 -3.2461364949900107 257.90800364348775
    endloop
  endfacet
  facet normal 0 0 1
    outer loop
      vertex 346.58447797614 -4 257.90800364348775
      vertex 326.5686741733482 -3.2177611095760135 257.90800364348775
      vertex 326.3514339040483 -3.2313823123423955 257.90800364348775
    endloop
  endfacet
  facet normal 0 0 1
    outer loop
      vertex 346.58447797614 -4 257.90800364348775
      vertex 326.8310782411241 -3.20123946170943 257.90800364348775
      vertex 326.5686741733482 -3.2177611095760135 257.90800364348775
    endloop
  endfacet
  facet normal 0 0 1
    outer loop
      vertex 346.58447797614 -4 257.90800364348775
      vertex 327.8353052580957 -3.1379331633564433 257.90800364348775
      vertex 326.8310782411241 -3.20123946170943 257.90800364348775
    endloop
  endfacet
  facet normal 0 0 1
    outer loop
      vertex 346.58447797614 -4 257.90800364348775
      vertex 327.8839790859986 -3.1348576092796825 257.90800364348775
      vertex 327.8353052580957 -3.1379331633564433 257.90800364348775
    endloop
  endfacet
  facet normal 0 0 1
    outer loop
      vertex 346.58447797614 -4 257.90800364348775
      vertex 329.09698272895145 -3.058072827006545 257.90800364348775
      vertex 327.8839790859986 -3.1348576092796825 257.90800364348775
    endloop
  endfacet
  facet normal 0 0 1
    outer loop
      vertex 346.58447797614 -4 257.90800364348775
      vertex 329.3047787032949 -3.0448848898698557 257.90800364348775
      vertex 329.09698272895145 -3.058072827006545 257.90800364348775
    endloop
  endfacet
  facet normal 0 0 1
    outer loop
      vertex 346.58447797614 -4 257.90800364348775
      vertex 329.5297810363574 -3.0305914442959825 257.90800364348775
      vertex 329.3047787032949 -3.0448848898698557 257.90800364348775
    endloop
  endfacet
  facet normal 0 0 1
    outer loop
      vertex 346.58447797614 -4 257.90800364348775
      vertex 329.5772245732695 -3.027572363261249 257.90800364348775
      vertex 329.5297810363574 -3.0305914442959825 257.90800364348775
    endloop
  endfacet
  facet normal 0 0 1
    outer loop
      vertex 346.58447797614 -4 257.90800364348775
      vertex 329.7802802174045 -3.014616758423797 257.90800364348775
      vertex 329.5772245732695 -3.027572363261249 257.90800364348775
    endloop
  endfacet
  facet normal 0 0 1
    outer loop
      vertex 346.58447797614 -4 257.90800364348775
      vertex 330.74084933606565 -2.9533280755031677 257.90800364348775
      vertex 329.7802802174045 -3.014616758423797 257.90800364348775
    endloop
  endfacet
  facet normal 0 0 1
    outer loop
      vertex 346.58447797614 -4 257.90800364348775
      vertex 330.9601644347834 -2.9392976104119377 257.90800364348775
      vertex 330.74084933606565 -2.9533280755031677 257.90800364348775
    endloop
  endfacet
  facet normal 0 0 1
    outer loop
      vertex 346.58447797614 -4 257.90800364348775
      vertex 331.89882056757216 -2.879090337983272 257.90800364348775
      vertex 330.9601644347834 -2.9392976104119377 257.90800364348775
    endloop
  endfacet
  facet normal 0 0 1
    outer loop
      vertex 346.58447797614 -4 257.90800364348775
      vertex 331.94488907243755 -2.8761345610802547 257.90800364348775
      vertex 331.89882056757216 -2.879090337983272 257.90800364348775
    endloop
  endfacet
  facet normal 0 0 1
    outer loop
      vertex 346.58447797614 -4 257.90800364348775
      vertex 332.1578478462777 -2.862398880738421 257.90800364348775
      vertex 331.94488907243755 -2.8761345610802547 257.90800364348775
    endloop
  endfacet
  facet normal 0 0 1
    outer loop
      vertex 346.58447797614 -4 257.90800364348775
      vertex 332.3561274806761 -2.8495914278990533 257.90800364348775
      vertex 332.1578478462777 -2.862398880738421 257.90800364348775
    endloop
  endfacet
  facet normal 0 0 1
    outer loop
      vertex 346.58447797614 -4 257.90800364348775
      vertex 332.40078479660593 -2.846695709771489 257.90800364348775
      vertex 332.3561274806761 -2.8495914278990533 257.90800364348775
    endloop
  endfacet
  facet normal 0 0 1
    outer loop
      vertex 346.58447797614 -4 257.90800364348775
      vertex 333.31736291562703 -2.787180761259972 257.90800364348775
      vertex 332.40078479660593 -2.846695709771489 257.90800364348775
    endloop
  endfacet
  facet normal 0 0 1
    outer loop
      vertex 346.58447797614 -4 257.90800364348775
      vertex 333.5107937443344 -2.774597185402972 257.90800364348775
      vertex 333.31736291562703 -2.787180761259972 257.90800364348775
    endloop
  endfacet
  facet normal 0 0 1
    outer loop
      vertex 346.58447797614 -4 257.90800364348775
      vertex 333.7172290464631 -2.761141343886483 257.90800364348775
      vertex 333.5107937443344 -2.774597185402972 257.90800364348775
    endloop
  endfacet
  facet normal 0 0 1
    outer loop
      vertex 346.58447797614 -4 257.90800364348775
      vertex 334.61139271823555 -2.7026688886648222 257.90800364348775
      vertex 333.7172290464631 -2.761141343886483 257.90800364348775
    endloop
  endfacet
  facet normal 1 0 0
    outer loop
      vertex 346.58447797614 -4 242.00800364348774
      vertex 346.58447797614 -1.6042894217347192 252.89507665420788
      vertex 346.58447797614 -4 257.90800364348775
    endloop
  endfacet
  facet normal 1 0 0
    outer loop
      vertex 346.58447797614 -4 242.00800364348774
      vertex 346.58447797614 -1.454680489320409 250.25645015082782
      vertex 346.58447797614 -1.507843900523663 251.16274108475116
    endloop
  endfacet
  facet normal 1 0 0
    outer loop
      vertex 346.58447797614 -4 242.00800364348774
      vertex 346.58447797614 -1.507843900523663 251.16274108475116
      vertex 346.58447797614 -1.5198575219139576 251.36830172875085
    endloop
  endfacet
  facet normal 1 0 0
    outer loop
      vertex 346.58447797614 -4 242.00800364348774
      vertex 346.58447797614 -1.5198575219139576 251.36830172875085
      vertex 346.58447797614 -1.5272180500316033 251.4975022173353
    endloop
  endfacet
  facet normal 1 0 0
    outer loop
      vertex 346.58447797614 -4 242.00800364348774
      vertex 346.58447797614 -1.5272180500316033 251.4975022173353
      vertex 346.58447797614 -1.5294590973406623 251.5369722513658
    endloop
  endfacet
  facet normal 1 0 0
    outer loop
      vertex 346.58447797614 -4 242.00800364348774
      vertex 346.58447797614 -1.5294590973406623 251.5369722513658
      vertex 346.58447797614 -1.571562735475158 252.2970643569744
    endloop
  endfacet
  facet normal 1 0 0
    outer loop
      vertex 346.58447797614 -4 242.00800364348774
      vertex 346.58447797614 -1.571562735475158 252.2970643569744
      vertex 346.58447797614 -1.5942591356685158 252.70842493817483
    endloop
  endfacet
  facet normal 1 0 0
    outer loop
      vertex 346.58447797614 -4 242.00800364348774
      vertex 346.58447797614 -1.6000123284746164 252.8153219698344
      vertex 346.58447797614 -1.6042894217347192 252.89507665420788
    endloop
  endfacet
  facet normal 1 0 0
    outer loop
      vertex 346.58447797614 -4 242.00800364348774
      vertex 346.58447797614 -1.5942591356685158 252.70842493817483
      vertex 346.58447797614 -1.6000123284746164 252.8153219698344
    endloop
  endfacet
  facet normal 1 0 0
    outer loop
      vertex 346.58447797614 -4 242.00800364348774
      vertex 346.58447797614 -1.432767441400898 249.9
      vertex 346.58447797614 -1.4438330002844704 250.07773604200239
    endloop
  endfacet
  facet normal 1 0 0
    outer loop
      vertex 346.58447797614 -4 242.00800364348774
      vertex 346.58447797614 -1.4438330002844704 250.07773604200239
      vertex 346.58447797614 -1.4455288720720787 250.10506996123297
    endloop
  endfacet
  facet normal 1 0 0
    outer loop
      vertex 346.58447797614 -4 242.00800364348774
      vertex 346.58447797614 -1.4455288720720787 250.10506996123297
      vertex 346.58447797614 -1.4542146632108504 250.24872158873075
    endloop
  endfacet
  facet normal 1 0 0
    outer loop
      vertex 346.58447797614 -4 242.00800364348774
      vertex 346.58447797614 -1.4542146632108504 250.24872158873075
      vertex 346.58447797614 -1.454680489320409 250.25645015082782
    endloop
  endfacet
  facet normal 0 0 1
    outer loop
      vertex 346.58447797614 -4 257.90800364348775
      vertex 334.6545302613835 -2.699842791503741 257.90800364348775
      vertex 334.61139271823555 -2.7026688886648222 257.90800364348775
    endloop
  endfacet
  facet normal 0 0 1
    outer loop
      vertex 346.58447797614 -4 257.90800364348775
      vertex 334.8539401490267 -2.68671116174437 257.90800364348775
      vertex 334.6545302613835 -2.699842791503741 257.90800364348775
    endloop
  endfacet
  facet normal 0 0 1
    outer loop
      vertex 346.58447797614 -4 257.90800364348775
      vertex 335.0425588965408 -2.6742583851262216 257.90800364348775
      vertex 334.8539401490267 -2.68671116174437 257.90800364348775
    endloop
  endfacet
  facet normal 0 0 1
    outer loop
      vertex 346.58447797614 -4 257.90800364348775
      vertex 335.08410428281786 -2.6715078665411784 257.90800364348775
      vertex 335.0425588965408 -2.6742583851262216 257.90800364348775
    endloop
  endfacet
  facet normal 0 0 1
    outer loop
      vertex 346.58447797614 -4 257.90800364348775
      vertex 335.26783770744424 -2.6593376170128917 257.90800364348775
      vertex 335.08410428281786 -2.6715078665411784 257.90800364348775
    endloop
  endfacet
  facet normal 0 0 1
    outer loop
      vertex 346.58447797614 -4 257.90800364348775
      vertex 336.1397565982454 -2.6014773250218313 257.90800364348775
      vertex 335.26783770744424 -2.6593376170128917 257.90800364348775
    endloop
  endfacet
  facet normal 0 0 1
    outer loop
      vertex 346.58447797614 -4 257.90800364348775
      vertex 336.1796373572218 -2.5988230645393746 257.90800364348775
      vertex 336.1397565982454 -2.6014773250218313 257.90800364348775
    endloop
  endfacet
  facet normal 0 0 1
    outer loop
      vertex 346.58447797614 -4 257.90800364348775
      vertex 337.2210229234171 -2.5294966815329527 257.90800364348775
      vertex 336.1796373572218 -2.5988230645393746 257.90800364348775
    endloop
  endfacet
  facet normal 0 0 1
    outer loop
      vertex 346.58447797614 -4 257.90800364348775
      vertex 337.4053777833289 -2.5171644910340576 257.90800364348775
      vertex 337.2210229234171 -2.5294966815329527 257.90800364348775
    endloop
  endfacet
  facet normal 0 0 1
    outer loop
      vertex 346.58447797614 -4 257.90800364348775
      vertex 337.58419035031625 -2.5051669833682806 257.90800364348775
      vertex 337.4053777833289 -2.5171644910340576 257.90800364348775
    endloop
  endfacet
  facet normal 0 0 1
    outer loop
      vertex 346.58447797614 -4 257.90800364348775
      vertex 338.41077846958797 -2.4494265872096603 257.90800364348775
      vertex 337.58419035031625 -2.5051669833682806 257.90800364348775
    endloop
  endfacet
  facet normal 0 0 1
    outer loop
      vertex 346.58447797614 -4 257.90800364348775
      vertex 338.4489585460778 -2.446847538609129 257.90800364348775
      vertex 338.41077846958797 -2.4494265872096603 257.90800364348775
    endloop
  endfacet
  facet normal 0 0 1
    outer loop
      vertex 346.58447797614 -4 257.90800364348775
      vertex 338.62545170194875 -2.4348656876312753 257.90800364348775
      vertex 338.4489585460778 -2.446847538609129 257.90800364348775
    endloop
  endfacet
  facet normal 0 0 1
    outer loop
      vertex 346.58447797614 -4 257.90800364348775
      vertex 338.79927106736443 -2.423040491985355 257.90800364348775
      vertex 338.62545170194875 -2.4348656876312753 257.90800364348775
    endloop
  endfacet
  facet normal 0 0 1
    outer loop
      vertex 346.58447797614 -4 257.90800364348775
      vertex 339.60277718117766 -2.368104444017261 257.90800364348775
      vertex 338.79927106736443 -2.423040491985355 257.90800364348775
    endloop
  endfacet
  facet normal 0 0 1
    outer loop
      vertex 346.58447797614 -4 257.90800364348775
      vertex 339.63922040482674 -2.365600117473342 257.90800364348775
      vertex 339.60277718117766 -2.368104444017261 257.90800364348775
    endloop
  endfacet
  facet normal 0 0 1
    outer loop
      vertex 346.58447797614 -4 257.90800364348775
      vertex 339.8076846505648 -2.353966398172331 257.90800364348775
      vertex 339.63922040482674 -2.365600117473342 257.90800364348775
    endloop
  endfacet
  facet normal 0 0 1
    outer loop
      vertex 346.58447797614 -4 257.90800364348775
      vertex 339.97647513192004 -2.342229379500655 257.90800364348775
      vertex 339.8076846505648 -2.353966398172331 257.90800364348775
    endloop
  endfacet
  facet normal 0 0 1
    outer loop
      vertex 346.58447797614 -4 257.90800364348775
      vertex 340.75673419874227 -2.2877088023567747 257.90800364348775
      vertex 339.97647513192004 -2.342229379500655 257.90800364348775
    endloop
  endfacet
  facet normal 1 0 0
    outer loop
      vertex 346.58447797614 -4 257.90800364348775
      vertex 346.58447797614 -1.6042894217347192 252.89507665420788
      vertex 346.58447797614 -1.6349747574271425 253.47972345016893
    endloop
  endfacet
  facet normal 1 0 0
    outer loop
      vertex 346.58447797614 -4 257.90800364348775
      vertex 346.58447797614 -1.6349747574271425 253.47972345016893
      vertex 346.58447797614 -1.6687088680470281 254.12516945172945
    endloop
  endfacet
  facet normal 0 0 1
    outer loop
      vertex 346.58447797614 -4 257.90800364348775
      vertex 340.79136823877803 -2.285275604968371 257.90800364348775
      vertex 340.75673419874227 -2.2877088023567747 257.90800364348775
    endloop
  endfacet
  facet normal 0 0 1
    outer loop
      vertex 346.58447797614 -4 257.90800364348775
      vertex 340.95146920529453 -2.273973521304831 257.90800364348775
      vertex 340.79136823877803 -2.285275604968371 257.90800364348775
    endloop
  endfacet
  facet normal 0 0 1
    outer loop
      vertex 346.58447797614 -4 257.90800364348775
      vertex 341.1151942795851 -2.262383400820992 257.90800364348775
      vertex 340.95146920529453 -2.273973521304831 257.90800364348775
    endloop
  endfacet
  facet normal 0 0 1
    outer loop
      vertex 346.58447797614 -4 257.90800364348775
      vertex 341.8720375273302 -2.2085498034934044 257.90800364348775
      vertex 341.1151942795851 -2.262383400820992 257.90800364348775
    endloop
  endfacet
  facet normal 0 0 1
    outer loop
      vertex 346.58447797614 -4 257.90800364348775
      vertex 341.9048260493852 -2.2062152112559934 257.90800364348775
      vertex 341.8720375273302 -2.2085498034934044 257.90800364348775
    endloop
  endfacet
  facet normal 0 0 1
    outer loop
      vertex 346.58447797614 -4 257.90800364348775
      vertex 342.0563958027267 -2.195371833910424 257.90800364348775
      vertex 341.9048260493852 -2.2062152112559934 257.90800364348775
    endloop
  endfacet
  facet normal 0 0 1
    outer loop
      vertex 346.58447797614 -4 257.90800364348775
      vertex 342.21498262195433 -2.1840141296944595 257.90800364348775
      vertex 342.0563958027267 -2.195371833910424 257.90800364348775
    endloop
  endfacet
  facet normal 0 0 1
    outer loop
      vertex 346.58447797614 -4 257.90800364348775
      vertex 342.9480733871772 -2.131262952415089 257.90800364348775
      vertex 342.21498262195433 -2.1840141296944595 257.90800364348775
    endloop
  endfacet
  facet normal 0 0 1
    outer loop
      vertex 346.58447797614 -4 257.90800364348775
      vertex 342.9790163871734 -2.129027660674048 257.90800364348775
      vertex 342.9480733871772 -2.131262952415089 257.90800364348775
    endloop
  endfacet
  facet normal 0 0 1
    outer loop
      vertex 346.58447797614 -4 257.90800364348775
      vertex 343.1220549092422 -2.1186462040425176 257.90800364348775
      vertex 342.9790163871734 -2.129027660674048 257.90800364348775
    endloop
  endfacet
  facet normal 0 0 1
    outer loop
      vertex 346.58447797614 -4 257.90800364348775
      vertex 343.275359201554 -2.1074466181309965 257.90800364348775
      vertex 343.1220549092422 -2.1186462040425176 257.90800364348775
    endloop
  endfacet
  facet normal 1 0 0
    outer loop
      vertex 346.58447797614 -4 257.90800364348775
      vertex 346.58447797614 -1.6791711789897896 254.32937613356916
      vertex 346.58447797614 -1.6983084610276649 254.70895316992858
    endloop
  endfacet
  facet normal 1 0 0
    outer loop
      vertex 346.58447797614 -4 257.90800364348775
      vertex 346.58447797614 -1.6687088680470281 254.12516945172945
      vertex 346.58447797614 -1.6725816317733437 254.20058072055855
    endloop
  endfacet
  facet normal 1 0 0
    outer loop
      vertex 346.58447797614 -4 257.90800364348775
      vertex 346.58447797614 -1.6725816317733437 254.20058072055855
      vertex 346.58447797614 -1.6791711789897896 254.32937613356916
    endloop
  endfacet
  facet normal 1 0 0
    outer loop
      vertex 346.58447797614 -4 257.90800364348775
      vertex 346.58447797614 -1.6983084610276649 254.70895316992858
      vertex 346.58447797614 -1.7439141099007638 255.61751763121558
    endloop
  endfacet
  facet normal 1 0 0
    outer loop
      vertex 346.58447797614 -4 257.90800364348775
      vertex 346.58447797614 -1.7439141099007638 255.61751763121558
      vertex 346.58447797614 -1.745626834556832 255.65213099520886
    endloop
  endfacet
  facet normal 1 0 0
    outer loop
      vertex 346.58447797614 -4 257.90800364348775
      vertex 346.58447797614 -1.745626834556832 255.65213099520886
      vertex 346.58447797614 -1.75486652570712 255.83959155733538
    endloop
  endfacet
  facet normal 0 0 1
    outer loop
      vertex 346.58447797614 -4 257.90800364348775
      vertex 343.98403048033435 -2.055434627172042 257.90800364348775
      vertex 343.275359201554 -2.1074466181309965 257.90800364348775
    endloop
  endfacet
  facet normal 0 0 1
    outer loop
      vertex 346.58447797614 -4 257.90800364348775
      vertex 344.01312803739955 -2.053284890695381 257.90800364348775
      vertex 343.98403048033435 -2.055434627172042 257.90800364348775
    endloop
  endfacet
  facet normal 0 0 1
    outer loop
      vertex 346.58447797614 -4 257.90800364348775
      vertex 344.14763567348064 -2.043301814289466 257.90800364348775
      vertex 344.01312803739955 -2.053284890695381 257.90800364348775
    endloop
  endfacet
  facet normal 0 0 1
    outer loop
      vertex 346.58447797614 -4 257.90800364348775
      vertex 344.2956576693112 -2.0322223873188343 257.90800364348775
      vertex 344.14763567348064 -2.043301814289466 257.90800364348775
    endloop
  endfacet
  facet normal 0 0 1
    outer loop
      vertex 346.58447797614 -4 257.90800364348775
      vertex 344.97991047452894 -1.9807741067582967 257.90800364348775
      vertex 344.2956576693112 -2.0322223873188343 257.90800364348775
    endloop
  endfacet
  facet normal 0 0 1
    outer loop
      vertex 346.58447797614 -4 257.90800364348775
      vertex 345.0071264467676 -1.978704170520683 257.90800364348775
      vertex 344.97991047452894 -1.9807741067582967 257.90800364348775
    endloop
  endfacet
  facet normal 0 0 1
    outer loop
      vertex 346.58447797614 -4 257.90800364348775
      vertex 345.13293612780564 -1.9690929267901331 257.90800364348775
      vertex 345.0071264467676 -1.978704170520683 257.90800364348775
    endloop
  endfacet
  facet normal 0 0 1
    outer loop
      vertex 346.58447797614 -4 257.90800364348775
      vertex 345.2755677772895 -1.958051965774642 257.90800364348775
      vertex 345.13293612780564 -1.9690929267901331 257.90800364348775
    endloop
  endfacet
  facet normal 0 0 1
    outer loop
      vertex 346.58447797614 -4 257.90800364348775
      vertex 345.93490254125294 -1.906789920174583 257.90800364348775
      vertex 345.2755677772895 -1.958051965774642 257.90800364348775
    endloop
  endfacet
  facet normal 0 0 1
    outer loop
      vertex 346.58447797614 -4 257.90800364348775
      vertex 345.9602731393995 -1.9047940547157505 257.90800364348775
      vertex 345.93490254125294 -1.906789920174583 257.90800364348775
    endloop
  endfacet
  facet normal 0 0 1
    outer loop
      vertex 346.58447797614 -4 257.90800364348775
      vertex 346.07755224581416 -1.8955281014493068 257.90800364348775
      vertex 345.9602731393995 -1.9047940547157505 257.90800364348775
    endloop
  endfacet
  facet normal 1 0 0
    outer loop
      vertex 346.58447797614 -4 257.90800364348775
      vertex 346.58447797614 -1.75486652570712 255.83959155733538
      vertex 346.58447797614 -1.761908741563383 255.9836595915521
    endloop
  endfacet
  facet normal 1 0 0
    outer loop
      vertex 346.58447797614 -4 257.90800364348775
      vertex 346.58447797614 -1.761908741563383 255.9836595915521
      vertex 346.58447797614 -1.7972992473937763 256.711
    endloop
  endfacet
  facet normal 1 0 0
    outer loop
      vertex 346.58447797614 -4 257.90800364348775
      vertex 346.58447797614 -1.7972992473937763 256.711
      vertex 346.58447797614 -1.81652560707759 257.1066915712731
    endloop
  endfacet
  facet normal 1 0 0
    outer loop
      vertex 346.58447797614 -4 257.90800364348775
      vertex 346.58447797614 -1.81652560707759 257.1066915712731
      vertex 346.58447797614 -1.8203582165325185 257.185933926685
    endloop
  endfacet
  facet normal 1 0 0
    outer loop
      vertex 346.58447797614 -4 257.90800364348775
      vertex 346.58447797614 -1.8203582165325185 257.185933926685
      vertex 346.58447797614 -1.8307969179159667 257.40219421310644
    endloop
  endfacet
  facet normal 0 0 1
    outer loop
      vertex 346.58447797614 -4 257.90800364348775
      vertex 346.21468448526116 -1.8846169864745583 257.90800364348775
      vertex 346.07755224581416 -1.8955281014493068 257.90800364348775
    endloop
  endfacet
  facet normal 1 0 0
    outer loop
      vertex 346.58447797614 -4 257.90800364348775
      vertex 346.58447797614 -1.8307969179159667 257.40219421310644
      vertex 346.58447797614 -1.831986433349463 257.4269365100018
    endloop
  endfacet
  facet normal 1 0 0
    outer loop
      vertex 346.58447797614 -4 257.90800364348775
      vertex 346.58447797614 -1.831986433349463 257.4269365100018
      vertex 346.58447797614 -1.8550683896125755 257.90800364348775
    endloop
  endfacet
  facet normal 0 0 1
    outer loop
      vertex 346.58447797614 -4 257.90800364348775
      vertex 346.58447797614 -1.8550683896125755 257.90800364348775
      vertex 346.21468448526116 -1.8846169864745583 257.90800364348775
    endloop
  endfacet
  facet normal 1 0 0
    outer loop
      vertex 346.58447797614 5 242.00800364348774
      vertex 346.58447797614 -0.5628041029381148 243.08569795338101
      vertex 346.58447797614 -0.5697065471298093 243
    endloop
  endfacet
  facet normal 1 0 0
    outer loop
      vertex 346.58447797614 5 242.00800364348774
      vertex 346.58447797614 -0.562772352521857 243.08610553125152
      vertex 346.58447797614 -0.5628041029381148 243.08569795338101
    endloop
  endfacet
  facet normal 0 1 0
    outer loop
      vertex 346.58447797614 5 241.90800364348775
      vertex 316.7488128226833 5 257.90800364348775
      vertex 346.58447797614 5 242.00800364348774
    endloop
  endfacet
  facet normal 0 0 1
    outer loop
      vertex 346.58447797614 5 257.90800364348775
      vertex 316.7488128226833 5 257.90800364348775
      vertex 340.1594790539717 1.5269542594877812 257.90800364348775
    endloop
  endfacet
  facet normal 0 1 0
    outer loop
      vertex 346.58447797614 5 242.00800364348774
      vertex 316.7488128226833 5 257.90800364348775
      vertex 346.58447797614 5 257.90800364348775
    endloop
  endfacet
  facet normal 1 0 0
    outer loop
      vertex 346.58447797614 5 257.90800364348775
      vertex 346.58447797614 -0.04270506620840597 249.9
      vertex 346.58447797614 -0.562772352521857 243.08610553125152
    endloop
  endfacet
  facet normal 0 0 1
    outer loop
      vertex 346.58447797614 5 257.90800364348775
      vertex 340.1594790539717 1.5269542594877812 257.90800364348775
      vertex 340.22414034116775 1.517347681764753 257.90800364348775
    endloop
  endfacet
  facet normal 1 0 0
    outer loop
      vertex 346.58447797614 5 257.90800364348775
      vertex 346.58447797614 -0.010729344466813506 250.29758872504075
      vertex 346.58447797614 -0.04270506620840597 249.9
    endloop
  endfacet
  facet normal 1 0 0
    outer loop
      vertex 346.58447797614 5 257.90800364348775
      vertex 346.58447797614 -0.010596387701430898 250.29929881177674
      vertex 346.58447797614 -0.010729344466813506 250.29758872504075
    endloop
  endfacet
  facet normal 1 0 0
    outer loop
      vertex 346.58447797614 5 257.90800364348775
      vertex 346.58447797614 0.4776789379150781 256.711
      vertex 346.58447797614 -0.010596387701430898 250.29929881177674
    endloop
  endfacet
  facet normal 0 0 1
    outer loop
      vertex 346.58447797614 5 257.90800364348775
      vertex 340.22414034116775 1.517347681764753 257.90800364348775
      vertex 346.58447797614 0.5715901783749984 257.90800364348775
    endloop
  endfacet
  facet normal 1 0 0
    outer loop
      vertex 346.58447797614 5 257.90800364348775
      vertex 346.58447797614 0.5329142557314632 257.3989536531992
      vertex 346.58447797614 0.4776789379150781 256.711
    endloop
  endfacet
  facet normal 1 0 0
    outer loop
      vertex 346.58447797614 5 257.90800364348775
      vertex 346.58447797614 0.5331436674251013 257.40191069978283
      vertex 346.58447797614 0.5329142557314632 257.3989536531992
    endloop
  endfacet
  facet normal 1 0 0
    outer loop
      vertex 346.58447797614 5 257.90800364348775
      vertex 346.58447797614 0.5715901783749984 257.90800364348775
      vertex 346.58447797614 0.5331436674251013 257.40191069978283
    endloop
  endfacet
  facet normal 1 0 0
    outer loop
      vertex 346.58447797614 5 242.00800364348774
      vertex 346.58447797614 5 257.90800364348775
      vertex 346.58447797614 -0.562772352521857 243.08610553125152
    endloop
  endfacet
  facet normal -0.1509349011530111 0.9859960370705332 0.07092580979540894
    outer loop
      vertex 316.1594829364238 -0.9892723329629883 238.88727829167237
      vertex 318.092091732653 -0.9892723329629883 243
      vertex 316.19686015992323 -0.9822872507286886 238.86971436295642
    endloop
  endfacet
  facet normal -0.18817153165763031 0.9781476007337675 0.08842367246611928
    outer loop
      vertex 316.19686015992323 -0.9822872507286886 238.86971436295642
      vertex 318.1377224207776 -0.9822872507286886 243
      vertex 316.2339398642156 -0.9735789028731603 238.85229024147213
    endloop
  endfacet
  facet normal -0.22507804535392273 0.9685831611286903 0.10576640996843505
    outer loop
      vertex 316.2339398642156 -0.9735789028731603 238.85229024147213
      vertex 318.18298989288775 -0.9735789028731603 243
      vertex 316.2706569988999 -0.9631625667976581 238.83503649504928
    endloop
  endfacet
  facet normal -0.261589695677161 0.9573194975320833 0.12292359724824954
    outer loop
      vertex 316.2706569988999 -0.9631625667976581 238.83503649504928
      vertex 318.2278147344556 -0.9631625667976581 243
      vertex 316.3069471496452 -0.9510565162951535 238.817983392622
    endloop
  endfacet
  facet normal -0.29764242878543434 0.9443763702374274 0.13986513476878074
    outer loop
      vertex 316.3069471496452 -0.9510565162951535 238.817983392622
      vertex 318.27211830747723 -0.9510565162951535 243
      vertex 316.34274665119574 -0.9372819894918917 238.80116085112667
    endloop
  endfacet
  facet normal -0.33317299593369226 0.9297764858882599 0.15656130131627827
    outer loop
      vertex 316.34274665119574 -0.9372819894918917 238.80116085112667
      vertex 318.3158228884313 -0.9372819894918917 243
      vertex 316.377992699061 -0.9218631515885004 238.78459838301734
    endloop
  endfacet
  facet normal -0.368119064434564 0.9135454576424799 0.1729828061415741
    outer loop
      vertex 316.377992699061 -0.9218631515885004 238.78459838301734
      vertex 318.35885180463174 -0.9218631515885004 243
      vertex 316.4126234596963 -0.9048270524660196 238.7683250444911
    endloop
  endfacet
  facet normal -0.4024193270081298 0.8957117602394558 0.18910084034466848
    outer loop
      vertex 316.4126234596963 -0.9048270524660196 238.7683250444911
      vertex 318.40112956873827 -0.9048270524660196 243
      vertex 316.44657817897996 -0.8862035792312145 238.75236938451337
    endloop
  endfacet
  facet normal -0.43601360933933364 0.8763066800439749 0.20488712741700868
    outer loop
      vertex 316.44657817897996 -0.8862035792312145 238.75236938451337
      vertex 318.4425820111867 -0.8862035792312145 243
      vertex 316.4797972887964 -0.8660254037844386 238.73675939473355
    endloop
  endfacet
  facet normal -0.46884297564166344 0.8553642601604816 0.22031397284689574
    outer loop
      vertex 316.5122225115391 -0.8443279255020153 238.72152246037805
      vertex 316.4797972887964 -0.8660254037844386 238.73675939473355
      vertex 318.48313641030717 -0.8660254037844386 243
    endloop
  endfacet
  facet normal -0.5008498320507518 0.8329212407099488 0.23535431270519222
    outer loop
      vertex 316.5122225115391 -0.8443279255020153 238.72152246037805
      vertex 318.52272161990317 -0.8443279255020153 243
      vertex 316.5437969623492 -0.8211492091337039 238.70668531220727
    endloop
  endfacet
  facet normal -0.5319780276640118 0.8090169943750436 0.249981761124844
    outer loop
      vertex 316.5437969623492 -0.8211492091337039 238.70668531220727
      vertex 318.561268194066 -0.8211492091337039 243
      vertex 316.5744652489109 -0.7965299180241964 238.69227397962078
    endloop
  endfacet
  facet normal -0.5621729530494693 0.783693457326171 0.2641706565911364
    outer loop
      vertex 316.5744652489109 -0.7965299180241964 238.69227397962078
      vertex 318.59870850900626 -0.7965299180241964 243
      vertex 316.6041735686284 -0.770513242775789 238.67831374499292
    endloop
  endfacet
  facet normal -0.591381636048604 0.7569950556514295 0.277896106960435
    outer loop
      vertex 316.6041735686284 -0.770513242775789 238.67831374499292
      vertex 318.63497688168934 -0.770513242775789 243
      vertex 316.632869803014 -0.7431448254773942 238.664829099319
    endloop
  endfacet
  facet normal -0.6195528347041512 0.7289686274214771 0.29113403312786784
    outer loop
      vertex 316.632869803014 -0.7431448254773942 238.664829099319
      vertex 318.6700096850654 -0.7431448254773942 243
      vertex 316.6605036091215 -0.7144726796328036 238.65184369924964
    endloop
  endfacet
  facet normal -0.6466371271624765 0.699663340513537 0.3038612112733337
    outer loop
      vertex 316.6605036091215 -0.7144726796328036 238.65184369924964
      vertex 318.70374545969315 -0.7144726796328036 243
      vertex 316.687026507865 -0.6845471059286885 238.63938032558897
    endloop
  endfacet
  facet normal -0.697356923438203 0.6374239897485326 0.3276949475134869
    outer loop
      vertex 316.71239196906754 -0.6534206039901056 238.62746084332954
      vertex 318.7670915659129 -0.6534206039901056 243
      vertex 316.7365554930909 -0.6211477802783101 238.61610616329347
    endloop
  endfacet
  facet normal -0.6725869983715501 0.6691306063584628 0.316055313601756
    outer loop
      vertex 316.687026507865 -0.6845471059286885 238.63938032558897
      vertex 318.7361250215604 -0.6845471059286885 243
      vertex 316.71239196906754 -0.6534206039901056 238.62746084332954
    endloop
  endfacet
  facet normal 0.3681190644345633 0.9135454576424797 -0.1729828061415754
    outer loop
      vertex 315.6765468000158 -0.9218631515885004 239.1142147807981
      vertex 315.6419160393805 -0.9048270524660196 239.13048811932435
      vertex 317.4602381209754 -0.9048270524660196 243
    endloop
  endfacet
  facet normal 0.33317299593368915 0.9297764858882616 -0.15656130131627388
    outer loop
      vertex 315.6765468000158 -0.9218631515885004 239.1142147807981
      vertex 317.50251588508195 -0.9218631515885004 243
      vertex 315.71179284788104 -0.9372819894918915 239.09765231268878
    endloop
  endfacet
  facet normal 0.07573305706725982 0.996492859249497 -0.03558771602687097
    outer loop
      vertex 315.93266573300855 -0.9945218953682733 238.9938619492947
      vertex 317.8151898094673 -0.9945218953682733 243
      vertex 315.9704408709557 -0.9980267284282716 238.97611103662595
    endloop
  endfacet
  facet normal 0.11343347954418476 0.9921147013144814 -0.05330351915377039
    outer loop
      vertex 315.93266573300855 -0.9945218953682733 238.9938619492947
      vertex 315.895056562653 -0.9892723329629883 239.01153487214307
      vertex 317.76927595706076 -0.9892723329629883 243
    endloop
  endfacet
  facet normal 0.15093490115323735 0.985996037070491 -0.0709258097955139
    outer loop
      vertex 315.8576793391536 -0.9822872507286886 239.029098800859
      vertex 317.72364526893625 -0.9822872507286886 243
      vertex 315.895056562653 -0.9892723329629883 239.01153487214307
    endloop
  endfacet
  facet normal 0.26158969567716456 0.9573194975320827 -0.12292359724824775
    outer loop
      vertex 315.78388250017696 -0.9631625667976582 239.06377666876614
      vertex 315.7475923494316 -0.9510565162951535 239.0808297711934
      vertex 317.5892493822365 -0.9510565162951535 243
    endloop
  endfacet
  facet normal 0.29764242878501135 0.9443763702375897 -0.13986513476858428
    outer loop
      vertex 315.7475923494316 -0.9510565162951535 239.0808297711934
      vertex 315.71179284788104 -0.9372819894918915 239.09765231268878
      vertex 317.54554480128246 -0.9372819894918915 243
    endloop
  endfacet
  facet normal 0.2250780453543139 0.9685831611285793 -0.1057664099686194
    outer loop
      vertex 315.78388250017696 -0.9631625667976582 239.06377666876614
      vertex 317.63355295525827 -0.9631625667976582 243
      vertex 315.8205996348612 -0.9735789028731603 239.04652292234334
    endloop
  endfacet
  facet normal 0.18817153165729886 0.9781476007338458 -0.08842367246596133
    outer loop
      vertex 315.8576793391536 -0.9822872507286886 239.029098800859
      vertex 315.8205996348612 -0.9735789028731603 239.04652292234334
      vertex 317.678377796826 -0.9735789028731603 243
    endloop
  endfacet
  facet normal 0.03789977307380224 0.9991228300988579 -0.017809479953192566
    outer loop
      vertex 315.9704408709557 -0.9980267284282716 238.97611103662595
      vertex 317.86130627765704 -0.9980267284282716 243
      vertex 316.0083157060665 -0.9997806834748455 238.95831327526938
    endloop
  endfacet
  facet normal 0 1 0
    outer loop
      vertex 316.04622379301026 -0.9997806834748455 238.9404998885461
      vertex 316.0083157060665 -0.9997806834748455 238.95831327526938
      vertex 317.9075444576743 -0.9997806834748455 243
    endloop
  endfacet
  facet normal -0.03789977307379136 0.9991228300988584 0.017809479953187317
    outer loop
      vertex 316.04622379301026 -0.9997806834748455 238.9404998885461
      vertex 317.9538232320395 -0.9997806834748455 243
      vertex 316.08409862812107 -0.9980267284282716 238.9227021271895
    endloop
  endfacet
  facet normal -0.07573305706714509 0.9964928592495077 0.035587716026817755
    outer loop
      vertex 316.08409862812107 -0.9980267284282716 238.9227021271895
      vertex 318.00006141205677 -0.9980267284282716 243
      vertex 316.1218737660683 -0.9945218953682733 238.9049512145207
    endloop
  endfacet
  facet normal -0.1134334795443551 0.9921147013144576 0.05330351915385133
    outer loop
      vertex 316.1594829364238 -0.9892723329629883 238.88727829167237
      vertex 316.1218737660683 -0.9945218953682733 238.9049512145207
      vertex 318.0461778802465 -0.9945218953682733 243
    endloop
  endfacet
  facet normal 0.5621729530501325 0.7836934573255897 -0.26417065659145
    outer loop
      vertex 315.4800742501659 -0.7965299180241964 239.20653918419467
      vertex 315.4503659304484 -0.7705132427757894 239.2204994188225
      vertex 317.22639080802446 -0.7705132427757894 243
    endloop
  endfacet
  facet normal 0.4024193270081237 0.8957117602394578 -0.1891008403446715
    outer loop
      vertex 315.6079613200968 -0.8862035792312147 239.14644377930207
      vertex 317.41878567852706 -0.8862035792312147 243
      vertex 315.6419160393805 -0.9048270524660196 239.13048811932435
    endloop
  endfacet
  facet normal 0.4360136093393364 0.8763066800439728 -0.20488712741701248
    outer loop
      vertex 315.6079613200968 -0.8862035792312147 239.14644377930207
      vertex 315.57474221028036 -0.8660254037844386 239.1620537690819
      vertex 317.3782312794066 -0.8660254037844386 243
    endloop
  endfacet
  facet normal 0.46884297564166694 0.8553642601604778 -0.22031397284690188
    outer loop
      vertex 315.5423169875377 -0.844327925502015 239.1772907034374
      vertex 317.3386460698106 -0.844327925502015 243
      vertex 315.57474221028036 -0.8660254037844386 239.1620537690819
    endloop
  endfacet
  facet normal 0.500849832050746 0.8329212407099523 -0.23535431270519155
    outer loop
      vertex 315.5423169875377 -0.844327925502015 239.1772907034374
      vertex 315.5107425367276 -0.8211492091337039 239.19212785160818
      vertex 317.30009949564777 -0.8211492091337039 243
    endloop
  endfacet
  facet normal 0.5319780276640119 0.8090169943750436 -0.2499817611248439
    outer loop
      vertex 315.5107425367276 -0.8211492091337039 239.19212785160818
      vertex 315.4800742501659 -0.7965299180241964 239.20653918419467
      vertex 317.2626591807075 -0.7965299180241964 243
    endloop
  endfacet
  facet normal 0.5913816360479276 0.7569950556520733 -0.2778961069601208
    outer loop
      vertex 315.4503659304484 -0.7705132427757894 239.2204994188225
      vertex 315.4216696960628 -0.7431448254773942 239.23398406449644
      vertex 317.19135800464835 -0.7431448254773942 243
    endloop
  endfacet
  facet normal 0.619552834704023 0.7289686274216096 -0.291134033127809
    outer loop
      vertex 315.4216696960628 -0.7431448254773942 239.23398406449644
      vertex 315.39403588995526 -0.7144726796328034 239.24696946456584
      vertex 317.1576222300206 -0.7144726796328034 243
    endloop
  endfacet
  facet normal 0.6725869983708651 0.6691306063593006 -0.31605531360144046
    outer loop
      vertex 315.3675129912118 -0.6845471059286885 239.25943283822647
      vertex 315.34214753000924 -0.6534206039901056 239.27135232048593
      vertex 317.0942761238009 -0.6534206039901056 243
    endloop
  endfacet
  facet normal 0.6973569234383296 0.6374239897483651 -0.3276949475135429
    outer loop
      vertex 315.34214753000924 -0.6534206039901056 239.27135232048593
      vertex 315.31798400598586 -0.6211477802783104 239.28270700052198
      vertex 317.06477692280436 -0.6211477802783104 243
    endloop
  endfacet
  facet normal 0.6466371271631615 0.6996633405127655 -0.3038612112736528
    outer loop
      vertex 315.39403588995526 -0.7144726796328034 239.24696946456584
      vertex 315.3675129912118 -0.6845471059286885 239.25943283822647
      vertex 317.1252426681534 -0.6845471059286885 243
    endloop
  endfacet
  facet normal -0.22507804535390075 0.9685831611286964 0.10576640996842498
    outer loop
      vertex 316.2706569988999 -0.9631625667976581 238.83503649504928
      vertex 318.18298989288775 -0.9735789028731603 243
      vertex 318.2278147344556 -0.9631625667976581 243
    endloop
  endfacet
  facet normal -0.2615896956774709 0.9573194975319803 0.12292359724839158
    outer loop
      vertex 316.3069471496452 -0.9510565162951535 238.817983392622
      vertex 318.2278147344556 -0.9631625667976581 243
      vertex 318.27211830747723 -0.9510565162951535 243
    endloop
  endfacet
  facet normal -0.2976424287851825 0.9443763702375239 0.13986513476866533
    outer loop
      vertex 316.34274665119574 -0.9372819894918917 238.80116085112667
      vertex 318.27211830747723 -0.9510565162951535 243
      vertex 318.3158228884313 -0.9372819894918917 243
    endloop
  endfacet
  facet normal -0.333172995933899 0.9297764858881699 0.15656130131637297
    outer loop
      vertex 316.377992699061 -0.9218631515885004 238.78459838301734
      vertex 318.3158228884313 -0.9372819894918917 243
      vertex 318.35885180463174 -0.9218631515885004 243
    endloop
  endfacet
  facet normal -0.3681190644347362 0.9135454576423955 0.17298280614165296
    outer loop
      vertex 316.4126234596963 -0.9048270524660196 238.7683250444911
      vertex 318.35885180463174 -0.9218631515885004 243
      vertex 318.40112956873827 -0.9048270524660196 243
    endloop
  endfacet
  facet normal -0.40241932700782757 0.8957117602396206 0.18910084034453012
    outer loop
      vertex 316.44657817897996 -0.8862035792312145 238.75236938451337
      vertex 318.40112956873827 -0.9048270524660196 243
      vertex 318.4425820111867 -0.8862035792312145 243
    endloop
  endfacet
  facet normal -0.43601360933933747 0.8763066800439726 0.20488712741701043
    outer loop
      vertex 316.4797972887964 -0.8660254037844386 238.73675939473355
      vertex 318.4425820111867 -0.8862035792312145 243
      vertex 318.48313641030717 -0.8660254037844386 243
    endloop
  endfacet
  facet normal -0.4688429756417829 0.8553642601604019 0.22031397284695042
    outer loop
      vertex 316.5122225115391 -0.8443279255020153 238.72152246037805
      vertex 318.48313641030717 -0.8660254037844386 243
      vertex 318.52272161990317 -0.8443279255020153 243
    endloop
  endfacet
  facet normal 0.8020630499821747 0.4632960351201233 -0.3768973967743278
    outer loop
      vertex 315.2341639384272 -0.4817536741017154 239.32209488313424
      vertex 315.21660127204717 -0.44463517918492756 239.3303477545752
      vertex 316.94100732516034 -0.44463517918492756 243
    endloop
  endfacet
  facet normal 0.8189183190130174 0.42577929156517913 -0.38481785517196043
    outer loop
      vertex 315.21660127204717 -0.44463517918492756 239.3303477545752
      vertex 315.2004607936437 -0.4067366430758002 239.3379323257546
      vertex 316.92130278139666 -0.4067366430758002 243
    endloop
  endfacet
  facet normal 0.8343369270423365 0.3875155864511391 -0.3920632122897793
    outer loop
      vertex 315.2004607936437 -0.4067366430758002 239.3379323257546
      vertex 315.18577081910047 -0.36812455268467786 239.34483529075735
      vertex 316.90336903500827 -0.36812455268467786 243
    endloop
  endfacet
  facet normal 0.8482918245908638 0.3485720473229418 -0.3986207573087433
    outer loop
      vertex 315.18577081910047 -0.36812455268467786 239.34483529075735
      vertex 315.1725571196244 -0.32886664673858307 239.35104453943723
      vertex 316.88723754788026 -0.32886664673858307 243
    endloop
  endfacet
  facet normal 0.8607585300287457 0.30901699437479685 -0.40447898606765664
    outer loop
      vertex 315.1725571196244 -0.32886664673858307 239.35104453943723
      vertex 315.16084287653456 -0.2890317969444718 239.35654917866208
      vertex 316.87293662012246 -0.2890317969444718 243
    endloop
  endfacet
  facet normal 0.8717151725169721 0.26891982061443187 -0.4096276212420343
    outer loop
      vertex 315.16084287653456 -0.2890317969444718 239.35654917866208
      vertex 315.15064864059383 -0.24868988716485485 239.36133955142424
      vertex 316.86049134042196 -0.24868988716485485 243
    endloop
  endfacet
  facet normal 0.8811425303814712 0.22835087011043534 -0.41405763037618976
    outer loop
      vertex 315.15064864059383 -0.24868988716485485 239.36133955142424
      vertex 315.141992295956 -0.20791169081775934 239.3654072537821
      vertex 316.849923542028 -0.20791169081775934 243
    endloop
  endfacet
  facet normal 0.8890240648335082 0.18738131458597493 -0.41776124172897844
    outer loop
      vertex 315.141992295956 -0.20791169081775934 239.3654072537821
      vertex 315.13488902879106 -0.16676874671610217 239.36874514960354
      vertex 316.8412517644501 -0.16676874671610217 243
    endloop
  endfacet
  facet normal 0.8953459489834248 0.146083028563408 -0.4207319579075411
    outer loop
      vertex 315.13488902879106 -0.16676874671610217 239.36874514960354
      vertex 315.1293513006433 -0.12533323356430406 239.37134738308507
      vertex 316.8344912209326 -0.12533323356430406 243
    endloop
  endfacet
  facet normal 0.9000970920985477 0.10452846326665259 -0.42296456726639736
    outer loop
      vertex 315.1293513006433 -0.12533323356430406 239.37134738308507
      vertex 315.1253888265697 -0.08367784333231569 239.37320938902482
      vertex 316.8296537717663 -0.08367784333231569 243
    endloop
  endfacet
  facet normal 0.9032691590587096 0.06279051953001923 -0.4244551530497913
    outer loop
      vertex 315.1253888265697 -0.08367784333231569 239.37320938902482
      vertex 315.1230085580961 -0.04187565372919973 239.37432790083176
      vertex 316.82674790348074 -0.04187565372919973 243
    endloop
  endfacet
  facet normal 0.9048565849811582 0.020942419882417983 -0.4252011002639864
    outer loop
      vertex 315.1230085580961 -0.04187565372919973 239.37432790083176
      vertex 315.1222146710224 0 239.37470095625605
      vertex 316.82674790348074 -0.04187565372919973 243
    endloop
  endfacet
  facet normal 0.9048565849811607 -0.020942419882417983 -0.425201100263981
    outer loop
      vertex 315.1222146710224 0 239.37470095625605
      vertex 315.1230085580961 0.04187565372919973 239.37432790083176
      vertex 316.8257787139563 0 243
    endloop
  endfacet
  facet normal 0.9032691590587091 -0.06279051953001925 -0.42445515304979264
    outer loop
      vertex 315.1230085580961 0.04187565372919973 239.37432790083176
      vertex 315.1253888265697 0.08367784333231569 239.37320938902482
      vertex 316.82965377176635 0.08367784333231569 243
    endloop
  endfacet
  facet normal 0.9000970920985422 -0.10452846326665259 -0.4229645672664089
    outer loop
      vertex 315.1253888265697 0.08367784333231569 239.37320938902482
      vertex 315.1293513006433 0.12533323356430406 239.37134738308507
      vertex 316.82965377176635 0.08367784333231569 243
    endloop
  endfacet
  facet normal 0.8953459489834248 -0.14608302856340796 -0.4207319579075411
    outer loop
      vertex 315.1293513006433 0.12533323356430406 239.37134738308507
      vertex 315.13488902879106 0.16676874671610217 239.36874514960354
      vertex 316.8344912209326 0.12533323356430406 243
    endloop
  endfacet
  facet normal 0.8890240648335082 -0.18738131458597493 -0.41776124172897844
    outer loop
      vertex 315.13488902879106 0.16676874671610217 239.36874514960354
      vertex 315.141992295956 0.20791169081775934 239.3654072537821
      vertex 316.8412517644501 0.16676874671610217 243
    endloop
  endfacet
  facet normal 0.8811425303814712 -0.22835087011043534 -0.41405763037618976
    outer loop
      vertex 315.141992295956 0.20791169081775934 239.3654072537821
      vertex 315.15064864059383 0.24868988716485485 239.36133955142424
      vertex 316.849923542028 0.20791169081775934 243
    endloop
  endfacet
  facet normal 0.8717151725169721 -0.26891982061443187 -0.40962762124203433
    outer loop
      vertex 315.15064864059383 0.24868988716485485 239.36133955142424
      vertex 315.16084287653456 0.2890317969444718 239.35654917866208
      vertex 316.86049134042196 0.24868988716485485 243
    endloop
  endfacet
  facet normal 0.8607585300287406 -0.30901699437479685 -0.4044789860676676
    outer loop
      vertex 315.16084287653456 0.2890317969444718 239.35654917866208
      vertex 315.1725571196244 0.32886664673858307 239.35104453943723
      vertex 316.8729366201225 0.2890317969444718 243
    endloop
  endfacet
  facet normal 0.8482918245908637 -0.34857204732294184 -0.3986207573087434
    outer loop
      vertex 315.1725571196244 0.32886664673858307 239.35104453943723
      vertex 315.18577081910047 0.36812455268467786 239.34483529075735
      vertex 316.88723754788026 0.32886664673858307 243
    endloop
  endfacet
  facet normal 0.8343369270423384 -0.38751558645113915 -0.3920632122897753
    outer loop
      vertex 315.18577081910047 0.36812455268467786 239.34483529075735
      vertex 315.2004607936437 0.4067366430758002 239.3379323257546
      vertex 316.9213027813966 0.4067366430758002 243
    endloop
  endfacet
  facet normal 0.8189183190130224 -0.4257792915651792 -0.38481785517195005
    outer loop
      vertex 315.2004607936437 0.4067366430758002 239.3379323257546
      vertex 315.21660127204717 0.44463517918492756 239.3303477545752
      vertex 316.9213027813966 0.4067366430758002 243
    endloop
  endfacet
  facet normal 0.8020630499821746 -0.46329603512012324 -0.3768973967743278
    outer loop
      vertex 315.21660127204717 0.44463517918492756 239.3303477545752
      vertex 315.2341639384272 0.4817536741017154 239.32209488313424
      vertex 316.94100732516034 0.44463517918492756 243
    endloop
  endfacet
  facet normal -0.7209034474978309 0.6045991148622725 0.3387596931358555
    outer loop
      vertex 316.7365554930909 -0.6211477802783101 238.61610616329347
      vertex 318.7965907669094 -0.6211477802783101 243
      vertex 316.7594746889032 -0.5877852522924731 238.60533620544788
    endloop
  endfacet
  facet normal -0.7431852619457273 0.5707135676846764 0.3492301391450758
    outer loop
      vertex 316.7594746889032 -0.5877852522924731 238.60533620544788
      vertex 318.82457087292755 -0.5877852522924731 243
      vertex 316.78110934844693 -0.5533915492433443 238.5951698639585
    endloop
  endfacet
  facet normal -0.7641632769080251 0.535826794979836 0.3590879168209726
    outer loop
      vertex 316.78110934844693 -0.5533915492433443 238.5951698639585
      vertex 318.85098279735354 -0.5533915492433443 243
      vertex 316.8014215171778 -0.51802700937313 238.58562497404282
    endloop
  endfacet
  facet normal -0.7838006898194286 0.499999999999197 0.3683157322724499
    outer loop
      vertex 316.8014215171778 -0.51802700937313 238.58562497404282
      vertex 318.8757802046972 -0.51802700937313 243
      vertex 316.8203755606496 -0.4817536741017154 238.5767182806812
    endloop
  endfacet
  facet normal -0.8020630499822833 0.4632960351198922 0.37689739677438056
    outer loop
      vertex 316.8203755606496 -0.4817536741017154 238.5767182806812
      vertex 318.8989195918798 -0.4817536741017154 243
      vertex 316.8379382270296 -0.4446351791849271 238.56846540924028
    endloop
  endfacet
  facet normal -0.8189183190129176 0.4257792915654195 0.3848178551719068
    outer loop
      vertex 316.8379382270296 -0.4446351791849271 238.56846540924028
      vertex 318.9203603645534 -0.4446351791849271 243
      vertex 316.8540787054331 -0.4067366430758002 238.56088083806085
    endloop
  endfacet
  facet normal -0.8343369270418435 0.3875155864524325 0.39206321228955
    outer loop
      vertex 316.8540787054331 -0.4067366430758002 238.56088083806085
      vertex 318.94006490831714 -0.4067366430758002 243
      vertex 316.86876867997637 -0.36812455268467836 238.55397787305807
    endloop
  endfacet
  facet normal -0.8482918245913217 0.3485720473216053 0.3986207573089375
    outer loop
      vertex 316.86876867997637 -0.36812455268467836 238.55397787305807
      vertex 318.95799865470553 -0.36812455268467836 243
      vertex 316.8819823794524 -0.32886664673858307 238.54776862437822
    endloop
  endfacet
  facet normal -0.8607585300287425 0.30901699437479685 0.40447898606766375
    outer loop
      vertex 316.8819823794524 -0.32886664673858307 238.54776862437822
      vertex 318.98843106959123 -0.2890317969444718 243
      vertex 316.8936966225422 -0.2890317969444718 238.54226398515337
    endloop
  endfacet
  facet normal -0.8717151725166172 0.26891982061583636 0.40962762124186697
    outer loop
      vertex 316.8936966225422 -0.2890317969444718 238.54226398515337
      vertex 318.98843106959123 -0.2890317969444718 243
      vertex 316.903890858483 -0.24868988716485443 238.53747361239118
    endloop
  endfacet
  facet normal -0.8811425303814705 0.2283508701104375 0.4140576303761898
    outer loop
      vertex 316.903890858483 -0.24868988716485443 238.53747361239118
      vertex 319.00087634929184 -0.24868988716485443 243
      vertex 316.9125472031208 -0.20791169081775934 238.5334059100333
    endloop
  endfacet
  facet normal -0.8890240648337635 0.18738131458451351 0.41776124172909085
    outer loop
      vertex 316.9125472031208 -0.20791169081775934 238.5334059100333
      vertex 319.0114441476858 -0.20791169081775934 243
      vertex 316.9196504702857 -0.16676874671610267 238.5300680142119
    endloop
  endfacet
  facet normal -0.8953459489834613 0.14608302856312386 0.42073195790756207
    outer loop
      vertex 316.9196504702857 -0.16676874671610267 238.5300680142119
      vertex 319.0201159252637 -0.16676874671610267 243
      vertex 316.9251881984335 -0.12533323356430406 238.5274657807304
    endloop
  endfacet
  facet normal -0.9000970920984012 0.10452846326815288 0.42296456726633813
    outer loop
      vertex 316.9251881984335 -0.12533323356430406 238.5274657807304
      vertex 319.02687646878115 -0.12533323356430406 243
      vertex 316.92915067250715 -0.08367784333231569 238.52560377479062
    endloop
  endfacet
  facet normal -0.9032691590587825 0.06279051952879505 0.42445515304981757
    outer loop
      vertex 316.92915067250715 -0.08367784333231569 238.52560377479062
      vertex 319.03171391794746 -0.08367784333231569 243
      vertex 316.9315309409807 -0.04187565372919923 238.5244852629837
    endloop
  endfacet
  facet normal 0.7209034474977064 0.6045991148624517 -0.33875969313580034
    outer loop
      vertex 315.2950648101736 -0.5877852522924731 239.2934769583676
      vertex 317.03679681678625 -0.5877852522924731 243
      vertex 315.31798400598586 -0.6211477802783104 239.28270700052198
    endloop
  endfacet
  facet normal 0.743185261945856 0.5707135676844781 -0.34923013914512585
    outer loop
      vertex 315.2950648101736 -0.5877852522924731 239.2934769583676
      vertex 315.27343015062985 -0.553391549243344 239.30364329985696
      vertex 317.0103848923602 -0.553391549243344 243
    endloop
  endfacet
  facet normal 0.7641632769086425 0.5358267949787582 -0.35908791682126684
    outer loop
      vertex 315.27343015062985 -0.553391549243344 239.30364329985696
      vertex 315.25311798189904 -0.51802700937313 239.3131881897726
      vertex 316.9855874850166 -0.51802700937313 243
    endloop
  endfacet
  facet normal 0.7838006898188326 0.5000000000003347 -0.36831573227217373
    outer loop
      vertex 315.25311798189904 -0.51802700937313 239.3131881897726
      vertex 315.2341639384272 -0.4817536741017154 239.32209488313424
      vertex 316.96244809783394 -0.4817536741017154 243
    endloop
  endfacet
  facet normal -0.9048565849811354 0.02094241988364598 0.42520110026397423
    outer loop
      vertex 316.9315309409807 -0.04187565372919923 238.5244852629837
      vertex 319.0355889757575 0 243
      vertex 316.93232482805445 0 238.5241122075594
    endloop
  endfacet
  facet normal -0.9048565849811376 -0.020942419883645782 0.4252011002639699
    outer loop
      vertex 316.93232482805445 0 238.5241122075594
      vertex 319.034619786233 0.04187565372919962 243
      vertex 316.9315309409807 0.04187565372919962 238.5244852629837
    endloop
  endfacet
  facet normal -0.9032691590587825 -0.06279051952879595 0.42445515304981757
    outer loop
      vertex 316.9315309409807 0.04187565372919962 238.5244852629837
      vertex 319.03171391794746 0.08367784333231548 243
      vertex 316.92915067250715 0.08367784333231548 238.52560377479062
    endloop
  endfacet
  facet normal -0.9000970920984013 -0.10452846326815188 0.42296456726633824
    outer loop
      vertex 316.92915067250715 0.08367784333231548 238.52560377479062
      vertex 319.02687646878115 0.12533323356430426 243
      vertex 316.9251881984335 0.12533323356430426 238.5274657807304
    endloop
  endfacet
  facet normal -0.895345948983461 -0.14608302856312594 0.42073195790756196
    outer loop
      vertex 316.9251881984335 0.12533323356430426 238.5274657807304
      vertex 319.0201159252637 0.16676874671610226 243
      vertex 316.9196504702857 0.16676874671610226 238.5300680142119
    endloop
  endfacet
  facet normal -0.8890240648337638 -0.18738131458451174 0.41776124172909107
    outer loop
      vertex 316.9196504702857 0.16676874671610226 238.5300680142119
      vertex 319.0114441476858 0.20791169081775934 243
      vertex 316.9125472031208 0.20791169081775934 238.5334059100333
    endloop
  endfacet
  facet normal -0.881142530381471 -0.22835087011043562 0.41405763037619
    outer loop
      vertex 316.9125472031208 0.20791169081775934 238.5334059100333
      vertex 319.00087634929184 0.2486898871648548 243
      vertex 316.903890858483 0.2486898871648548 238.53747361239118
    endloop
  endfacet
  facet normal -0.8717151725166165 -0.2689198206158397 0.40962762124186664
    outer loop
      vertex 316.903890858483 0.2486898871648548 238.53747361239118
      vertex 318.98843106959123 0.2890317969444716 243
      vertex 316.8936966225422 0.2890317969444716 238.54226398515337
    endloop
  endfacet
  facet normal -0.8607585300287437 -0.3090169943747945 0.40447898606766275
    outer loop
      vertex 316.8936966225422 0.2890317969444716 238.54226398515337
      vertex 318.97413014183354 0.32886664673858323 243
      vertex 316.8819823794524 0.32886664673858323 238.54776862437822
    endloop
  endfacet
  facet normal -0.8482918245913202 -0.3485720473216096 0.3986207573089368
    outer loop
      vertex 316.8819823794524 0.32886664673858323 238.54776862437822
      vertex 318.95799865470553 0.368124552684678 243
      vertex 316.86876867997637 0.368124552684678 238.55397787305807
    endloop
  endfacet
  facet normal -0.8343369270418448 -0.3875155864524292 0.39206321228955054
    outer loop
      vertex 316.86876867997637 0.368124552684678 238.55397787305807
      vertex 318.94006490831714 0.4067366430758002 243
      vertex 316.8540787054331 0.4067366430758002 238.56088083806085
    endloop
  endfacet
  facet normal -0.818918319012919 -0.42577929156541644 0.3848178551719075
    outer loop
      vertex 316.8379382270296 0.44463517918492745 238.56846540924028
      vertex 316.8540787054331 0.4067366430758002 238.56088083806085
      vertex 318.9203603645534 0.44463517918492745 243
    endloop
  endfacet
  facet normal -0.8020630499822815 -0.4632960351198961 0.3768973967743798
    outer loop
      vertex 316.8379382270296 0.44463517918492745 238.56846540924028
      vertex 318.8989195918798 0.4817536741017153 243
      vertex 316.8203755606496 0.4817536741017153 238.5767182806812
    endloop
  endfacet
  facet normal 0.7838006898188326 -0.5000000000003346 -0.36831573227217373
    outer loop
      vertex 315.2341639384272 0.4817536741017154 239.32209488313424
      vertex 315.25311798189904 0.51802700937313 239.3131881897726
      vertex 316.96244809783394 0.4817536741017154 243
    endloop
  endfacet
  facet normal -0.5008498320504545 0.8329212407101659 0.23535431270505636
    outer loop
      vertex 316.5437969623492 -0.8211492091337039 238.70668531220727
      vertex 318.52272161990317 -0.8443279255020153 243
      vertex 318.561268194066 -0.8211492091337039 243
    endloop
  endfacet
  facet normal -0.5319780276641263 0.8090169943749521 0.2499817611248963
    outer loop
      vertex 316.5744652489109 -0.7965299180241964 238.69227397962078
      vertex 318.561268194066 -0.8211492091337039 243
      vertex 318.59870850900626 -0.7965299180241964 243
    endloop
  endfacet
  facet normal -0.5621729530496282 0.7836934573260325 0.2641706565912089
    outer loop
      vertex 316.6041735686284 -0.770513242775789 238.67831374499292
      vertex 318.59870850900626 -0.7965299180241964 243
      vertex 318.63497688168934 -0.770513242775789 243
    endloop
  endfacet
  facet normal -0.5913816360484336 0.7569950556515912 0.27789610696035727
    outer loop
      vertex 316.632869803014 -0.7431448254773942 238.664829099319
      vertex 318.63497688168934 -0.770513242775789 243
      vertex 318.6700096850654 -0.7431448254773942 243
    endloop
  endfacet
  facet normal -0.6195528347040233 0.7289686274216088 0.2911340331278096
    outer loop
      vertex 316.6605036091215 -0.7144726796328036 238.65184369924964
      vertex 318.6700096850654 -0.7431448254773942 243
      vertex 318.70374545969315 -0.7144726796328036 243
    endloop
  endfacet
  facet normal -0.6466371271624688 0.6996633405135458 0.30386121127333027
    outer loop
      vertex 316.687026507865 -0.6845471059286885 238.63938032558897
      vertex 318.70374545969315 -0.7144726796328036 243
      vertex 318.7361250215604 -0.6845471059286885 243
    endloop
  endfacet
  facet normal -0.6725869983713794 0.669130606358671 0.3160553136016783
    outer loop
      vertex 316.71239196906754 -0.6534206039901056 238.62746084332954
      vertex 318.7361250215604 -0.6845471059286885 243
      vertex 318.7670915659129 -0.6534206039901056 243
    endloop
  endfacet
  facet normal -0.6973569234384971 0.6374239897481425 0.32769494751362027
    outer loop
      vertex 316.7365554930909 -0.6211477802783101 238.61610616329347
      vertex 318.7670915659129 -0.6534206039901056 243
      vertex 318.7965907669094 -0.6211477802783101 243
    endloop
  endfacet
  facet normal -0.7209034474972603 0.6045991148630974 0.3387596931355973
    outer loop
      vertex 316.7594746889032 -0.5877852522924731 238.60533620544788
      vertex 318.7965907669094 -0.6211477802783101 243
      vertex 318.82457087292755 -0.5877852522924731 243
    endloop
  endfacet
  facet normal -0.7431852619462032 0.570713567683925 0.34923013914529066
    outer loop
      vertex 316.78110934844693 -0.5533915492433443 238.5951698639585
      vertex 318.82457087292755 -0.5877852522924731 243
      vertex 318.85098279735354 -0.5533915492433443 243
    endloop
  endfacet
  facet normal -0.7641632769083975 0.5358267949791925 0.35908791682114033
    outer loop
      vertex 316.8014215171778 -0.51802700937313 238.58562497404282
      vertex 318.85098279735354 -0.5533915492433443 243
      vertex 318.8757802046972 -0.51802700937313 243
    endloop
  endfacet
  facet normal -0.7838006898190002 0.5000000000000103 0.3683157322722575
    outer loop
      vertex 316.8203755606496 -0.4817536741017154 238.5767182806812
      vertex 318.8757802046972 -0.51802700937313 243
      vertex 318.8989195918798 -0.4817536741017154 243
    endloop
  endfacet
  facet normal -0.8020630499822989 0.46329603511985923 0.37689739677438766
    outer loop
      vertex 316.8379382270296 -0.4446351791849271 238.56846540924028
      vertex 318.8989195918798 -0.4817536741017154 243
      vertex 318.9203603645534 -0.4446351791849271 243
    endloop
  endfacet
  facet normal -0.8189183190128637 0.425779291565545 0.3848178551718827
    outer loop
      vertex 316.8540787054331 -0.4067366430758002 238.56088083806085
      vertex 318.9203603645534 -0.4446351791849271 243
      vertex 318.94006490831714 -0.4067366430758002 243
    endloop
  endfacet
  facet normal -0.8343369270420928 0.3875155864517839 0.3920632122896605
    outer loop
      vertex 316.86876867997637 -0.36812455268467836 238.55397787305807
      vertex 318.94006490831714 -0.4067366430758002 243
      vertex 318.95799865470553 -0.36812455268467836 243
    endloop
  endfacet
  facet normal -0.8482918245909625 0.34857204732266034 0.3986207573087793
    outer loop
      vertex 316.8819823794524 -0.32886664673858307 238.54776862437822
      vertex 318.95799865470553 -0.36812455268467836 243
      vertex 318.9741301418336 -0.32886664673858307 243
    endloop
  endfacet
  facet normal -0.8607585300290189 0.30901699437384417 0.4044789860678031
    outer loop
      vertex 316.8819823794524 -0.32886664673858307 238.54776862437822
      vertex 318.9741301418336 -0.32886664673858307 243
      vertex 318.98843106959123 -0.2890317969444718 243
    endloop
  endfacet
  facet normal -0.8717151725165965 0.2689198206159175 0.4096276212418581
    outer loop
      vertex 316.903890858483 -0.24868988716485443 238.53747361239118
      vertex 318.98843106959123 -0.2890317969444718 243
      vertex 319.00087634929184 -0.24868988716485443 243
    endloop
  endfacet
  facet normal -0.8811425303814693 0.22835087011044297 0.41405763037618937
    outer loop
      vertex 316.9125472031208 -0.20791169081775934 238.5334059100333
      vertex 319.00087634929184 -0.24868988716485443 243
      vertex 319.0114441476858 -0.20791169081775934 243
    endloop
  endfacet
  facet normal -0.8890240648336261 0.1873813145852925 0.4177612417290337
    outer loop
      vertex 316.9196504702857 -0.16676874671610267 238.5300680142119
      vertex 319.0114441476858 -0.20791169081775934 243
      vertex 319.0201159252637 -0.16676874671610267 243
    endloop
  endfacet
  facet normal -0.8953459489835401 0.1460830285625504 0.4207319579075936
    outer loop
      vertex 316.9251881984335 -0.12533323356430406 238.5274657807304
      vertex 319.0201159252637 -0.16676874671610267 243
      vertex 319.02687646878115 -0.12533323356430406 243
    endloop
  endfacet
  facet normal -0.9000970920984536 0.10452846326762172 0.4229645672663579
    outer loop
      vertex 316.92915067250715 -0.08367784333231569 238.52560377479062
      vertex 319.02687646878115 -0.12533323356430406 243
      vertex 319.03171391794746 -0.08367784333231569 243
    endloop
  endfacet
  facet normal -0.9032691590587009 0.06279051953014164 0.4244551530497919
    outer loop
      vertex 316.9315309409807 -0.04187565372919923 238.5244852629837
      vertex 319.03171391794746 -0.08367784333231569 243
      vertex 319.03461978623307 -0.04187565372919923 243
    endloop
  endfacet
  facet normal -0.9048565849811455 0.020942419882991503 0.42520110026398505
    outer loop
      vertex 316.9315309409807 -0.04187565372919923 238.5244852629837
      vertex 319.03461978623307 -0.04187565372919923 243
      vertex 319.0355889757575 0 243
    endloop
  endfacet
  facet normal -0.9048565849811248 -0.02094241988421288 0.4252011002639692
    outer loop
      vertex 316.93232482805445 0 238.5241122075594
      vertex 319.0355889757575 0 243
      vertex 319.034619786233 0.04187565372919962 243
    endloop
  endfacet
  facet normal -0.9032691590587748 -0.06279051952892127 0.4244551530498152
    outer loop
      vertex 316.9315309409807 0.04187565372919962 238.5244852629837
      vertex 319.034619786233 0.04187565372919962 243
      vertex 319.03171391794746 0.08367784333231548 243
    endloop
  endfacet
  facet normal -0.9000970920984538 -0.10452846326762072 0.42296456726635795
    outer loop
      vertex 316.92915067250715 0.08367784333231548 238.52560377479062
      vertex 319.03171391794746 0.08367784333231548 243
      vertex 319.02687646878115 0.12533323356430426 243
    endloop
  endfacet
  facet normal -0.8953459489835398 -0.1460830285625525 0.4207319579075935
    outer loop
      vertex 316.9251881984335 0.12533323356430426 238.5274657807304
      vertex 319.02687646878115 0.12533323356430426 243
      vertex 319.0201159252637 0.16676874671610226 243
    endloop
  endfacet
  facet normal -0.8890240648336264 -0.1873813145852907 0.4177612417290339
    outer loop
      vertex 316.9196504702857 0.16676874671610226 238.5300680142119
      vertex 319.0201159252637 0.16676874671610226 243
      vertex 319.0114441476858 0.20791169081775934 243
    endloop
  endfacet
  facet normal -0.8811425303814697 -0.22835087011044106 0.4140576303761896
    outer loop
      vertex 316.9125472031208 0.20791169081775934 238.5334059100333
      vertex 319.0114441476858 0.20791169081775934 243
      vertex 319.00087634929184 0.2486898871648548 243
    endloop
  endfacet
  facet normal -0.8717151725165956 -0.2689198206159208 0.40962762124185764
    outer loop
      vertex 316.903890858483 0.2486898871648548 238.53747361239118
      vertex 319.00087634929184 0.2486898871648548 243
      vertex 318.98843106959123 0.2890317969444716 243
    endloop
  endfacet
  facet normal -0.8607585300286975 -0.3090169943749495 0.40447898606764265
    outer loop
      vertex 316.8936966225422 0.2890317969444716 238.54226398515337
      vertex 318.98843106959123 0.2890317969444716 243
      vertex 318.97413014183354 0.32886664673858323 243
    endloop
  endfacet
  facet normal -0.8482918245913292 -0.3485720473215831 0.3986207573089408
    outer loop
      vertex 316.8819823794524 0.32886664673858323 238.54776862437822
      vertex 318.97413014183354 0.32886664673858323 243
      vertex 318.95799865470553 0.368124552684678 243
    endloop
  endfacet
  facet normal -0.818918319012865 -0.42577929156554195 0.3848178551718833
    outer loop
      vertex 316.8540787054331 0.4067366430758002 238.56088083806085
      vertex 318.94006490831714 0.4067366430758002 243
      vertex 318.9203603645534 0.44463517918492745 243
    endloop
  endfacet
  facet normal -0.8343369270420941 -0.3875155864517805 0.3920632122896611
    outer loop
      vertex 316.86876867997637 0.368124552684678 238.55397787305807
      vertex 318.95799865470553 0.368124552684678 243
      vertex 318.94006490831714 0.4067366430758002 243
    endloop
  endfacet
  facet normal -0.8020630499822973 -0.4632960351198631 0.37689739677438683
    outer loop
      vertex 316.8379382270296 0.44463517918492745 238.56846540924028
      vertex 318.9203603645534 0.44463517918492745 243
      vertex 318.8989195918798 0.4817536741017153 243
    endloop
  endfacet
  facet normal -0.7838006898190016 -0.5000000000000074 0.3683157322722582
    outer loop
      vertex 316.8203755606496 0.4817536741017153 238.5767182806812
      vertex 318.8989195918798 0.4817536741017153 243
      vertex 318.8757802046972 0.5180270093731302 243
    endloop
  endfacet
  facet normal 0.402419327008266 0.8957117602393802 -0.18910084034473648
    outer loop
      vertex 315.6419160393805 -0.9048270524660196 239.13048811932435
      vertex 317.41878567852706 -0.8862035792312147 243
      vertex 317.4602381209754 -0.9048270524660196 243
    endloop
  endfacet
  facet normal 0.43601360933934263 0.8763066800439689 -0.2048871274170153
    outer loop
      vertex 315.6079613200968 -0.8862035792312147 239.14644377930207
      vertex 317.3782312794066 -0.8660254037844386 243
      vertex 317.41878567852706 -0.8862035792312147 243
    endloop
  endfacet
  facet normal 0.4688429756417867 0.8553642601603983 -0.22031397284695645
    outer loop
      vertex 315.57474221028036 -0.8660254037844386 239.1620537690819
      vertex 317.3386460698106 -0.844327925502015 243
      vertex 317.3782312794066 -0.8660254037844386 243
    endloop
  endfacet
  facet normal 0.5008498320504507 0.8329212407101678 -0.23535431270505716
    outer loop
      vertex 315.5423169875377 -0.844327925502015 239.1772907034374
      vertex 317.30009949564777 -0.8211492091337039 243
      vertex 317.3386460698106 -0.844327925502015 243
    endloop
  endfacet
  facet normal 0.5319780276641253 0.8090169943749531 -0.24998176112489545
    outer loop
      vertex 315.5107425367276 -0.8211492091337039 239.19212785160818
      vertex 317.2626591807075 -0.7965299180241964 243
      vertex 317.30009949564777 -0.8211492091337039 243
    endloop
  endfacet
  facet normal 0.5621729530501655 0.783693457325561 -0.26417065659146494
    outer loop
      vertex 315.4800742501659 -0.7965299180241964 239.20653918419467
      vertex 317.22639080802446 -0.7705132427757894 243
      vertex 317.2626591807075 -0.7965299180241964 243
    endloop
  endfacet
  facet normal 0.6466371271630227 0.6996633405129209 -0.30386121127359006
    outer loop
      vertex 315.39403588995526 -0.7144726796328034 239.24696946456584
      vertex 317.1252426681534 -0.6845471059286885 243
      vertex 317.1576222300206 -0.7144726796328034 243
    endloop
  endfacet
  facet normal 0.6725869983713803 0.6691306063586727 -0.316055313601673
    outer loop
      vertex 315.3675129912118 -0.6845471059286885 239.25943283822647
      vertex 317.0942761238009 -0.6534206039901056 243
      vertex 317.1252426681534 -0.6845471059286885 243
    endloop
  endfacet
  facet normal 0.6973569234379473 0.6374239897488722 -0.3276949475133707
    outer loop
      vertex 315.34214753000924 -0.6534206039901056 239.27135232048593
      vertex 317.06477692280436 -0.6211477802783104 243
      vertex 317.0942761238009 -0.6534206039901056 243
    endloop
  endfacet
  facet normal 0.5913816360478882 0.7569950556521108 -0.2778961069601029
    outer loop
      vertex 315.4503659304484 -0.7705132427757894 239.2204994188225
      vertex 317.19135800464835 -0.7431448254773942 243
      vertex 317.22639080802446 -0.7705132427757894 243
    endloop
  endfacet
  facet normal 0.6195528347040278 0.7289686274216045 -0.29113403312781116
    outer loop
      vertex 315.4216696960628 -0.7431448254773942 239.23398406449644
      vertex 317.1576222300206 -0.7144726796328034 243
      vertex 317.19135800464835 -0.7431448254773942 243
    endloop
  endfacet
  facet normal 0.18817153165730358 0.9781476007338444 -0.08842367246596351
    outer loop
      vertex 315.8576793391536 -0.9822872507286886 239.029098800859
      vertex 317.678377796826 -0.9735789028731603 243
      vertex 317.72364526893625 -0.9822872507286886 243
    endloop
  endfacet
  facet normal 0.2976424287851847 0.9443763702375234 -0.13986513476866355
    outer loop
      vertex 315.7475923494316 -0.9510565162951535 239.0808297711934
      vertex 317.54554480128246 -0.9372819894918915 243
      vertex 317.5892493822365 -0.9510565162951535 243
    endloop
  endfacet
  facet normal 0.33317299593351435 0.9297764858883378 -0.15656130131619395
    outer loop
      vertex 315.71179284788104 -0.9372819894918915 239.09765231268878
      vertex 317.50251588508195 -0.9218631515885004 243
      vertex 317.54554480128246 -0.9372819894918915 243
    endloop
  endfacet
  facet normal 0.36811906443473347 0.9135454576423967 -0.17298280614165315
    outer loop
      vertex 315.6765468000158 -0.9218631515885004 239.1142147807981
      vertex 317.4602381209754 -0.9048270524660196 243
      vertex 317.50251588508195 -0.9218631515885004 243
    endloop
  endfacet
  facet normal 0.261589695676856 0.957319497532185 -0.12292359724810653
    outer loop
      vertex 315.78388250017696 -0.9631625667976582 239.06377666876614
      vertex 317.5892493822365 -0.9510565162951535 243
      vertex 317.63355295525827 -0.9631625667976582 243
    endloop
  endfacet
  facet normal 0.2250780453544335 0.9685831611285455 -0.10576640996867415
    outer loop
      vertex 315.8205996348612 -0.9735789028731603 239.04652292234334
      vertex 317.63355295525827 -0.9631625667976582 243
      vertex 317.678377796826 -0.9735789028731603 243
    endloop
  endfacet
  facet normal 0.15093490115333916 0.9859960370704721 -0.07092580979556054
    outer loop
      vertex 315.895056562653 -0.9892723329629883 239.01153487214307
      vertex 317.72364526893625 -0.9822872507286886 243
      vertex 317.76927595706076 -0.9892723329629883 243
    endloop
  endfacet
  facet normal 0.07573305706719671 0.9964928592495029 -0.03558771602684204
    outer loop
      vertex 315.9704408709557 -0.9980267284282716 238.97611103662595
      vertex 317.8151898094673 -0.9945218953682733 243
      vertex 317.86130627765704 -0.9980267284282716 243
    endloop
  endfacet
  facet normal 0.11343347954412449 0.9921147013144898 -0.05330351915374278
    outer loop
      vertex 315.93266573300855 -0.9945218953682733 238.9938619492947
      vertex 317.76927595706076 -0.9892723329629883 243
      vertex 317.8151898094673 -0.9945218953682733 243
    endloop
  endfacet
  facet normal 0.037899773073780715 0.9991228300988589 -0.017809479953182696
    outer loop
      vertex 316.0083157060665 -0.9997806834748455 238.95831327526938
      vertex 317.86130627765704 -0.9980267284282716 243
      vertex 317.9075444576743 -0.9997806834748455 243
    endloop
  endfacet
  facet normal 0 1 0
    outer loop
      vertex 316.04622379301026 -0.9997806834748455 238.9404998885461
      vertex 317.9075444576743 -0.9997806834748455 243
      vertex 317.9538232320395 -0.9997806834748455 243
    endloop
  endfacet
  facet normal -0.03789977307378073 0.9991228300988588 0.017809479953182442
    outer loop
      vertex 316.08409862812107 -0.9980267284282716 238.9227021271895
      vertex 317.9538232320395 -0.9997806834748455 243
      vertex 318.00006141205677 -0.9980267284282716 243
    endloop
  endfacet
  facet normal -0.07573305706719671 0.9964928592495029 0.03558771602684143
    outer loop
      vertex 316.1218737660683 -0.9945218953682733 238.9049512145207
      vertex 318.00006141205677 -0.9980267284282716 243
      vertex 318.0461778802465 -0.9945218953682733 243
    endloop
  endfacet
  facet normal -0.11343347954426221 0.9921147013144707 0.05330351915380872
    outer loop
      vertex 316.1594829364238 -0.9892723329629883 238.88727829167237
      vertex 318.0461778802465 -0.9945218953682733 243
      vertex 318.092091732653 -0.9892723329629883 243
    endloop
  endfacet
  facet normal -0.1509349011529729 0.9859960370705402 0.07092580979539143
    outer loop
      vertex 316.19686015992323 -0.9822872507286886 238.86971436295642
      vertex 318.092091732653 -0.9892723329629883 243
      vertex 318.1377224207776 -0.9822872507286886 243
    endloop
  endfacet
  facet normal -0.18817153165775588 0.9781476007337382 0.08842367246617684
    outer loop
      vertex 316.2339398642156 -0.9735789028731603 238.85229024147213
      vertex 318.1377224207776 -0.9822872507286886 243
      vertex 318.18298989288775 -0.9735789028731603 243
    endloop
  endfacet
  facet normal 0.8482918245913266 0.34857204732158587 -0.3986207573089442
    outer loop
      vertex 315.18577081910047 -0.36812455268467786 239.34483529075735
      vertex 316.88723754788026 -0.32886664673858307 243
      vertex 316.90336903500827 -0.36812455268467786 243
    endloop
  endfacet
  facet normal 0.743185261945685 0.5707135676847477 -0.34923013914504925
    outer loop
      vertex 315.2950648101736 -0.5877852522924731 239.2934769583676
      vertex 317.0103848923602 -0.553391549243344 243
      vertex 317.03679681678625 -0.5877852522924731 243
    endloop
  endfacet
  facet normal 0.7209034474978013 0.6045991148623147 -0.33875969313584303
    outer loop
      vertex 315.31798400598586 -0.6211477802783104 239.28270700052198
      vertex 317.03679681678625 -0.5877852522924731 243
      vertex 317.06477692280436 -0.6211477802783104 243
    endloop
  endfacet
  facet normal 0.7641632769088968 0.5358267949783196 -0.35908791682138047
    outer loop
      vertex 315.27343015062985 -0.553391549243344 239.30364329985696
      vertex 316.9855874850166 -0.51802700937313 243
      vertex 317.0103848923602 -0.553391549243344 243
    endloop
  endfacet
  facet normal 0.7838006898185197 0.5000000000009278 -0.36831573227203446
    outer loop
      vertex 315.25311798189904 -0.51802700937313 239.3131881897726
      vertex 316.96244809783394 -0.4817536741017154 243
      vertex 316.9855874850166 -0.51802700937313 243
    endloop
  endfacet
  facet normal 0.8020630499822969 0.46329603511986767 -0.376897396774382
    outer loop
      vertex 315.2341639384272 -0.4817536741017154 239.32209488313424
      vertex 316.94100732516034 -0.44463517918492756 243
      vertex 316.96244809783394 -0.4817536741017154 243
    endloop
  endfacet
  facet normal 0.8189183190132984 0.42577929156452726 -0.38481785517208417
    outer loop
      vertex 315.21660127204717 -0.44463517918492756 239.3303477545752
      vertex 316.92130278139666 -0.4067366430758002 243
      vertex 316.94100732516034 -0.44463517918492756 243
    endloop
  endfacet
  facet normal 0.8343369270420907 0.38751558645177714 -0.39206321228967184
    outer loop
      vertex 315.2004607936437 -0.4067366430758002 239.3379323257546
      vertex 316.90336903500827 -0.36812455268467786 243
      vertex 316.92130278139666 -0.4067366430758002 243
    endloop
  endfacet
  facet normal 0.8607585300280349 0.30901699437717634 -0.40447898606735133
    outer loop
      vertex 315.1725571196244 -0.32886664673858307 239.35104453943723
      vertex 316.87293662012246 -0.2890317969444718 243
      vertex 316.88723754788026 -0.32886664673858307 243
    endloop
  endfacet
  facet normal 0.8717151725171749 0.26891982061364345 -0.4096276212421202
    outer loop
      vertex 315.16084287653456 -0.2890317969444718 239.35654917866208
      vertex 316.86049134042196 -0.24868988716485485 243
      vertex 316.87293662012246 -0.2890317969444718 243
    endloop
  endfacet
  facet normal 0.8811425303814687 0.22835087011044608 -0.4140576303761887
    outer loop
      vertex 315.15064864059383 -0.24868988716485485 239.36133955142424
      vertex 316.849923542028 -0.20791169081775934 243
      vertex 316.86049134042196 -0.24868988716485485 243
    endloop
  endfacet
  facet normal 0.8890240648336293 0.18738131458529156 -0.4177612417290274
    outer loop
      vertex 315.141992295956 -0.20791169081775934 239.3654072537821
      vertex 316.8412517644501 -0.16676874671610217 243
      vertex 316.849923542028 -0.20791169081775934 243
    endloop
  endfacet
  facet normal 0.8953459489833774 0.1460830285637522 -0.42073195790752277
    outer loop
      vertex 315.13488902879106 -0.16676874671610217 239.36874514960354
      vertex 316.8344912209326 -0.12533323356430406 243
      vertex 316.8412517644501 -0.16676874671610217 243
    endloop
  endfacet
  facet normal 0.9000970920984506 0.10452846326762615 -0.4229645672663631
    outer loop
      vertex 315.1293513006433 -0.12533323356430406 239.37134738308507
      vertex 316.8296537717663 -0.08367784333231569 243
      vertex 316.8344912209326 -0.12533323356430406 243
    endloop
  endfacet
  facet normal 0.9032691590587767 0.06279051952892761 -0.4244551530498102
    outer loop
      vertex 315.1253888265697 -0.08367784333231569 239.37320938902482
      vertex 316.82674790348074 -0.04187565372919973 243
      vertex 316.8296537717663 -0.08367784333231569 243
    endloop
  endfacet
  facet normal 0.90485658498115 0.020942419882988696 -0.42520110026397595
    outer loop
      vertex 315.1222146710224 0 239.37470095625605
      vertex 316.8257787139563 0 243
      vertex 316.82674790348074 -0.04187565372919973 243
    endloop
  endfacet
  facet normal 0.9048565849811474 -0.02094241988298866 -0.42520110026398134
    outer loop
      vertex 315.1230085580961 0.04187565372919973 239.37432790083176
      vertex 316.82674790348074 0.04187565372919973 243
      vertex 316.8257787139563 0 243
    endloop
  endfacet
  facet normal 0.9032691590587023 -0.0627905195301481 -0.424455153049788
    outer loop
      vertex 315.1230085580961 0.04187565372919973 239.37432790083176
      vertex 316.82965377176635 0.08367784333231569 243
      vertex 316.82674790348074 0.04187565372919973 243
    endloop
  endfacet
  facet normal 0.900097092098566 -0.1045284632664125 -0.42296456726641735
    outer loop
      vertex 315.1293513006433 0.12533323356430406 239.37134738308507
      vertex 316.8344912209326 0.12533323356430406 243
      vertex 316.82965377176635 0.08367784333231569 243
    endloop
  endfacet
  facet normal 0.8953459489833774 -0.1460830285637522 -0.42073195790752277
    outer loop
      vertex 315.13488902879106 0.16676874671610217 239.36874514960354
      vertex 316.8412517644501 0.16676874671610217 243
      vertex 316.8344912209326 0.12533323356430406 243
    endloop
  endfacet
  facet normal 0.8890240648336293 -0.18738131458529156 -0.4177612417290274
    outer loop
      vertex 315.141992295956 0.20791169081775934 239.3654072537821
      vertex 316.849923542028 0.20791169081775934 243
      vertex 316.8412517644501 0.16676874671610217 243
    endloop
  endfacet
  facet normal 0.8811425303814687 -0.22835087011044608 -0.4140576303761887
    outer loop
      vertex 315.15064864059383 0.24868988716485485 239.36133955142424
      vertex 316.86049134042196 0.24868988716485485 243
      vertex 316.849923542028 0.20791169081775934 243
    endloop
  endfacet
  facet normal 0.8717151725168824 -0.26891982061478054 -0.4096276212419963
    outer loop
      vertex 315.16084287653456 0.2890317969444718 239.35654917866208
      vertex 316.8729366201225 0.2890317969444718 243
      vertex 316.86049134042196 0.24868988716485485 243
    endloop
  endfacet
  facet normal 0.8607585300283623 -0.3090169943760631 -0.40447898606750515
    outer loop
      vertex 315.1725571196244 0.32886664673858307 239.35104453943723
      vertex 316.88723754788026 0.32886664673858307 243
      vertex 316.8729366201225 0.2890317969444718 243
    endloop
  endfacet
  facet normal 0.8482918245913266 -0.34857204732158587 -0.3986207573089442
    outer loop
      vertex 315.18577081910047 0.36812455268467786 239.34483529075735
      vertex 316.90336903500827 0.36812455268467786 243
      vertex 316.88723754788026 0.32886664673858307 243
    endloop
  endfacet
  facet normal 0.8343369270424905 -0.3875155864507343 -0.3920632122898518
    outer loop
      vertex 315.18577081910047 0.36812455268467786 239.34483529075735
      vertex 316.9213027813966 0.4067366430758002 243
      vertex 316.90336903500827 0.36812455268467786 243
    endloop
  endfacet
  facet normal 0.8189183190128697 -0.42577929156553346 -0.38481785517188277
    outer loop
      vertex 315.21660127204717 0.44463517918492756 239.3303477545752
      vertex 316.94100732516034 0.44463517918492756 243
      vertex 316.9213027813966 0.4067366430758002 243
    endloop
  endfacet
  facet normal 0.8020630499822969 -0.46329603511986767 -0.376897396774382
    outer loop
      vertex 315.2341639384272 0.4817536741017154 239.32209488313424
      vertex 316.96244809783394 0.4817536741017154 243
      vertex 316.94100732516034 0.44463517918492756 243
    endloop
  endfacet
  facet normal -0.15093490115300875 -0.9859960370705336 0.07092580979540786
    outer loop
      vertex 316.1594829364238 0.9892723329629883 238.88727829167237
      vertex 316.19686015992323 0.9822872507286887 238.86971436295642
      vertex 318.092091732653 0.9892723329629883 243
    endloop
  endfacet
  facet normal -0.6466371271624718 -0.6996633405135423 0.3038612112733315
    outer loop
      vertex 316.687026507865 0.6845471059286887 238.63938032558897
      vertex 318.70374545969315 0.7144726796328034 243
      vertex 316.6605036091215 0.7144726796328034 238.65184369924964
    endloop
  endfacet
  facet normal -0.6195528347041537 -0.7289686274214743 0.29113403312786906
    outer loop
      vertex 316.632869803014 0.7431448254773942 238.664829099319
      vertex 316.6605036091215 0.7144726796328034 238.65184369924964
      vertex 318.6700096850654 0.7431448254773942 243
    endloop
  endfacet
  facet normal -0.5913816360486054 -0.7569950556514282 0.2778961069604356
    outer loop
      vertex 316.632869803014 0.7431448254773942 238.664829099319
      vertex 318.63497688168934 0.7705132427757891 243
      vertex 316.6041735686284 0.7705132427757891 238.67831374499292
    endloop
  endfacet
  facet normal -0.7641632769080224 -0.5358267949798409 0.3590879168209713
    outer loop
      vertex 316.8014215171778 0.5180270093731302 238.58562497404282
      vertex 318.85098279735354 0.5533915492433441 243
      vertex 316.78110934844693 0.5533915492433441 238.5951698639585
    endloop
  endfacet
  facet normal -0.7838006898194301 -0.4999999999991942 0.3683157322724507
    outer loop
      vertex 316.8203755606496 0.4817536741017153 238.5767182806812
      vertex 318.8757802046972 0.5180270093731302 243
      vertex 316.8014215171778 0.5180270093731302 238.58562497404282
    endloop
  endfacet
  facet normal -0.7431852619457289 -0.5707135676846739 0.3492301391450766
    outer loop
      vertex 316.78110934844693 0.5533915492433441 238.5951698639585
      vertex 318.82457087292755 0.5877852522924731 243
      vertex 316.7594746889032 0.5877852522924731 238.60533620544788
    endloop
  endfacet
  facet normal -0.7209034474978325 -0.6045991148622698 0.33875969313585635
    outer loop
      vertex 316.7594746889032 0.5877852522924731 238.60533620544788
      vertex 318.7965907669094 0.6211477802783103 243
      vertex 316.7365554930909 0.6211477802783103 238.61610616329347
    endloop
  endfacet
  facet normal -0.6973569234381991 -0.6374239897485378 0.3276949475134851
    outer loop
      vertex 316.7365554930909 0.6211477802783103 238.61610616329347
      vertex 318.7670915659129 0.6534206039901054 243
      vertex 316.71239196906754 0.6534206039901054 238.62746084332954
    endloop
  endfacet
  facet normal -0.6725869983715544 -0.6691306063584574 0.3160553136017579
    outer loop
      vertex 316.71239196906754 0.6534206039901054 238.62746084332954
      vertex 318.7361250215604 0.6845471059286887 243
      vertex 316.687026507865 0.6845471059286887 238.63938032558897
    endloop
  endfacet
  facet normal -0.402419327008122 -0.8957117602394589 0.1891008403446702
    outer loop
      vertex 316.44657817897996 0.8862035792312147 238.75236938451337
      vertex 318.4011295687383 0.9048270524660195 243
      vertex 316.4126234596963 0.9048270524660195 238.7683250444911
    endloop
  endfacet
  facet normal -0.3681190644345661 -0.9135454576424779 0.17298280614158004
    outer loop
      vertex 316.377992699061 0.9218631515885005 238.78459838301734
      vertex 316.4126234596963 0.9048270524660195 238.7683250444911
      vertex 318.3588518046318 0.9218631515885005 243
    endloop
  endfacet
  facet normal -0.5008498320507443 -0.8329212407099524 0.23535431270519533
    outer loop
      vertex 316.5122225115391 0.8443279255020151 238.72152246037805
      vertex 316.5437969623492 0.821149209133704 238.70668531220727
      vertex 318.5227216199032 0.8443279255020151 243
    endloop
  endfacet
  facet normal -0.5621729530494665 -0.7836934573261737 0.26417065659113503
    outer loop
      vertex 316.6041735686284 0.7705132427757891 238.67831374499292
      vertex 318.59870850900626 0.7965299180241963 243
      vertex 316.5744652489109 0.7965299180241963 238.69227397962078
    endloop
  endfacet
  facet normal -0.5319780276640149 -0.809016994375041 0.24998176112484546
    outer loop
      vertex 316.5744652489109 0.7965299180241963 238.69227397962078
      vertex 318.561268194066 0.821149209133704 243
      vertex 316.5437969623492 0.821149209133704 238.70668531220727
    endloop
  endfacet
  facet normal -0.4688429756416669 -0.8553642601604792 0.22031397284689738
    outer loop
      vertex 316.5122225115391 0.8443279255020151 238.72152246037805
      vertex 318.48313641030717 0.8660254037844386 243
      vertex 316.4797972887964 0.8660254037844386 238.73675939473355
    endloop
  endfacet
  facet normal -0.4360136093393373 -0.8763066800439727 0.20488712741701043
    outer loop
      vertex 316.44657817897996 0.8862035792312147 238.75236938451337
      vertex 316.4797972887964 0.8660254037844386 238.73675939473355
      vertex 318.4425820111867 0.8862035792312147 243
    endloop
  endfacet
  facet normal -0.2250780453539205 -0.968583161128691 0.105766409968434
    outer loop
      vertex 316.2339398642156 0.9735789028731603 238.85229024147213
      vertex 316.2706569988999 0.9631625667976582 238.83503649504928
      vertex 318.18298989288775 0.9735789028731603 243
    endloop
  endfacet
  facet normal -0.18817153165763362 -0.9781476007337669 0.08842367246611825
    outer loop
      vertex 316.19686015992323 0.9822872507286887 238.86971436295642
      vertex 316.2339398642156 0.9735789028731603 238.85229024147213
      vertex 318.13772242077755 0.9822872507286887 243
    endloop
  endfacet
  facet normal -0.2615896956771632 -0.9573194975320827 0.12292359724825058
    outer loop
      vertex 316.3069471496452 0.9510565162951535 238.817983392622
      vertex 318.2278147344556 0.9631625667976582 243
      vertex 316.2706569988999 0.9631625667976582 238.83503649504928
    endloop
  endfacet
  facet normal -0.33317299593368604 -0.9297764858882626 0.15656130131627535
    outer loop
      vertex 316.377992699061 0.9218631515885005 238.78459838301734
      vertex 318.3158228884313 0.9372819894918915 243
      vertex 316.34274665119574 0.9372819894918915 238.80116085112667
    endloop
  endfacet
  facet normal -0.2976424287854386 -0.9443763702374257 0.13986513476878276
    outer loop
      vertex 316.3069471496452 0.9510565162951535 238.817983392622
      vertex 316.34274665119574 0.9372819894918915 238.80116085112667
      vertex 318.27211830747723 0.9510565162951535 243
    endloop
  endfacet
  facet normal 0.7641632769086426 -0.5358267949787582 -0.35908791682126684
    outer loop
      vertex 315.25311798189904 0.51802700937313 239.3131881897726
      vertex 315.27343015062985 0.553391549243344 239.30364329985696
      vertex 316.9855874850166 0.51802700937313 243
    endloop
  endfacet
  facet normal 0.7431852619458545 -0.570713567684478 -0.34923013914512885
    outer loop
      vertex 315.27343015062985 0.553391549243344 239.30364329985696
      vertex 315.2950648101736 0.5877852522924731 239.2934769583676
      vertex 317.03679681678625 0.5877852522924731 243
    endloop
  endfacet
  facet normal 0.7209034474977064 -0.6045991148624517 -0.33875969313580034
    outer loop
      vertex 315.2950648101736 0.5877852522924731 239.2934769583676
      vertex 315.31798400598586 0.6211477802783104 239.28270700052198
      vertex 317.03679681678625 0.5877852522924731 243
    endloop
  endfacet
  facet normal 0.6973569234383297 -0.6374239897483651 -0.3276949475135429
    outer loop
      vertex 315.31798400598586 0.6211477802783104 239.28270700052198
      vertex 315.34214753000924 0.6534206039901056 239.27135232048593
      vertex 317.06477692280436 0.6211477802783104 243
    endloop
  endfacet
  facet normal 0.672586998370865 -0.6691306063593004 -0.31605531360144046
    outer loop
      vertex 315.34214753000924 0.6534206039901056 239.27135232048593
      vertex 315.3675129912118 0.6845471059286885 239.25943283822647
      vertex 317.0942761238009 0.6534206039901056 243
    endloop
  endfacet
  facet normal 0.6466371271631615 -0.6996633405127654 -0.3038612112736528
    outer loop
      vertex 315.3675129912118 0.6845471059286885 239.25943283822647
      vertex 315.39403588995526 0.7144726796328034 239.24696946456584
      vertex 317.1252426681534 0.6845471059286885 243
    endloop
  endfacet
  facet normal 0.619552834704023 -0.7289686274216096 -0.291134033127809
    outer loop
      vertex 315.4216696960628 0.7431448254773942 239.23398406449644
      vertex 317.1576222300206 0.7144726796328034 243
      vertex 315.39403588995526 0.7144726796328034 239.24696946456584
    endloop
  endfacet
  facet normal 0.5913816360479276 -0.7569950556520733 -0.2778961069601208
    outer loop
      vertex 315.4216696960628 0.7431448254773942 239.23398406449644
      vertex 315.4503659304484 0.7705132427757894 239.2204994188225
      vertex 317.19135800464835 0.7431448254773942 243
    endloop
  endfacet
  facet normal 0.5621729530501308 -0.7836934573255909 -0.2641706565914492
    outer loop
      vertex 315.4503659304484 0.7705132427757894 239.2204994188225
      vertex 315.4800742501659 0.7965299180241963 239.20653918419467
      vertex 317.22639080802446 0.7705132427757894 243
    endloop
  endfacet
  facet normal 0.531978027664015 -0.809016994375041 -0.24998176112484535
    outer loop
      vertex 315.4800742501659 0.7965299180241963 239.20653918419467
      vertex 315.5107425367276 0.821149209133704 239.19212785160818
      vertex 317.2626591807075 0.7965299180241963 243
    endloop
  endfacet
  facet normal 0.5008498320507444 -0.8329212407099535 -0.23535431270519083
    outer loop
      vertex 315.5107425367276 0.821149209133704 239.19212785160818
      vertex 315.5423169875377 0.844327925502015 239.1772907034374
      vertex 317.30009949564777 0.821149209133704 243
    endloop
  endfacet
  facet normal 0.46884297564166694 -0.8553642601604778 -0.22031397284690188
    outer loop
      vertex 315.5423169875377 0.844327925502015 239.1772907034374
      vertex 315.57474221028036 0.8660254037844386 239.1620537690819
      vertex 317.3386460698106 0.844327925502015 243
    endloop
  endfacet
  facet normal 0.40241932700812183 -0.8957117602394589 -0.18910084034467062
    outer loop
      vertex 315.6079613200968 0.8862035792312147 239.14644377930207
      vertex 315.6419160393805 0.9048270524660195 239.13048811932435
      vertex 317.41878567852706 0.8862035792312147 243
    endloop
  endfacet
  facet normal 0.3681190644345673 -0.9135454576424779 -0.17298280614157727
    outer loop
      vertex 315.6419160393805 0.9048270524660195 239.13048811932435
      vertex 315.6765468000158 0.9218631515885005 239.1142147807981
      vertex 317.4602381209754 0.9048270524660195 243
    endloop
  endfacet
  facet normal 0.4360136093393364 -0.8763066800439728 -0.20488712741701248
    outer loop
      vertex 315.6079613200968 0.8862035792312147 239.14644377930207
      vertex 317.3782312794066 0.8660254037844386 243
      vertex 315.57474221028036 0.8660254037844386 239.1620537690819
    endloop
  endfacet
  facet normal 0.33317299593368715 -0.9297764858882627 -0.1565613013162729
    outer loop
      vertex 315.6765468000158 0.9218631515885005 239.1142147807981
      vertex 315.71179284788104 0.9372819894918915 239.09765231268878
      vertex 317.50251588508195 0.9218631515885005 243
    endloop
  endfacet
  facet normal 0.261589695677163 -0.9573194975320825 -0.12292359724825082
    outer loop
      vertex 315.78388250017696 0.9631625667976582 239.06377666876614
      vertex 317.5892493822366 0.9510565162951535 243
      vertex 315.7475923494316 0.9510565162951535 239.0808297711934
    endloop
  endfacet
  facet normal 0.2976424287850114 -0.9443763702375897 -0.13986513476858428
    outer loop
      vertex 315.71179284788104 0.9372819894918915 239.09765231268878
      vertex 315.7475923494316 0.9510565162951535 239.0808297711934
      vertex 317.54554480128246 0.9372819894918915 243
    endloop
  endfacet
  facet normal 0.2250780453543151 -0.9685831611285791 -0.10576640996861672
    outer loop
      vertex 315.78388250017696 0.9631625667976582 239.06377666876614
      vertex 315.8205996348612 0.9735789028731603 239.04652292234334
      vertex 317.6335529552582 0.9631625667976582 243
    endloop
  endfacet
  facet normal 0.18817153165730013 -0.978147600733845 -0.08842367246596462
    outer loop
      vertex 315.8205996348612 0.9735789028731603 239.04652292234334
      vertex 315.8576793391536 0.9822872507286887 239.029098800859
      vertex 317.67837779682606 0.9735789028731603 243
    endloop
  endfacet
  facet normal 0.11343347954418413 -0.9921147013144814 -0.053303519153771725
    outer loop
      vertex 315.895056562653 0.9892723329629883 239.01153487214307
      vertex 315.93266573300855 0.9945218953682733 238.9938619492947
      vertex 317.7692759570608 0.9892723329629883 243
    endloop
  endfacet
  facet normal 0.150934901153235 -0.9859960370704913 -0.0709258097955128
    outer loop
      vertex 315.8576793391536 0.9822872507286887 239.029098800859
      vertex 315.895056562653 0.9892723329629883 239.01153487214307
      vertex 317.72364526893625 0.9822872507286887 243
    endloop
  endfacet
  facet normal 0.07573305706725982 -0.996492859249497 -0.03558771602687097
    outer loop
      vertex 315.93266573300855 0.9945218953682733 238.9938619492947
      vertex 315.9704408709557 0.9980267284282716 238.97611103662595
      vertex 317.8151898094673 0.9945218953682733 243
    endloop
  endfacet
  facet normal 0.03789977307380245 -0.9991228300988579 -0.01780947995319213
    outer loop
      vertex 315.9704408709557 0.9980267284282716 238.97611103662595
      vertex 316.0083157060665 0.9997806834748455 238.95831327526938
      vertex 317.861306277657 0.9980267284282716 243
    endloop
  endfacet
  facet normal 0 -1 0
    outer loop
      vertex 316.04622379301026 0.9997806834748455 238.9404998885461
      vertex 317.9075444576743 0.9997806834748455 243
      vertex 316.0083157060665 0.9997806834748455 238.95831327526938
    endloop
  endfacet
  facet normal -0.03789977307379136 -0.9991228300988584 0.017809479953187317
    outer loop
      vertex 316.04622379301026 0.9997806834748455 238.9404998885461
      vertex 316.08409862812107 0.9980267284282716 238.9227021271895
      vertex 317.9538232320395 0.9997806834748455 243
    endloop
  endfacet
  facet normal -0.07573305706714548 -0.9964928592495077 0.03558771602681689
    outer loop
      vertex 316.08409862812107 0.9980267284282716 238.9227021271895
      vertex 316.1218737660683 0.9945218953682733 238.9049512145207
      vertex 318.0000614120567 0.9980267284282716 243
    endloop
  endfacet
  facet normal -0.1134334795443551 -0.9921147013144576 0.05330351915385133
    outer loop
      vertex 316.1594829364238 0.9892723329629883 238.88727829167237
      vertex 318.0461778802465 0.9945218953682733 243
      vertex 316.1218737660683 0.9945218953682733 238.9049512145207
    endloop
  endfacet
  facet normal -0.4688429756412928 -0.8553642601607282 0.22031397284672635
    outer loop
      vertex 316.5122225115391 0.8443279255020151 238.72152246037805
      vertex 318.5227216199032 0.8443279255020151 243
      vertex 318.48313641030717 0.8660254037844386 243
    endloop
  endfacet
  facet normal -0.36811906443473685 -0.9135454576423943 0.1729828061416582
    outer loop
      vertex 316.4126234596963 0.9048270524660195 238.7683250444911
      vertex 318.4011295687383 0.9048270524660195 243
      vertex 318.3588518046318 0.9218631515885005 243
    endloop
  endfacet
  facet normal -0.43601360933934113 -0.8763066800439703 0.20488712741701212
    outer loop
      vertex 316.4797972887964 0.8660254037844386 238.73675939473355
      vertex 318.48313641030717 0.8660254037844386 243
      vertex 318.4425820111867 0.8862035792312147 243
    endloop
  endfacet
  facet normal -0.4024193270082647 -0.8957117602393808 0.18910084034473557
    outer loop
      vertex 316.44657817897996 0.8862035792312147 238.75236938451337
      vertex 318.4425820111867 0.8862035792312147 243
      vertex 318.4011295687383 0.9048270524660195 243
    endloop
  endfacet
  facet normal -0.26158969567747314 -0.9573194975319796 0.12292359724839262
    outer loop
      vertex 316.3069471496452 0.9510565162951535 238.817983392622
      vertex 318.27211830747723 0.9510565162951535 243
      vertex 318.2278147344556 0.9631625667976582 243
    endloop
  endfacet
  facet normal -0.22507804535389858 -0.9685831611286972 0.10576640996842394
    outer loop
      vertex 316.2706569988999 0.9631625667976582 238.83503649504928
      vertex 318.2278147344556 0.9631625667976582 243
      vertex 318.18298989288775 0.9735789028731603 243
    endloop
  endfacet
  facet normal -0.29764242878518676 -0.9443763702375222 0.13986513476866733
    outer loop
      vertex 316.34274665119574 0.9372819894918915 238.80116085112667
      vertex 318.3158228884313 0.9372819894918915 243
      vertex 318.27211830747723 0.9510565162951535 243
    endloop
  endfacet
  facet normal -0.33317299593351174 -0.9297764858883384 0.15656130131619547
    outer loop
      vertex 316.377992699061 0.9218631515885005 238.78459838301734
      vertex 318.3588518046318 0.9218631515885005 243
      vertex 318.3158228884313 0.9372819894918915 243
    endloop
  endfacet
  facet normal -0.6973569234384931 -0.6374239897481475 0.32769494751361833
    outer loop
      vertex 316.7365554930909 0.6211477802783103 238.61610616329347
      vertex 318.7965907669094 0.6211477802783103 243
      vertex 318.7670915659129 0.6534206039901054 243
    endloop
  endfacet
  facet normal -0.7641632769083947 -0.5358267949791973 0.359087916821139
    outer loop
      vertex 316.8014215171778 0.5180270093731302 238.58562497404282
      vertex 318.8757802046972 0.5180270093731302 243
      vertex 318.85098279735354 0.5533915492433441 243
    endloop
  endfacet
  facet normal -0.7431852619462048 -0.5707135676839227 0.34923013914529144
    outer loop
      vertex 316.78110934844693 0.5533915492433441 238.5951698639585
      vertex 318.85098279735354 0.5533915492433441 243
      vertex 318.82457087292755 0.5877852522924731 243
    endloop
  endfacet
  facet normal -0.7209034474972621 -0.6045991148630948 0.3387596931355981
    outer loop
      vertex 316.7594746889032 0.5877852522924731 238.60533620544788
      vertex 318.82457087292755 0.5877852522924731 243
      vertex 318.7965907669094 0.6211477802783103 243
    endloop
  endfacet
  facet normal -0.6725869983713837 -0.6691306063586658 0.3160553136016804
    outer loop
      vertex 316.71239196906754 0.6534206039901054 238.62746084332954
      vertex 318.7670915659129 0.6534206039901054 243
      vertex 318.7361250215604 0.6845471059286887 243
    endloop
  endfacet
  facet normal -0.646637127162464 -0.6996633405135511 0.303861211273328
    outer loop
      vertex 316.687026507865 0.6845471059286887 238.63938032558897
      vertex 318.7361250215604 0.6845471059286887 243
      vertex 318.70374545969315 0.7144726796328034 243
    endloop
  endfacet
  facet normal -0.591381636048435 -0.7569950556515899 0.27789610696035794
    outer loop
      vertex 316.632869803014 0.7431448254773942 238.664829099319
      vertex 318.6700096850654 0.7431448254773942 243
      vertex 318.63497688168934 0.7705132427757891 243
    endloop
  endfacet
  facet normal -0.5621729530496253 -0.7836934573260351 0.26417065659120753
    outer loop
      vertex 316.6041735686284 0.7705132427757891 238.67831374499292
      vertex 318.63497688168934 0.7705132427757891 243
      vertex 318.59870850900626 0.7965299180241963 243
    endloop
  endfacet
  facet normal -0.619552834704026 -0.7289686274216064 0.29113403312781083
    outer loop
      vertex 316.6605036091215 0.7144726796328034 238.65184369924964
      vertex 318.70374545969315 0.7144726796328034 243
      vertex 318.6700096850654 0.7431448254773942 243
    endloop
  endfacet
  facet normal -0.5319780276641295 -0.8090169943749496 0.24998176112489776
    outer loop
      vertex 316.5744652489109 0.7965299180241963 238.69227397962078
      vertex 318.59870850900626 0.7965299180241963 243
      vertex 318.561268194066 0.821149209133704 243
    endloop
  endfacet
  facet normal -0.5008498320509642 -0.8329212407097917 0.23535431270529586
    outer loop
      vertex 316.5437969623492 0.821149209133704 238.70668531220727
      vertex 318.561268194066 0.821149209133704 243
      vertex 318.5227216199032 0.8443279255020151 243
    endloop
  endfacet
  facet normal 0.7838006898185197 -0.5000000000009278 -0.36831573227203446
    outer loop
      vertex 315.25311798189904 0.51802700937313 239.3131881897726
      vertex 316.9855874850166 0.51802700937313 243
      vertex 316.96244809783394 0.4817536741017154 243
    endloop
  endfacet
  facet normal 0.7641632769088968 -0.5358267949783196 -0.35908791682138047
    outer loop
      vertex 315.27343015062985 0.553391549243344 239.30364329985696
      vertex 317.0103848923602 0.553391549243344 243
      vertex 316.9855874850166 0.51802700937313 243
    endloop
  endfacet
  facet normal 0.7431852619456867 -0.5707135676847472 -0.3492301391450463
    outer loop
      vertex 315.27343015062985 0.553391549243344 239.30364329985696
      vertex 317.03679681678625 0.5877852522924731 243
      vertex 317.0103848923602 0.553391549243344 243
    endloop
  endfacet
  facet normal 0.7209034474978013 -0.6045991148623147 -0.33875969313584303
    outer loop
      vertex 315.31798400598586 0.6211477802783104 239.28270700052198
      vertex 317.06477692280436 0.6211477802783104 243
      vertex 317.03679681678625 0.5877852522924731 243
    endloop
  endfacet
  facet normal 0.6973569234379473 -0.6374239897488722 -0.3276949475133707
    outer loop
      vertex 315.34214753000924 0.6534206039901056 239.27135232048593
      vertex 317.0942761238009 0.6534206039901056 243
      vertex 317.06477692280436 0.6211477802783104 243
    endloop
  endfacet
  facet normal 0.6725869983713803 -0.6691306063586727 -0.316055313601673
    outer loop
      vertex 315.3675129912118 0.6845471059286885 239.25943283822647
      vertex 317.1252426681534 0.6845471059286885 243
      vertex 317.0942761238009 0.6534206039901056 243
    endloop
  endfacet
  facet normal 0.6466371271630227 -0.6996633405129209 -0.30386121127359006
    outer loop
      vertex 315.39403588995526 0.7144726796328034 239.24696946456584
      vertex 317.1576222300206 0.7144726796328034 243
      vertex 317.1252426681534 0.6845471059286885 243
    endloop
  endfacet
  facet normal 0.6195528347040278 -0.7289686274216045 -0.29113403312781116
    outer loop
      vertex 315.4216696960628 0.7431448254773942 239.23398406449644
      vertex 317.19135800464835 0.7431448254773942 243
      vertex 317.1576222300206 0.7144726796328034 243
    endloop
  endfacet
  facet normal 0.5913816360478882 -0.7569950556521108 -0.2778961069601029
    outer loop
      vertex 315.4503659304484 0.7705132427757894 239.2204994188225
      vertex 317.22639080802446 0.7705132427757894 243
      vertex 317.19135800464835 0.7431448254773942 243
    endloop
  endfacet
  facet normal 0.5621729530501639 -0.7836934573255622 -0.26417065659146427
    outer loop
      vertex 315.4800742501659 0.7965299180241963 239.20653918419467
      vertex 317.2626591807075 0.7965299180241963 243
      vertex 317.22639080802446 0.7705132427757894 243
    endloop
  endfacet
  facet normal 0.5319780276641284 -0.8090169943749506 -0.2499817611248969
    outer loop
      vertex 315.5107425367276 0.821149209133704 239.19212785160818
      vertex 317.30009949564777 0.821149209133704 243
      vertex 317.2626591807075 0.7965299180241963 243
    endloop
  endfacet
  facet normal 0.5008498320504492 -0.8329212407101692 -0.23535431270505638
    outer loop
      vertex 315.5423169875377 0.844327925502015 239.1772907034374
      vertex 317.3386460698106 0.844327925502015 243
      vertex 317.30009949564777 0.821149209133704 243
    endloop
  endfacet
  facet normal 0.4688429756417867 -0.8553642601603983 -0.22031397284695645
    outer loop
      vertex 315.57474221028036 0.8660254037844386 239.1620537690819
      vertex 317.3782312794066 0.8660254037844386 243
      vertex 317.3386460698106 0.844327925502015 243
    endloop
  endfacet
  facet normal 0.43601360933934263 -0.8763066800439689 -0.2048871274170153
    outer loop
      vertex 315.6079613200968 0.8862035792312147 239.14644377930207
      vertex 317.41878567852706 0.8862035792312147 243
      vertex 317.3782312794066 0.8660254037844386 243
    endloop
  endfacet
  facet normal 0.40241932700826405 -0.895711760239381 -0.18910084034473557
    outer loop
      vertex 315.6419160393805 0.9048270524660195 239.13048811932435
      vertex 317.4602381209754 0.9048270524660195 243
      vertex 317.41878567852706 0.8862035792312147 243
    endloop
  endfacet
  facet normal 0.3681190644347374 -0.9135454576423946 -0.172982806141655
    outer loop
      vertex 315.6765468000158 0.9218631515885005 239.1142147807981
      vertex 317.50251588508195 0.9218631515885005 243
      vertex 317.4602381209754 0.9048270524660195 243
    endloop
  endfacet
  facet normal 0.33317299593351224 -0.9297764858883386 -0.15656130131619297
    outer loop
      vertex 315.71179284788104 0.9372819894918915 239.09765231268878
      vertex 317.54554480128246 0.9372819894918915 243
      vertex 317.50251588508195 0.9218631515885005 243
    endloop
  endfacet
  facet normal 0.2976424287848404 -0.9443763702376551 -0.13986513476850604
    outer loop
      vertex 315.7475923494316 0.9510565162951535 239.0808297711934
      vertex 317.5892493822366 0.9510565162951535 243
      vertex 317.54554480128246 0.9372819894918915 243
    endloop
  endfacet
  facet normal 0.26158969567747153 -0.9573194975319802 -0.122923597248392
    outer loop
      vertex 315.78388250017696 0.9631625667976582 239.06377666876614
      vertex 317.6335529552582 0.9631625667976582 243
      vertex 317.5892493822366 0.9510565162951535 243
    endloop
  endfacet
  facet normal 0.22507804535389792 -0.9685831611286971 -0.10576640996842572
    outer loop
      vertex 315.8205996348612 0.9735789028731603 239.04652292234334
      vertex 317.67837779682606 0.9735789028731603 243
      vertex 317.6335529552582 0.9631625667976582 243
    endloop
  endfacet
  facet normal 0.18817153165753187 -0.9781476007337909 -0.08842367246607077
    outer loop
      vertex 315.8576793391536 0.9822872507286887 239.029098800859
      vertex 317.72364526893625 0.9822872507286887 243
      vertex 317.67837779682606 0.9735789028731603 243
    endloop
  endfacet
  facet normal 0.15093490115315417 -0.9859960370705064 -0.07092580979547576
    outer loop
      vertex 315.895056562653 0.9892723329629883 239.01153487214307
      vertex 317.7692759570608 0.9892723329629883 243
      vertex 317.72364526893625 0.9822872507286887 243
    endloop
  endfacet
  facet normal 0.11343347954426251 -0.9921147013144705 -0.05330351915380764
    outer loop
      vertex 315.93266573300855 0.9945218953682733 238.9938619492947
      vertex 317.8151898094673 0.9945218953682733 243
      vertex 317.7692759570608 0.9892723329629883 243
    endloop
  endfacet
  facet normal 0.0757330570672896 -0.9964928592494944 -0.03558771602688461
    outer loop
      vertex 315.9704408709557 0.9980267284282716 238.97611103662595
      vertex 317.861306277657 0.9980267284282716 243
      vertex 317.8151898094673 0.9945218953682733 243
    endloop
  endfacet
  facet normal 0.03789977307373414 -0.999122830098861 -0.01780947995316081
    outer loop
      vertex 316.0083157060665 0.9997806834748455 238.95831327526938
      vertex 317.9075444576743 0.9997806834748455 243
      vertex 317.861306277657 0.9980267284282716 243
    endloop
  endfacet
  facet normal 0 -1 0
    outer loop
      vertex 316.04622379301026 0.9997806834748455 238.9404998885461
      vertex 317.9538232320395 0.9997806834748455 243
      vertex 317.9075444576743 0.9997806834748455 243
    endloop
  endfacet
  facet normal -0.03789977307382725 -0.9991228300988567 0.017809479953203776
    outer loop
      vertex 316.08409862812107 0.9980267284282716 238.9227021271895
      vertex 318.0000614120567 0.9980267284282716 243
      vertex 317.9538232320395 0.9997806834748455 243
    endloop
  endfacet
  facet normal -0.11343347954426221 -0.9921147013144707 0.05330351915380872
    outer loop
      vertex 316.1594829364238 0.9892723329629883 238.88727829167237
      vertex 318.092091732653 0.9892723329629883 243
      vertex 318.0461778802465 0.9945218953682733 243
    endloop
  endfacet
  facet normal -0.15093490115315453 -0.9859960370705064 0.0709258097954747
    outer loop
      vertex 316.19686015992323 0.9822872507286887 238.86971436295642
      vertex 318.13772242077755 0.9822872507286887 243
      vertex 318.092091732653 0.9892723329629883 243
    endloop
  endfacet
  facet normal -0.18817153165753245 -0.9781476007337906 0.08842367246607187
    outer loop
      vertex 316.2339398642156 0.9735789028731603 238.85229024147213
      vertex 318.18298989288775 0.9735789028731603 243
      vertex 318.13772242077755 0.9822872507286887 243
    endloop
  endfacet
  facet normal -0.07573305706710405 -0.9964928592495115 0.03558771602679788
    outer loop
      vertex 316.1218737660683 0.9945218953682733 238.9049512145207
      vertex 318.0461778802465 0.9945218953682733 243
      vertex 318.0000614120567 0.9980267284282716 243
    endloop
  endfacet
  facet normal 0.15093490115323743 0.9859960370704911 -0.07092580979551372
    outer loop
      vertex 320.3829547317338 -0.9822872507286886 236.90262692911736
      vertex 323.1473681649979 -0.9822872507286886 242.78548493947162
      vertex 320.42033195523317 -0.9892723329629883 236.88506300040143
    endloop
  endfacet
  facet normal 0.03789977307374476 0.9991228300988604 -0.017809479953165654
    outer loop
      vertex 320.4957162635359 -0.9980267284282716 236.8496391648843
      vertex 323.26012969680005 -0.9980267284282716 242.73249717523854
      vertex 320.53359109864675 -0.9997806834748455 236.8318414035277
    endloop
  endfacet
  facet normal 0.07573305706723796 0.996492859249499 -0.03558771602686088
    outer loop
      vertex 320.4957162635359 -0.9980267284282716 236.8496391648843
      vertex 320.4579411255887 -0.9945218953682733 236.8673900775531
      vertex 323.2223545588528 -0.9945218953682733 242.75024808790732
    endloop
  endfacet
  facet normal 0.11343347954421693 0.9921147013144768 -0.05330351915378625
    outer loop
      vertex 320.42033195523317 -0.9892723329629883 236.88506300040143
      vertex 323.1847453884973 -0.9892723329629883 242.76792101075569
      vertex 320.4579411255887 -0.9945218953682733 236.8673900775531
    endloop
  endfacet
  facet normal 0.2250780453543146 0.9685831611285792 -0.1057664099686179
    outer loop
      vertex 320.3091578927571 -0.9631625667976582 236.9373047970245
      vertex 323.07357132602124 -0.9631625667976582 242.82016280737875
      vertex 320.34587502744137 -0.9735789028731603 236.9200510506017
    endloop
  endfacet
  facet normal 0.18817153165729883 0.9781476007338457 -0.08842367246596142
    outer loop
      vertex 320.3829547317338 -0.9822872507286886 236.90262692911736
      vertex 320.34587502744137 -0.9735789028731603 236.9200510506017
      vertex 323.1102884607055 -0.9735789028731603 242.80290906095593
    endloop
  endfacet
  facet normal -0.15093490115323743 0.9859960370704911 0.07092580979551372
    outer loop
      vertex 320.684758329004 -0.9892723329629883 236.7608064199307
      vertex 323.4491717622681 -0.9892723329629883 242.64366443028496
      vertex 320.7221355525034 -0.9822872507286886 236.74324249121477
    endloop
  endfacet
  facet normal -0.1881715316576313 0.9781476007337676 0.08842367246611724
    outer loop
      vertex 320.7221355525034 -0.9822872507286886 236.74324249121477
      vertex 323.4865489857675 -0.9822872507286886 242.62610050156903
      vertex 320.75921525679576 -0.9735789028731603 236.7258183697305
    endloop
  endfacet
  facet normal -0.03789977307379141 0.9991228300988584 0.01780947995318721
    outer loop
      vertex 320.5714991855904 -0.9997806834748455 236.81402801680446
      vertex 323.33591261885454 -0.9997806834748455 242.69688602715868
      vertex 320.60937402070124 -0.9980267284282716 236.79623025544785
    endloop
  endfacet
  facet normal 0 1 0
    outer loop
      vertex 320.53359109864675 -0.9997806834748455 236.8318414035277
      vertex 323.29800453191086 -0.9997806834748455 242.71469941388196
      vertex 320.5714991855904 -0.9997806834748455 236.81402801680446
    endloop
  endfacet
  facet normal -0.07573305706714528 0.9964928592495076 0.03558771602681734
    outer loop
      vertex 320.64714915864846 -0.9945218953682733 236.77847934277906
      vertex 320.60937402070124 -0.9980267284282716 236.79623025544785
      vertex 323.37378745396535 -0.9980267284282716 242.67908826580208
    endloop
  endfacet
  facet normal -0.11343347954418448 0.9921147013144815 0.053303519153771
    outer loop
      vertex 320.64714915864846 -0.9945218953682733 236.77847934277906
      vertex 323.41156259191257 -0.9945218953682733 242.66133735313332
      vertex 320.684758329004 -0.9892723329629883 236.7608064199307
    endloop
  endfacet
  facet normal -0.2250780453539222 0.9685831611286903 0.10576640996843618
    outer loop
      vertex 320.75921525679576 -0.9735789028731603 236.7258183697305
      vertex 323.5236286900599 -0.9735789028731603 242.60867638008472
      vertex 320.79593239148005 -0.9631625667976581 236.70856462330764
    endloop
  endfacet
  facet normal -0.2615896956771617 0.9573194975320833 0.12292359724824806
    outer loop
      vertex 320.8322225422254 -0.9510565162951535 236.69151152088037
      vertex 320.79593239148005 -0.9631625667976581 236.70856462330764
      vertex 323.56034582474416 -0.9631625667976581 242.5914226336619
    endloop
  endfacet
  facet normal -0.2976424287854336 0.9443763702374274 0.13986513476878243
    outer loop
      vertex 320.8322225422254 -0.9510565162951535 236.69151152088037
      vertex 323.5966359754895 -0.9510565162951535 242.57436953123462
      vertex 320.8680220437759 -0.9372819894918917 236.67468897938502
    endloop
  endfacet
  facet normal -0.3331729959336927 0.92977648588826 0.15656130131627743
    outer loop
      vertex 320.8680220437759 -0.9372819894918917 236.67468897938502
      vertex 323.63243547704 -0.9372819894918917 242.55754698973928
      vertex 320.90326809164117 -0.9218631515885004 236.6581265112757
    endloop
  endfacet
  facet normal -0.36811906443456344 0.91354545764248 0.17298280614157535
    outer loop
      vertex 320.90326809164117 -0.9218631515885004 236.6581265112757
      vertex 323.6676815249053 -0.9218631515885004 242.54098452162995
      vertex 320.9378988522765 -0.9048270524660196 236.64185317274945
    endloop
  endfacet
  facet normal -0.5008498320507511 0.8329212407099487 0.23535431270519383
    outer loop
      vertex 321.0374979041193 -0.8443279255020153 236.5950505886364
      vertex 323.8019113373834 -0.8443279255020153 242.47790859899067
      vertex 321.06907235492935 -0.8211492091337039 236.58021344046563
    endloop
  endfacet
  facet normal -0.4024193270081265 0.8957117602394556 0.1891008403446756
    outer loop
      vertex 320.9378988522765 -0.9048270524660196 236.64185317274945
      vertex 323.70231228554064 -0.9048270524660196 242.52471118310368
      vertex 320.97185357156013 -0.8862035792312145 236.62589751277173
    endloop
  endfacet
  facet normal -0.43601360933933314 0.876306680043975 0.2048871274170097
    outer loop
      vertex 320.97185357156013 -0.8862035792312145 236.62589751277173
      vertex 323.73626700482424 -0.8862035792312145 242.50875552312596
      vertex 321.0050726813766 -0.8660254037844386 236.6102875229919
    endloop
  endfacet
  facet normal -0.46884297564166333 0.8553642601604815 0.22031397284689602
    outer loop
      vertex 321.0374979041193 -0.8443279255020153 236.5950505886364
      vertex 321.0050726813766 -0.8660254037844386 236.6102875229919
      vertex 323.7694861146407 -0.8660254037844386 242.49314553334617
    endloop
  endfacet
  facet normal 0.5319780276640121 0.8090169943750436 -0.24998176112484335
    outer loop
      vertex 320.0360179293078 -0.8211492091337039 237.06565597986653
      vertex 320.00534964274607 -0.7965299180241964 237.08006731245302
      vertex 322.7697630760102 -0.7965299180241964 242.96292532280725
    endloop
  endfacet
  facet normal 0.5621729530501334 0.7836934573255897 -0.26417065659144795
    outer loop
      vertex 319.9756413230286 -0.7705132427757894 237.09402754708086
      vertex 322.7400547562927 -0.7705132427757894 242.9768855574351
      vertex 320.00534964274607 -0.7965299180241964 237.08006731245302
    endloop
  endfacet
  facet normal 0.5913816360479279 0.7569950556520733 -0.27789610696012035
    outer loop
      vertex 319.9756413230286 -0.7705132427757894 237.09402754708086
      vertex 319.94694508864296 -0.7431448254773942 237.1075121927548
      vertex 322.7113585219071 -0.7431448254773942 242.99037020310902
    endloop
  endfacet
  facet normal 0.6195528347047078 0.7289686274208987 -0.2911340331281312
    outer loop
      vertex 319.94694508864296 -0.7431448254773942 237.1075121927548
      vertex 319.9193112825355 -0.7144726796328034 237.12049759282417
      vertex 322.69086566541307 -0.7218819502917014 243
    endloop
  endfacet
  facet normal 0.646637127162474 0.6996633405135396 -0.3038612112733328
    outer loop
      vertex 319.892788383792 -0.6845471059286885 237.13296096648483
      vertex 322.6821478845236 -0.7144726796328034 243
      vertex 319.9193112825355 -0.7144726796328034 237.12049759282417
    endloop
  endfacet
  facet normal 0.6725869983708676 0.6691306063593006 -0.3160553136014352
    outer loop
      vertex 319.892788383792 -0.6845471059286885 237.13296096648483
      vertex 319.8674229225894 -0.6534206039901056 237.1448804487443
      vertex 322.64976832265637 -0.6845471059286885 243
    endloop
  endfacet
  facet normal 0.6973569234383296 0.6374239897483652 -0.3276949475135431
    outer loop
      vertex 319.8674229225894 -0.6534206039901056 237.1448804487443
      vertex 319.84325939856603 -0.6211477802783104 237.15623512878034
      vertex 322.6188017783038 -0.6534206039901056 243
    endloop
  endfacet
  facet normal 0.29764242878501124 0.9443763702375898 -0.1398651347685846
    outer loop
      vertex 320.2728677420118 -0.9510565162951535 236.95435789945176
      vertex 320.2370682404612 -0.9372819894918915 236.97118044094714
      vertex 323.0014816737253 -0.9372819894918915 242.85403845130136
    endloop
  endfacet
  facet normal 0.3331729959336882 0.9297764858882616 -0.15656130131627607
    outer loop
      vertex 320.2370682404612 -0.9372819894918915 236.97118044094714
      vertex 320.20182219259596 -0.9218631515885004 236.98774290905646
      vertex 322.96623562586007 -0.9218631515885004 242.8706009194107
    endloop
  endfacet
  facet normal 0.36811906443456344 0.91354545764248 -0.17298280614157538
    outer loop
      vertex 320.20182219259596 -0.9218631515885004 236.98774290905646
      vertex 320.16719143196065 -0.9048270524660196 237.0040162475827
      vertex 322.93160486522476 -0.9048270524660196 242.88687425793697
    endloop
  endfacet
  facet normal 0.2615896956771639 0.9573194975320826 -0.12292359724824908
    outer loop
      vertex 320.2728677420118 -0.9510565162951535 236.95435789945176
      vertex 323.0372811752759 -0.9510565162951535 242.83721590980602
      vertex 320.3091578927571 -0.9631625667976582 236.9373047970245
    endloop
  endfacet
  facet normal 0.40241932700802013 0.8957117602395148 -0.1891008403446217
    outer loop
      vertex 320.16719143196065 -0.9048270524660196 237.0040162475827
      vertex 320.133236712677 -0.8862035792312147 237.01997190756046
      vertex 322.8976501459411 -0.8862035792312147 242.9028299179147
    endloop
  endfacet
  facet normal 0.43601360933944705 0.8763066800439057 -0.2048871274170632
    outer loop
      vertex 320.133236712677 -0.8862035792312147 237.01997190756046
      vertex 320.10001760286053 -0.8660254037844386 237.03558189734025
      vertex 322.86443103612464 -0.8660254037844386 242.91843990769448
    endloop
  endfacet
  facet normal 0.46884297564166816 0.855364260160478 -0.22031397284689935
    outer loop
      vertex 320.10001760286053 -0.8660254037844386 237.03558189734025
      vertex 320.06759238011784 -0.844327925502015 237.05081883169575
      vertex 322.83200581338195 -0.844327925502015 242.93367684204998
    endloop
  endfacet
  facet normal 0.5008498320507456 0.8329212407099523 -0.23535431270519241
    outer loop
      vertex 320.06759238011784 -0.844327925502015 237.05081883169575
      vertex 320.0360179293078 -0.8211492091337039 237.06565597986653
      vertex 322.8004313625719 -0.8211492091337039 242.94851399022076
    endloop
  endfacet
  facet normal 0.43601360933944644 0.876306680043906 -0.20488712741706291
    outer loop
      vertex 320.133236712677 -0.8862035792312147 237.01997190756046
      vertex 322.86443103612464 -0.8660254037844386 242.91843990769448
      vertex 322.8976501459411 -0.8862035792312147 242.9028299179147
    endloop
  endfacet
  facet normal 0.5008498320507456 0.8329212407099524 -0.23535431270519241
    outer loop
      vertex 320.06759238011784 -0.844327925502015 237.05081883169575
      vertex 322.8004313625719 -0.8211492091337039 242.94851399022076
      vertex 322.83200581338195 -0.844327925502015 242.93367684204998
    endloop
  endfacet
  facet normal 0.46884297564167005 0.8553642601604768 -0.22031397284690024
    outer loop
      vertex 320.10001760286053 -0.8660254037844386 237.03558189734025
      vertex 322.83200581338195 -0.844327925502015 242.93367684204998
      vertex 322.86443103612464 -0.8660254037844386 242.91843990769448
    endloop
  endfacet
  facet normal 0.5621729530500008 0.7836934573257053 -0.26417065659138694
    outer loop
      vertex 320.00534964274607 -0.7965299180241964 237.08006731245302
      vertex 322.7400547562927 -0.7705132427757894 242.9768855574351
      vertex 322.7697630760102 -0.7965299180241964 242.96292532280725
    endloop
  endfacet
  facet normal 0.5319780276640111 0.8090169943750444 -0.24998176112484288
    outer loop
      vertex 320.0360179293078 -0.8211492091337039 237.06565597986653
      vertex 322.7697630760102 -0.7965299180241964 242.96292532280725
      vertex 322.8004313625719 -0.8211492091337039 242.94851399022076
    endloop
  endfacet
  facet normal 0.6725869983708275 0.6691306063593497 -0.31605531360141587
    outer loop
      vertex 319.8674229225894 -0.6534206039901056 237.1448804487443
      vertex 322.6188017783038 -0.6534206039901056 243
      vertex 322.64976832265637 -0.6845471059286885 243
    endloop
  endfacet
  facet normal 0.6973569234379501 0.6374239897488746 -0.32769494751336004
    outer loop
      vertex 319.84325939856603 -0.6211477802783104 237.15623512878034
      vertex 322.58930257730725 -0.6211477802783104 243
      vertex 322.6188017783038 -0.6534206039901056 243
    endloop
  endfacet
  facet normal 0.5913816360480572 0.7569950556519506 -0.2778961069601798
    outer loop
      vertex 319.9756413230286 -0.7705132427757894 237.09402754708086
      vertex 322.7113585219071 -0.7431448254773942 242.99037020310902
      vertex 322.7400547562927 -0.7705132427757894 242.9768855574351
    endloop
  endfacet
  facet normal 0.6195528347048349 0.7289686274207674 -0.29113403312818986
    outer loop
      vertex 319.94694508864296 -0.7431448254773942 237.1075121927548
      vertex 322.69086566541307 -0.7218819502917014 243
      vertex 322.7113585219071 -0.7431448254773942 242.99037020310902
    endloop
  endfacet
  facet normal 0.6195528347047874 0.7289686274208163 -0.2911340331281688
    outer loop
      vertex 319.9193112825355 -0.7144726796328034 237.12049759282417
      vertex 322.6821478845236 -0.7144726796328034 243
      vertex 322.69086566541307 -0.7218819502917014 243
    endloop
  endfacet
  facet normal 0.6466371271624674 0.6996633405135475 -0.30386121127332955
    outer loop
      vertex 319.892788383792 -0.6845471059286885 237.13296096648483
      vertex 322.64976832265637 -0.6845471059286885 243
      vertex 322.6821478845236 -0.7144726796328034 243
    endloop
  endfacet
  facet normal 0.7838006898188322 0.5000000000003347 -0.36831573227217473
    outer loop
      vertex 319.7783933744792 -0.51802700937313 237.18671631803096
      vertex 319.75943933100734 -0.4817536741017154 237.1956230113926
      vertex 322.5101131395195 -0.51802700937313 243
    endloop
  endfacet
  facet normal 0.720903447497709 0.6045991148624517 -0.338759693135795
    outer loop
      vertex 319.84325939856603 -0.6211477802783104 237.15623512878034
      vertex 319.82034020275375 -0.5877852522924731 237.16700508662595
      vertex 322.58930257730725 -0.6211477802783104 243
    endloop
  endfacet
  facet normal 0.7431852619458568 0.5707135676844781 -0.34923013914512435
    outer loop
      vertex 319.82034020275375 -0.5877852522924731 237.16700508662595
      vertex 319.79870554321 -0.553391549243344 237.17717142811532
      vertex 322.56132247128915 -0.5877852522924731 243
    endloop
  endfacet
  facet normal 0.7641632769086436 0.5358267949787582 -0.3590879168212646
    outer loop
      vertex 319.7783933744792 -0.51802700937313 237.18671631803096
      vertex 322.53491054686316 -0.553391549243344 243
      vertex 319.79870554321 -0.553391549243344 237.17717142811532
    endloop
  endfacet
  facet normal 0.8020630499821744 0.46329603512012324 -0.3768973967743283
    outer loop
      vertex 319.75943933100734 -0.4817536741017154 237.1956230113926
      vertex 319.74187666462734 -0.44463517918492756 237.20387588283356
      vertex 322.4869737523369 -0.4817536741017154 243
    endloop
  endfacet
  facet normal 0.8189183190130195 0.4257792915651792 -0.3848178551719561
    outer loop
      vertex 319.74187666462734 -0.44463517918492756 237.20387588283356
      vertex 319.72573618622386 -0.4067366430758002 237.21146045401295
      vertex 322.4655329796633 -0.44463517918492756 243
    endloop
  endfacet
  facet normal 0.8343369270423366 0.38751558645113915 -0.392063212289779
    outer loop
      vertex 319.72573618622386 -0.4067366430758002 237.21146045401295
      vertex 319.71104621168064 -0.36812455268467786 237.2183634190157
      vertex 322.44582843589956 -0.4067366430758002 243
    endloop
  endfacet
  facet normal 0.8482918245913208 0.34857204732160924 -0.3986207573089359
    outer loop
      vertex 319.71104621168064 -0.36812455268467786 237.2183634190157
      vertex 319.6978325122046 -0.32886664673858307 237.22457266769555
      vertex 322.42789468951116 -0.36812455268467786 243
    endloop
  endfacet
  facet normal 0.8607585300283399 0.30901699437616886 -0.4044789860674723
    outer loop
      vertex 319.6978325122046 -0.32886664673858307 237.22457266769555
      vertex 319.68611826911473 -0.2890317969444718 237.23007730692044
      vertex 322.41176320238316 -0.32886664673858307 243
    endloop
  endfacet
  facet normal 0.8717151725169728 0.2689198206144318 -0.40962762124203256
    outer loop
      vertex 319.68611826911473 -0.2890317969444718 237.23007730692044
      vertex 319.675924033174 -0.24868988716485485 237.2348676796826
      vertex 322.3974622746254 -0.2890317969444718 243
    endloop
  endfacet
  facet normal 0.8811425303814695 0.22835087011043528 -0.4140576303761929
    outer loop
      vertex 319.675924033174 -0.24868988716485485 237.2348676796826
      vertex 319.6672676885362 -0.20791169081775934 237.23893538204047
      vertex 322.3850169949249 -0.24868988716485485 243
    endloop
  endfacet
  facet normal 0.8890240648335132 0.18738131458597498 -0.417761241728968
    outer loop
      vertex 319.6672676885362 -0.20791169081775934 237.23893538204047
      vertex 319.66016442137123 -0.16676874671610217 237.2422732778619
      vertex 322.3744491965309 -0.20791169081775934 243
    endloop
  endfacet
  facet normal 0.8953459489834262 0.146083028563408 -0.4207319579075379
    outer loop
      vertex 319.66016442137123 -0.16676874671610217 237.2422732778619
      vertex 319.65462669322346 -0.12533323356430406 237.24487551134342
      vertex 322.365777418953 -0.16676874671610217 243
    endloop
  endfacet
  facet normal 0.9000970920985389 0.10452846326665259 -0.4229645672664159
    outer loop
      vertex 319.65462669322346 -0.12533323356430406 237.24487551134342
      vertex 319.65066421914986 -0.08367784333231569 237.24673751728318
      vertex 322.3590168754356 -0.12533323356430406 243
    endloop
  endfacet
  facet normal 0.9032691590587119 0.06279051953001924 -0.4244551530497864
    outer loop
      vertex 319.65066421914986 -0.08367784333231569 237.24673751728318
      vertex 319.6482839506763 -0.04187565372919973 237.24785602909012
      vertex 322.35417942626924 -0.08367784333231569 243
    endloop
  endfacet
  facet normal 0.720903447497806 0.6045991148623097 -0.3387596931358418
    outer loop
      vertex 319.82034020275375 -0.5877852522924731 237.16700508662595
      vertex 322.56132247128915 -0.5877852522924731 243
      vertex 322.58930257730725 -0.6211477802783104 243
    endloop
  endfacet
  facet normal 0.7431852619462057 0.5707135676839202 -0.3492301391452933
    outer loop
      vertex 319.79870554321 -0.553391549243344 237.17717142811532
      vertex 322.53491054686316 -0.553391549243344 243
      vertex 322.56132247128915 -0.5877852522924731 243
    endloop
  endfacet
  facet normal 0.7641632769083967 0.5358267949791906 -0.3590879168211449
    outer loop
      vertex 319.7783933744792 -0.51802700937313 237.18671631803096
      vertex 322.5101131395195 -0.51802700937313 243
      vertex 322.53491054686316 -0.553391549243344 243
    endloop
  endfacet
  facet normal 0.7838006898190024 0.5000000000000069 -0.36831573227225745
    outer loop
      vertex 319.75943933100734 -0.4817536741017154 237.1956230113926
      vertex 322.4869737523369 -0.4817536741017154 243
      vertex 322.5101131395195 -0.51802700937313 243
    endloop
  endfacet
  facet normal 0.8020630499822967 0.46329603511986284 -0.37689739677438794
    outer loop
      vertex 319.74187666462734 -0.44463517918492756 237.20387588283356
      vertex 322.4655329796633 -0.44463517918492756 243
      vertex 322.4869737523369 -0.4817536741017154 243
    endloop
  endfacet
  facet normal 0.8189183190128677 0.4257792915655382 -0.38481785517188183
    outer loop
      vertex 319.72573618622386 -0.4067366430758002 237.21146045401295
      vertex 322.44582843589956 -0.4067366430758002 243
      vertex 322.4655329796633 -0.44463517918492756 243
    endloop
  endfacet
  facet normal 0.8343369270420955 0.3875155864517784 -0.3920632122896606
    outer loop
      vertex 319.71104621168064 -0.36812455268467786 237.2183634190157
      vertex 322.42789468951116 -0.36812455268467786 243
      vertex 322.44582843589956 -0.4067366430758002 243
    endloop
  endfacet
  facet normal 0.9000970920983365 0.10452846326884524 -0.4229645672663049
    outer loop
      vertex 319.65066421914986 -0.08367784333231569 237.24673751728318
      vertex 322.35417942626924 -0.08367784333231569 243
      vertex 322.3590168754356 -0.12533323356430406 243
    endloop
  endfacet
  facet normal 0.8482918245913283 0.34857204732158664 -0.39862075730893964
    outer loop
      vertex 319.6978325122046 -0.32886664673858307 237.22457266769555
      vertex 322.41176320238316 -0.32886664673858307 243
      vertex 322.42789468951116 -0.36812455268467786 243
    endloop
  endfacet
  facet normal 0.8607585300283702 0.30901699437606467 -0.4044789860674873
    outer loop
      vertex 319.68611826911473 -0.2890317969444718 237.23007730692044
      vertex 322.3974622746254 -0.2890317969444718 243
      vertex 322.41176320238316 -0.32886664673858307 243
    endloop
  endfacet
  facet normal 0.8717151725171696 0.2689198206136441 -0.40962762124213103
    outer loop
      vertex 319.675924033174 -0.24868988716485485 237.2348676796826
      vertex 322.3850169949249 -0.24868988716485485 243
      vertex 322.3974622746254 -0.2890317969444718 243
    endloop
  endfacet
  facet normal 0.8811425303812227 0.2283508701116144 -0.41405763037606824
    outer loop
      vertex 319.6672676885362 -0.20791169081775934 237.23893538204047
      vertex 322.3744491965309 -0.20791169081775934 243
      vertex 322.3850169949249 -0.24868988716485485 243
    endloop
  endfacet
  facet normal 0.8890240648336295 0.18738131458528967 -0.41776124172902773
    outer loop
      vertex 319.66016442137123 -0.16676874671610217 237.2422732778619
      vertex 322.365777418953 -0.16676874671610217 243
      vertex 322.3744491965309 -0.20791169081775934 243
    endloop
  endfacet
  facet normal 0.8953459489836965 0.1460830285613436 -0.42073195790768003
    outer loop
      vertex 319.65462669322346 -0.12533323356430406 237.24487551134342
      vertex 322.3590168754356 -0.12533323356430406 243
      vertex 322.365777418953 -0.16676874671610217 243
    endloop
  endfacet
  facet normal 0.9048565849811608 0.020942419882417983 -0.42520110026398067
    outer loop
      vertex 319.6482839506763 -0.04187565372919973 237.24785602909012
      vertex 319.64749006360256 0 237.2482290845144
      vertex 322.35127355798363 -0.04187565372919973 243
    endloop
  endfacet
  facet normal 0.9048565849811591 -0.020942419882417983 -0.4252011002639846
    outer loop
      vertex 319.64749006360256 0 237.2482290845144
      vertex 319.6482839506763 0.04187565372919973 237.24785602909012
      vertex 322.35030436845926 0 243
    endloop
  endfacet
  facet normal 0.9032691590587123 -0.06279051953001924 -0.4244551530497857
    outer loop
      vertex 319.6482839506763 0.04187565372919973 237.24785602909012
      vertex 319.65066421914986 0.08367784333231569 237.24673751728318
      vertex 322.35127355798363 0.04187565372919973 243
    endloop
  endfacet
  facet normal 0.900097092098545 -0.10452846326665259 -0.4229645672664028
    outer loop
      vertex 319.65066421914986 0.08367784333231569 237.24673751728318
      vertex 319.65462669322346 0.12533323356430406 237.24487551134342
      vertex 322.35417942626924 0.08367784333231569 243
    endloop
  endfacet
  facet normal 0.8953459489834205 -0.146083028563408 -0.42073195790755036
    outer loop
      vertex 319.65462669322346 0.12533323356430406 237.24487551134342
      vertex 319.66016442137123 0.16676874671610217 237.2422732778619
      vertex 322.3590168754356 0.12533323356430406 243
    endloop
  endfacet
  facet normal 0.8890240648335112 -0.18738131458597493 -0.4177612417289721
    outer loop
      vertex 319.66016442137123 0.16676874671610217 237.2422732778619
      vertex 319.6672676885362 0.20791169081775934 237.23893538204047
      vertex 322.365777418953 0.16676874671610217 243
    endloop
  endfacet
  facet normal 0.8811425303814696 -0.22835087011043534 -0.414057630376193
    outer loop
      vertex 319.6672676885362 0.20791169081775934 237.23893538204047
      vertex 319.675924033174 0.24868988716485485 237.2348676796826
      vertex 322.374449196531 0.20791169081775934 243
    endloop
  endfacet
  facet normal 0.8717151725169706 -0.26891982061443187 -0.4096276212420375
    outer loop
      vertex 319.675924033174 0.24868988716485485 237.2348676796826
      vertex 319.68611826911473 0.2890317969444718 237.23007730692044
      vertex 322.3850169949249 0.24868988716485485 243
    endloop
  endfacet
  facet normal 0.8607585300283396 -0.30901699437616886 -0.4044789860674729
    outer loop
      vertex 319.68611826911473 0.2890317969444718 237.23007730692044
      vertex 319.6978325122046 0.32886664673858307 237.22457266769555
      vertex 322.3974622746254 0.2890317969444718 243
    endloop
  endfacet
  facet normal 0.8482918245913208 -0.34857204732160924 -0.3986207573089361
    outer loop
      vertex 319.6978325122046 0.32886664673858307 237.22457266769555
      vertex 319.71104621168064 0.36812455268467786 237.2183634190157
      vertex 322.41176320238316 0.32886664673858307 243
    endloop
  endfacet
  facet normal 0.8343369270423386 -0.38751558645113915 -0.39206321228977487
    outer loop
      vertex 319.71104621168064 0.36812455268467786 237.2183634190157
      vertex 319.72573618622386 0.4067366430758002 237.21146045401295
      vertex 322.42789468951116 0.36812455268467786 243
    endloop
  endfacet
  facet normal 0.8189183190130206 -0.42577929156517913 -0.38481785517195366
    outer loop
      vertex 319.72573618622386 0.4067366430758002 237.21146045401295
      vertex 319.74187666462734 0.44463517918492756 237.20387588283356
      vertex 322.44582843589956 0.4067366430758002 243
    endloop
  endfacet
  facet normal 0.8020630499821736 -0.46329603512012324 -0.37689739677433004
    outer loop
      vertex 319.75943933100734 0.4817536741017154 237.1956230113926
      vertex 322.4655329796633 0.44463517918492756 243
      vertex 319.74187666462734 0.44463517918492756 237.20387588283356
    endloop
  endfacet
  facet normal 0.783800689818831 -0.5000000000003346 -0.3683157322721769
    outer loop
      vertex 319.75943933100734 0.4817536741017154 237.1956230113926
      vertex 319.7783933744792 0.51802700937313 237.18671631803096
      vertex 322.4869737523369 0.4817536741017154 243
    endloop
  endfacet
  facet normal 0.9032691590587054 0.06279051953014152 -0.42445515304978243
    outer loop
      vertex 319.6482839506763 -0.04187565372919973 237.24785602909012
      vertex 322.35127355798363 -0.04187565372919973 243
      vertex 322.35417942626924 -0.08367784333231569 243
    endloop
  endfacet
  facet normal 0.9048565849811715 0.020942419881758108 -0.4252011002639905
    outer loop
      vertex 319.64749006360256 0 237.2482290845144
      vertex 322.35030436845926 0 243
      vertex 322.35127355798363 -0.04187565372919973 243
    endloop
  endfacet
  facet normal 0.9048565849811733 -0.02094241988176158 -0.4252011002639865
    outer loop
      vertex 319.6482839506763 0.04187565372919973 237.24785602909012
      vertex 322.35127355798363 0.04187565372919973 243
      vertex 322.35030436845926 0 243
    endloop
  endfacet
  facet normal 0.903269159058705 -0.06279051953014277 -0.42445515304978315
    outer loop
      vertex 319.65066421914986 0.08367784333231569 237.24673751728318
      vertex 322.35417942626924 0.08367784333231569 243
      vertex 322.35127355798363 0.04187565372919973 243
    endloop
  endfacet
  facet normal 0.9000970920983306 -0.10452846326884375 -0.422964567266318
    outer loop
      vertex 319.65462669322346 0.12533323356430406 237.24487551134342
      vertex 322.3590168754356 0.12533323356430406 243
      vertex 322.35417942626924 0.08367784333231569 243
    endloop
  endfacet
  facet normal 0.8953459489837019 -0.146083028561346 -0.4207319579076675
    outer loop
      vertex 319.66016442137123 0.16676874671610217 237.2422732778619
      vertex 322.365777418953 0.16676874671610217 243
      vertex 322.3590168754356 0.12533323356430406 243
    endloop
  endfacet
  facet normal 0.8890240648334229 -0.18738131458647814 -0.4177612417289343
    outer loop
      vertex 319.6672676885362 0.20791169081775934 237.23893538204047
      vertex 322.374449196531 0.20791169081775934 243
      vertex 322.365777418953 0.16676874671610217 243
    endloop
  endfacet
  facet normal 0.8811425303814676 -0.2283508701104447 -0.41405763037619203
    outer loop
      vertex 319.675924033174 0.24868988716485485 237.2348676796826
      vertex 322.3850169949249 0.24868988716485485 243
      vertex 322.374449196531 0.20791169081775934 243
    endloop
  endfacet
  facet normal 0.8717151725171723 -0.26891982061364245 -0.4096276212421263
    outer loop
      vertex 319.68611826911473 0.2890317969444718 237.23007730692044
      vertex 322.3974622746254 0.2890317969444718 243
      vertex 322.3850169949249 0.24868988716485485 243
    endloop
  endfacet
  facet normal 0.8607585300283696 -0.30901699437606767 -0.4044789860674862
    outer loop
      vertex 319.6978325122046 0.32886664673858307 237.22457266769555
      vertex 322.41176320238316 0.32886664673858307 243
      vertex 322.3974622746254 0.2890317969444718 243
    endloop
  endfacet
  facet normal 0.8482918245913288 -0.3485720473215855 -0.3986207573089397
    outer loop
      vertex 319.71104621168064 0.36812455268467786 237.2183634190157
      vertex 322.42789468951116 0.36812455268467786 243
      vertex 322.41176320238316 0.32886664673858307 243
    endloop
  endfacet
  facet normal 0.8343369270420948 -0.3875155864517747 -0.3920632122896653
    outer loop
      vertex 319.72573618622386 0.4067366430758002 237.21146045401295
      vertex 322.44582843589956 0.4067366430758002 243
      vertex 322.42789468951116 0.36812455268467786 243
    endloop
  endfacet
  facet normal 0.8189183190128692 -0.4257792915655322 -0.38481785517188544
    outer loop
      vertex 319.74187666462734 0.44463517918492756 237.20387588283356
      vertex 322.4655329796633 0.44463517918492756 243
      vertex 322.44582843589956 0.4067366430758002 243
    endloop
  endfacet
  facet normal 0.802063049982299 -0.4632960351198601 -0.3768973967743869
    outer loop
      vertex 319.75943933100734 0.4817536741017154 237.1956230113926
      vertex 322.4869737523369 0.4817536741017154 243
      vertex 322.4655329796633 0.44463517918492756 243
    endloop
  endfacet
  facet normal -0.5319780276640101 0.8090169943750436 0.24998176112484757
    outer loop
      vertex 321.06907235492935 -0.8211492091337039 236.58021344046563
      vertex 323.8334857881935 -0.8211492091337039 242.46307145081985
      vertex 321.09974064149105 -0.7965299180241964 236.56580210787914
    endloop
  endfacet
  facet normal -0.562172953049469 0.7836934573261711 0.26417065659113703
    outer loop
      vertex 321.09974064149105 -0.7965299180241964 236.56580210787914
      vertex 323.86415407475516 -0.7965299180241964 242.44866011823336
      vertex 321.1294489612086 -0.770513242775789 236.55184187325128
    endloop
  endfacet
  facet normal -0.5913816360486034 0.7569950556514295 0.2778961069604364
    outer loop
      vertex 321.1294489612086 -0.770513242775789 236.55184187325128
      vertex 323.8938623944727 -0.770513242775789 242.43469988360553
      vertex 321.15814519559416 -0.7431448254773942 236.53835722757736
    endloop
  endfacet
  facet normal -0.6195528347041516 0.728968627421477 0.2911340331278673
    outer loop
      vertex 321.15814519559416 -0.7431448254773942 236.53835722757736
      vertex 323.92255862885827 -0.7431448254773942 242.42121523793162
      vertex 321.1857790017017 -0.7144726796328036 236.525371827508
    endloop
  endfacet
  facet normal -0.646637127162477 0.6996633405135371 0.30386121127333277
    outer loop
      vertex 321.2123019004452 -0.6845471059286885 236.51290845384733
      vertex 321.1857790017017 -0.7144726796328036 236.525371827508
      vertex 323.9501924349658 -0.7144726796328036 242.40822983786222
    endloop
  endfacet
  facet normal -0.6725869983715506 0.6691306063584627 0.3160553136017549
    outer loop
      vertex 321.2123019004452 -0.6845471059286885 236.51290845384733
      vertex 323.9767153337093 -0.6845471059286885 242.39576646420156
      vertex 321.2376673616477 -0.6534206039901056 236.5009889715879
    endloop
  endfacet
  facet normal -0.6973569234382045 0.6374239897485326 0.3276949475134835
    outer loop
      vertex 321.2376673616477 -0.6534206039901056 236.5009889715879
      vertex 324.0020807949118 -0.6534206039901056 242.38384698194213
      vertex 321.2618308856711 -0.6211477802783101 236.48963429155182
    endloop
  endfacet
  facet normal 0.18817153165735098 0.9781476007338333 -0.08842367246598552
    outer loop
      vertex 320.3829547317338 -0.9822872507286886 236.90262692911736
      vertex 323.1102884607055 -0.9735789028731603 242.80290906095593
      vertex 323.1473681649979 -0.9822872507286886 242.78548493947162
    endloop
  endfacet
  facet normal 0.36811906443446535 0.9135454576425278 -0.17298280614153008
    outer loop
      vertex 320.20182219259596 -0.9218631515885004 236.98774290905646
      vertex 322.93160486522476 -0.9048270524660196 242.88687425793697
      vertex 322.96623562586007 -0.9218631515885004 242.8706009194107
    endloop
  endfacet
  facet normal 0.33317299593369154 0.9297764858882601 -0.15656130131627763
    outer loop
      vertex 320.2370682404612 -0.9372819894918915 236.97118044094714
      vertex 322.96623562586007 -0.9218631515885004 242.8706009194107
      vertex 323.0014816737253 -0.9372819894918915 242.85403845130136
    endloop
  endfacet
  facet normal 0.22507804535424888 0.9685831611285978 -0.10576640996858754
    outer loop
      vertex 320.34587502744137 -0.9735789028731603 236.9200510506017
      vertex 323.07357132602124 -0.9631625667976582 242.82016280737875
      vertex 323.1102884607055 -0.9735789028731603 242.80290906095593
    endloop
  endfacet
  facet normal 0.26158969567716345 0.9573194975320827 -0.12292359724824888
    outer loop
      vertex 320.3091578927571 -0.9631625667976582 236.9373047970245
      vertex 323.0372811752759 -0.9510565162951535 242.83721590980602
      vertex 323.07357132602124 -0.9631625667976582 242.82016280737875
    endloop
  endfacet
  facet normal 0.29764242878509495 0.9443763702375577 -0.13986513476862325
    outer loop
      vertex 320.2728677420118 -0.9510565162951535 236.95435789945176
      vertex 323.0014816737253 -0.9372819894918915 242.85403845130136
      vertex 323.0372811752759 -0.9510565162951535 242.83721590980602
    endloop
  endfacet
  facet normal 0.03789977307380258 0.9991228300988578 -0.017809479953192372
    outer loop
      vertex 320.53359109864675 -0.9997806834748455 236.8318414035277
      vertex 323.26012969680005 -0.9980267284282716 242.73249717523854
      vertex 323.29800453191086 -0.9997806834748455 242.71469941388196
    endloop
  endfacet
  facet normal 0 1 0
    outer loop
      vertex 320.5714991855904 -0.9997806834748455 236.81402801680446
      vertex 323.29800453191086 -0.9997806834748455 242.71469941388196
      vertex 323.33591261885454 -0.9997806834748455 242.69688602715868
    endloop
  endfacet
  facet normal -0.037899773073791526 0.9991228300988583 0.017809479953187265
    outer loop
      vertex 320.60937402070124 -0.9980267284282716 236.79623025544785
      vertex 323.33591261885454 -0.9997806834748455 242.69688602715868
      vertex 323.37378745396535 -0.9980267284282716 242.67908826580208
    endloop
  endfacet
  facet normal -0.07573305706716647 0.9964928592495056 0.03558771602682713
    outer loop
      vertex 320.64714915864846 -0.9945218953682733 236.77847934277906
      vertex 323.37378745396535 -0.9980267284282716 242.67908826580208
      vertex 323.41156259191257 -0.9945218953682733 242.66133735313332
    endloop
  endfacet
  facet normal 0.11343347954418322 0.9921147013144815 -0.05330351915377066
    outer loop
      vertex 320.4579411255887 -0.9945218953682733 236.8673900775531
      vertex 323.1847453884973 -0.9892723329629883 242.76792101075569
      vertex 323.2223545588528 -0.9945218953682733 242.75024808790732
    endloop
  endfacet
  facet normal 0.15093490115323743 0.9859960370704909 -0.07092580979551372
    outer loop
      vertex 320.42033195523317 -0.9892723329629883 236.88506300040143
      vertex 323.1473681649979 -0.9822872507286886 242.78548493947162
      vertex 323.1847453884973 -0.9892723329629883 242.76792101075569
    endloop
  endfacet
  facet normal 0.07573305706714543 0.9964928592495076 -0.03558771602681814
    outer loop
      vertex 320.4957162635359 -0.9980267284282716 236.8496391648843
      vertex 323.2223545588528 -0.9945218953682733 242.75024808790732
      vertex 323.26012969680005 -0.9980267284282716 242.73249717523854
    endloop
  endfacet
  facet normal -0.33317299593368904 0.9297764858882613 0.15656130131627571
    outer loop
      vertex 320.90326809164117 -0.9218631515885004 236.6581265112757
      vertex 323.63243547704 -0.9372819894918917 242.55754698973928
      vertex 323.6676815249053 -0.9218631515885004 242.54098452162995
    endloop
  endfacet
  facet normal -0.3681190644340483 0.9135454576427324 0.17298280614133765
    outer loop
      vertex 320.9378988522765 -0.9048270524660196 236.64185317274945
      vertex 323.6676815249053 -0.9218631515885004 242.54098452162995
      vertex 323.70231228554064 -0.9048270524660196 242.52471118310368
    endloop
  endfacet
  facet normal -0.15093490115323743 0.9859960370704909 0.07092580979551372
    outer loop
      vertex 320.7221355525034 -0.9822872507286886 236.74324249121477
      vertex 323.4491717622681 -0.9892723329629883 242.64366443028496
      vertex 323.4865489857675 -0.9822872507286886 242.62610050156903
    endloop
  endfacet
  facet normal -0.11343347954418376 0.9921147013144815 0.05330351915377066
    outer loop
      vertex 320.684758329004 -0.9892723329629883 236.7608064199307
      vertex 323.41156259191257 -0.9945218953682733 242.66133735313332
      vertex 323.4491717622681 -0.9892723329629883 242.64366443028496
    endloop
  endfacet
  facet normal -0.18817153165735007 0.9781476007338333 0.08842367246598733
    outer loop
      vertex 320.75921525679576 -0.9735789028731603 236.7258183697305
      vertex 323.4865489857675 -0.9822872507286886 242.62610050156903
      vertex 323.5236286900599 -0.9735789028731603 242.60867638008472
    endloop
  endfacet
  facet normal -0.2250780453542522 0.968583161128597 0.10576640996858856
    outer loop
      vertex 320.79593239148005 -0.9631625667976581 236.70856462330764
      vertex 323.5236286900599 -0.9735789028731603 242.60867638008472
      vertex 323.56034582474416 -0.9631625667976581 242.5914226336619
    endloop
  endfacet
  facet normal -0.2615896956771613 0.9573194975320835 0.12292359724824786
    outer loop
      vertex 320.8322225422254 -0.9510565162951535 236.69151152088037
      vertex 323.56034582474416 -0.9631625667976581 242.5914226336619
      vertex 323.5966359754895 -0.9510565162951535 242.57436953123462
    endloop
  endfacet
  facet normal -0.29764242878543545 0.9443763702374267 0.1398651347687833
    outer loop
      vertex 320.8680220437759 -0.9372819894918917 236.67468897938502
      vertex 323.5966359754895 -0.9510565162951535 242.57436953123462
      vertex 323.63243547704 -0.9372819894918917 242.55754698973928
    endloop
  endfacet
  facet normal 0.4024193270081252 0.8957117602394575 -0.1891008403446702
    outer loop
      vertex 320.16719143196065 -0.9048270524660196 237.0040162475827
      vertex 322.8976501459411 -0.8862035792312147 242.9028299179147
      vertex 322.93160486522476 -0.9048270524660196 242.88687425793697
    endloop
  endfacet
  facet normal -0.4024193270085695 0.8957117602392134 0.18910084034487987
    outer loop
      vertex 320.97185357156013 -0.8862035792312145 236.62589751277173
      vertex 323.70231228554064 -0.9048270524660196 242.52471118310368
      vertex 323.73626700482424 -0.8862035792312145 242.50875552312596
    endloop
  endfacet
  facet normal -0.43601360933944444 0.8763066800439074 0.204887127417061
    outer loop
      vertex 321.0050726813766 -0.8660254037844386 236.6102875229919
      vertex 323.73626700482424 -0.8862035792312145 242.50875552312596
      vertex 323.7694861146407 -0.8660254037844386 242.49314553334617
    endloop
  endfacet
  facet normal -0.4688429756416666 0.8553642601604794 0.22031397284689755
    outer loop
      vertex 321.0374979041193 -0.8443279255020153 236.5950505886364
      vertex 323.7694861146407 -0.8660254037844386 242.49314553334617
      vertex 323.8019113373834 -0.8443279255020153 242.47790859899067
    endloop
  endfacet
  facet normal -0.5008498320501131 0.8329212407104154 0.23535431270490004
    outer loop
      vertex 321.06907235492935 -0.8211492091337039 236.58021344046563
      vertex 323.8019113373834 -0.8443279255020153 242.47790859899067
      vertex 323.8334857881935 -0.8211492091337039 242.46307145081985
    endloop
  endfacet
  facet normal -0.531978027664539 0.8090169943746205 0.24998176112509096
    outer loop
      vertex 321.09974064149105 -0.7965299180241964 236.56580210787914
      vertex 323.8334857881935 -0.8211492091337039 242.46307145081985
      vertex 323.86415407475516 -0.7965299180241964 242.44866011823336
    endloop
  endfacet
  facet normal -0.5621729530495932 0.7836934573260629 0.26417065659119415
    outer loop
      vertex 321.1294489612086 -0.770513242775789 236.55184187325128
      vertex 323.86415407475516 -0.7965299180241964 242.44866011823336
      vertex 323.8938623944727 -0.770513242775789 242.43469988360553
    endloop
  endfacet
  facet normal -0.5913816360486022 0.7569950556514307 0.2778961069604358
    outer loop
      vertex 321.15814519559416 -0.7431448254773942 236.53835722757736
      vertex 323.8938623944727 -0.770513242775789 242.43469988360553
      vertex 323.92255862885827 -0.7431448254773942 242.42121523793162
    endloop
  endfacet
  facet normal -0.619552834704021 0.728968627421612 0.29113403312780745
    outer loop
      vertex 321.1857790017017 -0.7144726796328036 236.525371827508
      vertex 323.92255862885827 -0.7431448254773942 242.42121523793162
      vertex 323.9501924349658 -0.7144726796328036 242.40822983786222
    endloop
  endfacet
  facet normal -0.6725869983715469 0.6691306063584672 0.31605531360175315
    outer loop
      vertex 321.2376673616477 -0.6534206039901056 236.5009889715879
      vertex 323.9767153337093 -0.6845471059286885 242.39576646420156
      vertex 324.0020807949118 -0.6534206039901056 242.38384698194213
    endloop
  endfacet
  facet normal -0.6973569234376616 0.6374239897492543 0.32769494751323514
    outer loop
      vertex 321.2618308856711 -0.6211477802783101 236.48963429155182
      vertex 324.0020807949118 -0.6534206039901056 242.38384698194213
      vertex 324.02624431893526 -0.6211477802783101 242.37249230190605
    endloop
  endfacet
  facet normal -0.6466371271624788 0.6996633405135347 0.3038612112733337
    outer loop
      vertex 321.2123019004452 -0.6845471059286885 236.51290845384733
      vertex 323.9501924349658 -0.7144726796328036 242.40822983786222
      vertex 323.9767153337093 -0.6845471059286885 242.39576646420156
    endloop
  endfacet
  facet normal -0.7209034474971667 0.6045991148632348 0.33875969313555115
    outer loop
      vertex 321.2618308856711 -0.6211477802783101 236.48963429155182
      vertex 324.02624431893526 -0.6211477802783101 242.37249230190605
      vertex 321.2847500814834 -0.5877852522924731 236.4788643337062
    endloop
  endfacet
  facet normal -0.7431852619463749 0.5707135676836536 0.34923013914536905
    outer loop
      vertex 321.2847500814834 -0.5877852522924731 236.4788643337062
      vertex 324.04916351474753 -0.5877852522924731 242.36172234406047
      vertex 321.3063847410271 -0.5533915492433443 236.46869799221685
    endloop
  endfacet
  facet normal -0.7641632769080253 0.5358267949798359 0.35908791682097196
    outer loop
      vertex 321.3063847410271 -0.5533915492433443 236.46869799221685
      vertex 324.0707981742912 -0.5533915492433443 242.35155600257107
      vertex 321.32669690975797 -0.51802700937313 236.45915310230117
    endloop
  endfacet
  facet normal -0.7838006898194267 0.49999999999919703 0.368315732272454
    outer loop
      vertex 321.32669690975797 -0.51802700937313 236.45915310230117
      vertex 324.0911103430221 -0.51802700937313 242.34201111265543
      vertex 321.3456509532298 -0.4817536741017154 236.45024640893956
    endloop
  endfacet
  facet normal -0.8020630499822841 0.46329603511989215 0.3768973967743788
    outer loop
      vertex 321.3456509532298 -0.4817536741017154 236.45024640893956
      vertex 324.1100643864939 -0.4817536741017154 242.3331044192938
      vertex 321.3632136196098 -0.4446351791849271 236.44199353749863
    endloop
  endfacet
  facet normal -0.8189183190129183 0.42577929156541955 0.3848178551719053
    outer loop
      vertex 321.3632136196098 -0.4446351791849271 236.44199353749863
      vertex 324.1276270528739 -0.4446351791849271 242.32485154785286
      vertex 321.37935409801327 -0.4067366430758002 236.4344089663192
    endloop
  endfacet
  facet normal -0.848291824591321 0.34857204732160535 0.3986207573089388
    outer loop
      vertex 321.39404407255654 -0.36812455268467836 236.42750600131643
      vertex 324.15845750582065 -0.36812455268467836 242.31036401167069
      vertex 321.40725777203255 -0.32886664673858307 236.42129675263658
    endloop
  endfacet
  facet normal -0.8343369270418455 0.38751558645243245 0.3920632122895458
    outer loop
      vertex 321.37935409801327 -0.4067366430758002 236.4344089663192
      vertex 324.1437675312774 -0.4067366430758002 242.31726697667347
      vertex 321.39404407255654 -0.36812455268467836 236.42750600131643
    endloop
  endfacet
  facet normal -0.8607585300287423 0.3090169943747968 0.40447898606766397
    outer loop
      vertex 321.40725777203255 -0.32886664673858307 236.42129675263658
      vertex 324.17167120529666 -0.32886664673858307 242.30415476299083
      vertex 321.4189720151224 -0.2890317969444718 236.41579211341173
    endloop
  endfacet
  facet normal -0.8717151725166163 0.2689198206158364 0.4096276212418689
    outer loop
      vertex 321.4189720151224 -0.2890317969444718 236.41579211341173
      vertex 324.1833854483865 -0.2890317969444718 242.29865012376595
      vertex 321.4291662510632 -0.24868988716485443 236.41100174064954
    endloop
  endfacet
  facet normal -0.8811425303814707 0.22835087011043753 0.4140576303761893
    outer loop
      vertex 321.4291662510632 -0.24868988716485443 236.41100174064954
      vertex 324.1935796843273 -0.24868988716485443 242.2938597510038
      vertex 321.437822595701 -0.20791169081775934 236.40693403829167
    endloop
  endfacet
  facet normal -0.889024064833511 0.18738131458597718 0.41776124172897167
    outer loop
      vertex 321.437822595701 -0.20791169081775934 236.40693403829167
      vertex 324.2022360289651 -0.20791169081775934 242.28979204864592
      vertex 321.44492586286594 -0.16676874671610267 236.40359614247024
    endloop
  endfacet
  facet normal -0.8953459489836629 0.14608302856163935 0.4207319579076487
    outer loop
      vertex 321.44492586286594 -0.16676874671610267 236.40359614247024
      vertex 324.20933929613005 -0.16676874671610267 242.2864541528245
      vertex 321.45046359101366 -0.12533323356430406 236.40099390898877
    endloop
  endfacet
  facet normal -0.9000970920984015 0.1045284632681529 0.42296456726633774
    outer loop
      vertex 321.45046359101366 -0.12533323356430406 236.40099390898877
      vertex 324.21487702427777 -0.12533323356430406 242.283851919343
      vertex 321.4544260650873 -0.08367784333231569 236.39913190304898
    endloop
  endfacet
  facet normal -0.9032691590587816 0.06279051952879505 0.42445515304981946
    outer loop
      vertex 321.4544260650873 -0.08367784333231569 236.39913190304898
      vertex 324.21883949835143 -0.08367784333231569 242.28198991340324
      vertex 321.45680633356085 -0.04187565372919923 236.39801339124205
    endloop
  endfacet
  facet normal -0.9048565849811372 0.02094241988364598 0.42520110026397084
    outer loop
      vertex 321.45680633356085 -0.04187565372919923 236.39801339124205
      vertex 324.22121976682496 -0.04187565372919923 242.2808714015963
      vertex 321.4576002206346 0 236.39764033581775
    endloop
  endfacet
  facet normal -0.9048565849811362 -0.020942419883645775 0.42520110026397245
    outer loop
      vertex 321.4576002206346 0 236.39764033581775
      vertex 324.2220136538987 0 242.28049834617198
      vertex 321.45680633356085 0.04187565372919962 236.39801339124205
    endloop
  endfacet
  facet normal -0.9032691590587814 -0.06279051952879595 0.4244551530498194
    outer loop
      vertex 321.4544260650873 0.08367784333231548 236.39913190304898
      vertex 321.45680633356085 0.04187565372919962 236.39801339124205
      vertex 324.22121976682496 0.04187565372919962 242.2808714015963
    endloop
  endfacet
  facet normal -0.9000970920984023 -0.10452846326815189 0.422964567266336
    outer loop
      vertex 321.4544260650873 0.08367784333231548 236.39913190304898
      vertex 324.21883949835143 0.08367784333231548 242.28198991340324
      vertex 321.45046359101366 0.12533323356430426 236.40099390898877
    endloop
  endfacet
  facet normal -0.8953459489836618 -0.14608302856164146 0.4207319579076502
    outer loop
      vertex 321.45046359101366 0.12533323356430426 236.40099390898877
      vertex 324.21487702427777 0.12533323356430426 242.283851919343
      vertex 321.44492586286594 0.16676874671610226 236.40359614247024
    endloop
  endfacet
  facet normal -0.8890240648335114 -0.18738131458597534 0.4177612417289718
    outer loop
      vertex 321.44492586286594 0.16676874671610226 236.40359614247024
      vertex 324.20933929613005 0.16676874671610226 242.2864541528245
      vertex 321.437822595701 0.20791169081775934 236.40693403829167
    endloop
  endfacet
  facet normal -0.8717151725166162 -0.2689198206158397 0.40962762124186686
    outer loop
      vertex 321.4291662510632 0.2486898871648548 236.41100174064954
      vertex 324.1935796843273 0.2486898871648548 242.2938597510038
      vertex 321.4189720151224 0.2890317969444716 236.41579211341173
    endloop
  endfacet
  facet normal -0.8811425303814711 -0.22835087011043562 0.41405763037618953
    outer loop
      vertex 321.437822595701 0.20791169081775934 236.40693403829167
      vertex 324.2022360289651 0.20791169081775934 242.28979204864592
      vertex 321.4291662510632 0.2486898871648548 236.41100174064954
    endloop
  endfacet
  facet normal -0.8607585300287421 -0.30901699437479446 0.4044789860676659
    outer loop
      vertex 321.4189720151224 0.2890317969444716 236.41579211341173
      vertex 324.1833854483865 0.2890317969444716 242.29865012376595
      vertex 321.40725777203255 0.32886664673858323 236.42129675263658
    endloop
  endfacet
  facet normal -0.8482918245913196 -0.3485720473216097 0.39862075730893815
    outer loop
      vertex 321.40725777203255 0.32886664673858323 236.42129675263658
      vertex 324.17167120529666 0.32886664673858323 242.30415476299083
      vertex 321.39404407255654 0.368124552684678 236.42750600131643
    endloop
  endfacet
  facet normal -0.8343369270418468 -0.38751558645242923 0.3920632122895465
    outer loop
      vertex 321.39404407255654 0.368124552684678 236.42750600131643
      vertex 324.15845750582065 0.368124552684678 242.31036401167069
      vertex 321.37935409801327 0.4067366430758002 236.4344089663192
    endloop
  endfacet
  facet normal -0.8189183190129204 -0.4257792915654165 0.3848178551719043
    outer loop
      vertex 321.37935409801327 0.4067366430758002 236.4344089663192
      vertex 324.1437675312774 0.4067366430758002 242.31726697667347
      vertex 321.3632136196098 0.44463517918492745 236.44199353749863
    endloop
  endfacet
  facet normal -0.8020630499822823 -0.46329603511989603 0.37689739677437795
    outer loop
      vertex 321.3632136196098 0.44463517918492745 236.44199353749863
      vertex 324.1276270528739 0.44463517918492745 242.32485154785286
      vertex 321.3456509532298 0.4817536741017153 236.45024640893956
    endloop
  endfacet
  facet normal -0.7838006898194274 -0.4999999999991941 0.36831573227245606
    outer loop
      vertex 321.3456509532298 0.4817536741017153 236.45024640893956
      vertex 324.1100643864939 0.4817536741017153 242.3331044192938
      vertex 321.32669690975797 0.5180270093731302 236.45915310230117
    endloop
  endfacet
  facet normal -0.7209034474978308 0.6045991148622731 0.33875969313585463
    outer loop
      vertex 321.2847500814834 -0.5877852522924731 236.4788643337062
      vertex 324.02624431893526 -0.6211477802783101 242.37249230190605
      vertex 324.04916351474753 -0.5877852522924731 242.36172234406047
    endloop
  endfacet
  facet normal -0.7431852619462518 0.5707135676838484 0.3492301391453128
    outer loop
      vertex 321.3063847410271 -0.5533915492433443 236.46869799221685
      vertex 324.04916351474753 -0.5877852522924731 242.36172234406047
      vertex 324.0707981742912 -0.5533915492433443 242.35155600257107
    endloop
  endfacet
  facet normal -0.7641632769081432 0.5358267949796319 0.35908791682102564
    outer loop
      vertex 321.32669690975797 -0.51802700937313 236.45915310230117
      vertex 324.0707981742912 -0.5533915492433443 242.35155600257107
      vertex 324.0911103430221 -0.51802700937313 242.34201111265543
    endloop
  endfacet
  facet normal -0.7838006898193133 0.4999999999994127 0.3683157322724025
    outer loop
      vertex 321.3456509532298 -0.4817536741017154 236.45024640893956
      vertex 324.0911103430221 -0.51802700937313 242.34201111265543
      vertex 324.1100643864939 -0.4817536741017154 242.3331044192938
    endloop
  endfacet
  facet normal -0.8020630499822822 0.4632960351198964 0.3768973967743779
    outer loop
      vertex 321.3632136196098 -0.4446351791849271 236.44199353749863
      vertex 324.1100643864939 -0.4817536741017154 242.3331044192938
      vertex 324.1276270528739 -0.4446351791849271 242.32485154785286
    endloop
  endfacet
  facet normal -0.8189183190130207 0.42577929156518113 0.3848178551719515
    outer loop
      vertex 321.37935409801327 -0.4067366430758002 236.4344089663192
      vertex 324.1276270528739 -0.4446351791849271 242.32485154785286
      vertex 324.1437675312774 -0.4067366430758002 242.31726697667347
    endloop
  endfacet
  facet normal -0.8343369270418438 0.3875155864524369 0.39206321228954505
    outer loop
      vertex 321.39404407255654 -0.36812455268467836 236.42750600131643
      vertex 324.1437675312774 -0.4067366430758002 242.31726697667347
      vertex 324.15845750582065 -0.36812455268467836 242.31036401167069
    endloop
  endfacet
  facet normal -0.8482918245913178 0.3485720473216151 0.39862075730893726
    outer loop
      vertex 321.40725777203255 -0.32886664673858307 236.42129675263658
      vertex 324.15845750582065 -0.36812455268467836 242.31036401167069
      vertex 324.17167120529666 -0.32886664673858307 242.30415476299083
    endloop
  endfacet
  facet normal -0.8607585300286639 0.309016994375061 0.40447898606762905
    outer loop
      vertex 321.4189720151224 -0.2890317969444718 236.41579211341173
      vertex 324.17167120529666 -0.32886664673858307 242.30415476299083
      vertex 324.1833854483865 -0.2890317969444718 242.29865012376595
    endloop
  endfacet
  facet normal -0.8717151725166847 0.2689198206155691 0.40962762124189905
    outer loop
      vertex 321.4291662510632 -0.24868988716485443 236.41100174064954
      vertex 324.1833854483865 -0.2890317969444718 242.29865012376595
      vertex 324.1935796843273 -0.24868988716485443 242.2938597510038
    endloop
  endfacet
  facet normal -0.8811425303814696 0.22835087011044258 0.4140576303761888
    outer loop
      vertex 321.437822595701 -0.20791169081775934 236.40693403829167
      vertex 324.1935796843273 -0.24868988716485443 242.2938597510038
      vertex 324.2022360289651 -0.20791169081775934 242.28979204864592
    endloop
  endfacet
  facet normal -0.8890240648335105 0.18738131458598084 0.4177612417289714
    outer loop
      vertex 321.44492586286594 -0.16676874671610267 236.40359614247024
      vertex 324.2022360289651 -0.20791169081775934 242.28979204864592
      vertex 324.20933929613005 -0.16676874671610267 242.2864541528245
    endloop
  endfacet
  facet normal -0.8953459489836254 0.14608302856191316 0.42073195790763307
    outer loop
      vertex 321.45046359101366 -0.12533323356430406 236.40099390898877
      vertex 324.20933929613005 -0.16676874671610267 242.2864541528245
      vertex 324.21487702427777 -0.12533323356430406 242.283851919343
    endloop
  endfacet
  facet normal -0.9000970920984294 0.10452846326786651 0.4229645672663488
    outer loop
      vertex 321.4544260650873 -0.08367784333231569 236.39913190304898
      vertex 324.21487702427777 -0.12533323356430406 242.283851919343
      vertex 324.21883949835143 -0.08367784333231569 242.28198991340324
    endloop
  endfacet
  facet normal -0.9032691590587814 0.06279051952879806 0.4244551530498194
    outer loop
      vertex 321.45680633356085 -0.04187565372919923 236.39801339124205
      vertex 324.21883949835143 -0.08367784333231569 242.28198991340324
      vertex 324.22121976682496 -0.04187565372919923 242.2808714015963
    endloop
  endfacet
  facet normal -0.9048565849811308 0.020942419883939273 0.4252011002639699
    outer loop
      vertex 321.4576002206346 0 236.39764033581775
      vertex 324.22121976682496 -0.04187565372919923 242.2808714015963
      vertex 324.2220136538987 0 242.28049834617198
    endloop
  endfacet
  facet normal -0.9048565849811314 -0.02094241988393899 0.4252011002639682
    outer loop
      vertex 321.45680633356085 0.04187565372919962 236.39801339124205
      vertex 324.2220136538987 0 242.28049834617198
      vertex 324.22121976682496 0.04187565372919962 242.2808714015963
    endloop
  endfacet
  facet normal -0.9032691590587812 -0.06279051952879895 0.42445515304981934
    outer loop
      vertex 321.4544260650873 0.08367784333231548 236.39913190304898
      vertex 324.22121976682496 0.04187565372919962 242.2808714015963
      vertex 324.21883949835143 0.08367784333231548 242.28198991340324
    endloop
  endfacet
  facet normal -0.9000970920984287 -0.10452846326786593 0.4229645672663505
    outer loop
      vertex 321.45046359101366 0.12533323356430426 236.40099390898877
      vertex 324.21883949835143 0.08367784333231548 242.28198991340324
      vertex 324.21487702427777 0.12533323356430426 242.283851919343
    endloop
  endfacet
  facet normal -0.8953459489836261 -0.1460830285619147 0.4207319579076314
    outer loop
      vertex 321.44492586286594 0.16676874671610226 236.40359614247024
      vertex 324.21487702427777 0.12533323356430426 242.283851919343
      vertex 324.20933929613005 0.16676874671610226 242.2864541528245
    endloop
  endfacet
  facet normal -0.8890240648335107 -0.18738131458597898 0.41776124172897144
    outer loop
      vertex 321.437822595701 0.20791169081775934 236.40693403829167
      vertex 324.20933929613005 0.16676874671610226 242.2864541528245
      vertex 324.2022360289651 0.20791169081775934 242.28979204864592
    endloop
  endfacet
  facet normal -0.8482918245913201 -0.34857204732160796 0.3986207573089384
    outer loop
      vertex 321.39404407255654 0.368124552684678 236.42750600131643
      vertex 324.17167120529666 0.32886664673858323 242.30415476299083
      vertex 324.15845750582065 0.368124552684678 242.31036401167069
    endloop
  endfacet
  facet normal -0.8811425303814727 -0.22835087011042832 0.4140576303761903
    outer loop
      vertex 321.4291662510632 0.2486898871648548 236.41100174064954
      vertex 324.2022360289651 0.20791169081775934 242.28979204864592
      vertex 324.1935796843273 0.2486898871648548 242.2938597510038
    endloop
  endfacet
  facet normal -0.871715172516683 -0.2689198206155734 0.4096276212419002
    outer loop
      vertex 321.4189720151224 0.2890317969444716 236.41579211341173
      vertex 324.1935796843273 0.2486898871648548 242.2938597510038
      vertex 324.1833854483865 0.2890317969444716 242.29865012376595
    endloop
  endfacet
  facet normal -0.8607585300286656 -0.30901699437505753 0.40447898606762794
    outer loop
      vertex 321.40725777203255 0.32886664673858323 236.42129675263658
      vertex 324.1833854483865 0.2890317969444716 242.29865012376595
      vertex 324.17167120529666 0.32886664673858323 242.30415476299083
    endloop
  endfacet
  facet normal -0.8343369270418493 -0.38751558645242246 0.3920632122895476
    outer loop
      vertex 321.37935409801327 0.4067366430758002 236.4344089663192
      vertex 324.15845750582065 0.368124552684678 242.31036401167069
      vertex 324.1437675312774 0.4067366430758002 242.31726697667347
    endloop
  endfacet
  facet normal -0.8189183190130206 -0.4257792915651794 0.38481785517195327
    outer loop
      vertex 321.3632136196098 0.44463517918492745 236.44199353749863
      vertex 324.1437675312774 0.4067366430758002 242.31726697667347
      vertex 324.1276270528739 0.44463517918492745 242.32485154785286
    endloop
  endfacet
  facet normal -0.8020630499822804 -0.4632960351199003 0.37689739677437706
    outer loop
      vertex 321.3456509532298 0.4817536741017153 236.45024640893956
      vertex 324.1276270528739 0.44463517918492745 242.32485154785286
      vertex 324.1100643864939 0.4817536741017153 242.3331044192938
    endloop
  endfacet
  facet normal -0.4252943743480863 0 -0.9050550785161475
    outer loop
      vertex 322.8004313625719 -0.8211492091337039 242.94851399022076
      vertex 322.7697630760102 -0.7965299180241964 242.96292532280725
      vertex 322.7697630760102 0.7965299180241963 242.96292532280725
    endloop
  endfacet
  facet normal -0.42529437434841494 0 -0.9050550785159931
    outer loop
      vertex 322.86443103612464 -0.8660254037844386 242.91843990769448
      vertex 322.83200581338195 -0.844327925502015 242.93367684204998
      vertex 322.83200581338195 0.844327925502015 242.93367684204998
    endloop
  endfacet
  facet normal -0.425294374348394 0 -0.9050550785160029
    outer loop
      vertex 322.83200581338195 -0.844327925502015 242.93367684204998
      vertex 322.8004313625719 -0.8211492091337039 242.94851399022076
      vertex 322.8004313625719 0.821149209133704 242.94851399022076
    endloop
  endfacet
  facet normal -0.42529437434835166 0 -0.9050550785160227
    outer loop
      vertex 322.96623562586007 -0.9218631515885004 242.8706009194107
      vertex 322.96623562586007 0.9218631515885005 242.8706009194107
      vertex 323.0014816737253 -0.9372819894918915 242.85403845130136
    endloop
  endfacet
  facet normal -0.42529437434869755 0 -0.9050550785158603
    outer loop
      vertex 322.96623562586007 -0.9218631515885004 242.8706009194107
      vertex 322.93160486522476 -0.9048270524660196 242.88687425793697
      vertex 322.93160486522476 0.9048270524660195 242.88687425793697
    endloop
  endfacet
  facet normal -0.42529437434793055 0 -0.9050550785162207
    outer loop
      vertex 322.86443103612464 -0.8660254037844386 242.91843990769448
      vertex 322.86443103612464 0.8660254037844386 242.91843990769448
      vertex 322.8976501459411 -0.8862035792312147 242.9028299179147
    endloop
  endfacet
  facet normal -0.42529437434821227 0 -0.9050550785160881
    outer loop
      vertex 322.93160486522476 -0.9048270524660196 242.88687425793697
      vertex 322.8976501459411 -0.8862035792312147 242.9028299179147
      vertex 322.8976501459411 0.8862035792312147 242.9028299179147
    endloop
  endfacet
  facet normal -0.42529437434919165 0 -0.9050550785156279
    outer loop
      vertex 322.7697630760102 -0.7965299180241964 242.96292532280725
      vertex 322.7400547562927 -0.7705132427757894 242.9768855574351
      vertex 322.7400547562927 0.7705132427757894 242.9768855574351
    endloop
  endfacet
  facet normal -0.42529437434820433 0 -0.905055078516092
    outer loop
      vertex 323.4865489857675 -0.9822872507286886 242.62610050156903
      vertex 323.4865489857675 0.9822872507286887 242.62610050156903
      vertex 323.5236286900599 -0.9735789028731603 242.60867638008472
    endloop
  endfacet
  facet normal -0.4252943743482044 0 -0.9050550785160919
    outer loop
      vertex 323.1473681649979 -0.9822872507286886 242.78548493947162
      vertex 323.1102884607055 -0.9735789028731603 242.80290906095593
      vertex 323.1102884607055 0.9735789028731603 242.80290906095593
    endloop
  endfacet
  facet normal -0.4252943743482177 0 -0.9050550785160857
    outer loop
      vertex 323.1473681649979 -0.9822872507286886 242.78548493947162
      vertex 323.1473681649979 0.9822872507286887 242.78548493947162
      vertex 323.1847453884973 -0.9892723329629883 242.76792101075569
    endloop
  endfacet
  facet normal -0.42529437434823786 0 -0.9050550785160761
    outer loop
      vertex 323.2223545588528 -0.9945218953682733 242.75024808790732
      vertex 323.2223545588528 0.9945218953682733 242.75024808790732
      vertex 323.26012969680005 -0.9980267284282716 242.73249717523854
    endloop
  endfacet
  facet normal -0.4252943743485093 0 -0.9050550785159487
    outer loop
      vertex 323.1847453884973 -0.9892723329629883 242.76792101075569
      vertex 323.1847453884973 0.9892723329629883 242.76792101075569
      vertex 323.2223545588528 -0.9945218953682733 242.75024808790732
    endloop
  endfacet
  facet normal -0.4252943743484693 0 -0.9050550785159674
    outer loop
      vertex 323.0372811752759 -0.9510565162951535 242.83721590980602
      vertex 323.0372811752759 0.9510565162951535 242.83721590980602
      vertex 323.07357132602124 -0.9631625667976582 242.82016280737875
    endloop
  endfacet
  facet normal -0.4252943743477748 0 -0.9050550785162937
    outer loop
      vertex 323.0372811752759 -0.9510565162951535 242.83721590980602
      vertex 323.0014816737253 -0.9372819894918915 242.85403845130136
      vertex 323.0014816737253 0.9372819894918915 242.85403845130136
    endloop
  endfacet
  facet normal -0.4252943743485165 0 -0.9050550785159454
    outer loop
      vertex 323.1102884607055 -0.9735789028731603 242.80290906095593
      vertex 323.07357132602124 -0.9631625667976582 242.82016280737875
      vertex 323.07357132602124 0.9631625667976582 242.82016280737875
    endloop
  endfacet
  facet normal -0.4252943743487463 0 -0.9050550785158372
    outer loop
      vertex 323.29800453191086 -0.9997806834748455 242.71469941388196
      vertex 323.29800453191086 0.9997806834748455 242.71469941388196
      vertex 323.33591261885454 -0.9997806834748455 242.69688602715868
    endloop
  endfacet
  facet normal -0.42529437434858425 0 -0.9050550785159135
    outer loop
      vertex 323.33591261885454 -0.9997806834748455 242.69688602715868
      vertex 323.33591261885454 0.9997806834748455 242.69688602715868
      vertex 323.37378745396535 -0.9980267284282716 242.67908826580208
    endloop
  endfacet
  facet normal -0.4252943743480279 0 -0.9050550785161748
    outer loop
      vertex 323.29800453191086 -0.9997806834748455 242.71469941388196
      vertex 323.26012969680005 -0.9980267284282716 242.73249717523854
      vertex 323.26012969680005 0.9980267284282716 242.73249717523854
    endloop
  endfacet
  facet normal -0.4252943743476801 0 -0.9050550785163384
    outer loop
      vertex 323.37378745396535 -0.9980267284282716 242.67908826580208
      vertex 323.37378745396535 0.9980267284282716 242.67908826580208
      vertex 323.41156259191257 -0.9945218953682733 242.66133735313332
    endloop
  endfacet
  facet normal -0.42529437434850925 0 -0.9050550785159486
    outer loop
      vertex 323.41156259191257 -0.9945218953682733 242.66133735313332
      vertex 323.41156259191257 0.9945218953682733 242.66133735313332
      vertex 323.4491717622681 -0.9892723329629883 242.64366443028496
    endloop
  endfacet
  facet normal -0.42529437434821776 0 -0.9050550785160857
    outer loop
      vertex 323.4865489857675 -0.9822872507286886 242.62610050156903
      vertex 323.4491717622681 -0.9892723329629883 242.64366443028496
      vertex 323.4491717622681 0.9892723329629883 242.64366443028496
    endloop
  endfacet
  facet normal -0.4252943743485164 0 -0.9050550785159454
    outer loop
      vertex 323.56034582474416 -0.9631625667976581 242.5914226336619
      vertex 323.5236286900599 -0.9735789028731603 242.60867638008472
      vertex 323.5236286900599 0.9735789028731603 242.60867638008472
    endloop
  endfacet
  facet normal -0.42529437434846923 0 -0.9050550785159674
    outer loop
      vertex 323.56034582474416 -0.9631625667976581 242.5914226336619
      vertex 323.56034582474416 0.9631625667976582 242.5914226336619
      vertex 323.5966359754895 -0.9510565162951535 242.57436953123462
    endloop
  endfacet
  facet normal -0.4252943743483279 0 -0.905055078516034
    outer loop
      vertex 323.5966359754895 -0.9510565162951535 242.57436953123462
      vertex 323.5966359754895 0.9510565162951535 242.57436953123462
      vertex 323.63243547704 -0.9372819894918917 242.55754698973928
    endloop
  endfacet
  facet normal -0.4252943743481257 0 -0.905055078516129
    outer loop
      vertex 323.6676815249053 -0.9218631515885004 242.54098452162995
      vertex 323.6676815249053 0.9218631515885005 242.54098452162995
      vertex 323.70231228554064 -0.9048270524660196 242.52471118310368
    endloop
  endfacet
  facet normal -0.4252943743487955 0 -0.905055078515814
    outer loop
      vertex 323.70231228554064 -0.9048270524660196 242.52471118310368
      vertex 323.70231228554064 0.9048270524660195 242.52471118310368
      vertex 323.73626700482424 -0.8862035792312145 242.50875552312596
    endloop
  endfacet
  facet normal -0.42529437434793055 0 -0.9050550785162207
    outer loop
      vertex 323.73626700482424 -0.8862035792312145 242.50875552312596
      vertex 323.73626700482424 0.8862035792312147 242.50875552312596
      vertex 323.7694861146407 -0.8660254037844386 242.49314553334617
    endloop
  endfacet
  facet normal -0.42529437434835177 0 -0.9050550785160228
    outer loop
      vertex 323.63243547704 -0.9372819894918917 242.55754698973928
      vertex 323.63243547704 0.9372819894918915 242.55754698973928
      vertex 323.6676815249053 -0.9218631515885004 242.54098452162995
    endloop
  endfacet
  facet normal -0.4252943743484148 0 -0.905055078515993
    outer loop
      vertex 323.7694861146407 -0.8660254037844386 242.49314553334617
      vertex 323.7694861146407 0.8660254037844386 242.49314553334617
      vertex 323.8019113373834 -0.8443279255020153 242.47790859899067
    endloop
  endfacet
  facet normal -0.42529437434843415 0 -0.905055078515984
    outer loop
      vertex 323.8019113373834 -0.8443279255020153 242.47790859899067
      vertex 323.8019113373834 0.8443279255020151 242.47790859899067
      vertex 323.8334857881935 -0.8211492091337039 242.46307145081985
    endloop
  endfacet
  facet normal -0.4252943743487319 0 -0.905055078515844
    outer loop
      vertex 323.8334857881935 -0.8211492091337039 242.46307145081985
      vertex 323.8334857881935 0.821149209133704 242.46307145081985
      vertex 323.86415407475516 -0.7965299180241964 242.44866011823336
    endloop
  endfacet
  facet normal -0.42529437434781586 0 -0.9050550785162746
    outer loop
      vertex 323.86415407475516 -0.7965299180241964 242.44866011823336
      vertex 323.86415407475516 0.7965299180241963 242.44866011823336
      vertex 323.8938623944727 -0.770513242775789 242.43469988360553
    endloop
  endfacet
  facet normal -0.42529437434840467 0 -0.9050550785159979
    outer loop
      vertex 323.8938623944727 -0.770513242775789 242.43469988360553
      vertex 323.8938623944727 0.7705132427757891 242.43469988360553
      vertex 323.92255862885827 -0.7431448254773942 242.42121523793162
    endloop
  endfacet
  facet normal -0.425294374348467 0 -0.9050550785159684
    outer loop
      vertex 323.92255862885827 -0.7431448254773942 242.42121523793162
      vertex 323.92255862885827 0.7431448254773942 242.42121523793162
      vertex 323.9501924349658 -0.7144726796328036 242.40822983786222
    endloop
  endfacet
  facet normal -0.4252943743484489 0 -0.9050550785159771
    outer loop
      vertex 323.9501924349658 -0.7144726796328036 242.40822983786222
      vertex 323.9501924349658 0.7144726796328034 242.40822983786222
      vertex 323.9767153337093 -0.6845471059286885 242.39576646420156
    endloop
  endfacet
  facet normal -0.42529437434831163 0 -0.9050550785160415
    outer loop
      vertex 323.9767153337093 -0.6845471059286885 242.39576646420156
      vertex 323.9767153337093 0.6845471059286887 242.39576646420156
      vertex 324.0020807949118 -0.6534206039901056 242.38384698194213
    endloop
  endfacet
  facet normal -0.4252943743476172 0 -0.905055078516368
    outer loop
      vertex 324.0020807949118 -0.6534206039901056 242.38384698194213
      vertex 324.0020807949118 0.6534206039901054 242.38384698194213
      vertex 324.02624431893526 -0.6211477802783101 242.37249230190605
    endloop
  endfacet
  facet normal -0.42529437434771467 0 -0.9050550785163222
    outer loop
      vertex 322.7400547562927 -0.7705132427757894 242.9768855574351
      vertex 322.7113585219071 -0.7431448254773942 242.99037020310902
      vertex 322.7113585219071 0.7431448254773942 242.99037020310902
    endloop
  endfacet
  facet normal -0.42529437434951606 0 -0.9050550785154755
    outer loop
      vertex 322.7113585219071 -0.7431448254773942 242.99037020310902
      vertex 322.69086566541307 -0.7218819502917014 243
      vertex 322.69086566541307 0.7218819502917014 243
    endloop
  endfacet
  facet normal -0.42529437434919165 0 -0.905055078515628
    outer loop
      vertex 322.7697630760102 -0.7965299180241964 242.96292532280725
      vertex 322.7400547562927 0.7705132427757894 242.9768855574351
      vertex 322.7697630760102 0.7965299180241963 242.96292532280725
    endloop
  endfacet
  facet normal -0.4252943743480863 0 -0.9050550785161475
    outer loop
      vertex 322.8004313625719 -0.8211492091337039 242.94851399022076
      vertex 322.7697630760102 0.7965299180241963 242.96292532280725
      vertex 322.8004313625719 0.821149209133704 242.94851399022076
    endloop
  endfacet
  facet normal -0.4252943743484148 0 -0.905055078515993
    outer loop
      vertex 322.86443103612464 -0.8660254037844386 242.91843990769448
      vertex 322.83200581338195 0.844327925502015 242.93367684204998
      vertex 322.86443103612464 0.8660254037844386 242.91843990769448
    endloop
  endfacet
  facet normal -0.425294374348394 0 -0.905055078516003
    outer loop
      vertex 322.83200581338195 -0.844327925502015 242.93367684204998
      vertex 322.8004313625719 0.821149209133704 242.94851399022076
      vertex 322.83200581338195 0.844327925502015 242.93367684204998
    endloop
  endfacet
  facet normal -0.42529437434793055 0 -0.9050550785162206
    outer loop
      vertex 322.8976501459411 -0.8862035792312147 242.9028299179147
      vertex 322.86443103612464 0.8660254037844386 242.91843990769448
      vertex 322.8976501459411 0.8862035792312147 242.9028299179147
    endloop
  endfacet
  facet normal -0.42529437434869755 0 -0.9050550785158603
    outer loop
      vertex 322.96623562586007 -0.9218631515885004 242.8706009194107
      vertex 322.93160486522476 0.9048270524660195 242.88687425793697
      vertex 322.96623562586007 0.9218631515885005 242.8706009194107
    endloop
  endfacet
  facet normal -0.4252943743483517 0 -0.9050550785160226
    outer loop
      vertex 323.0014816737253 -0.9372819894918915 242.85403845130136
      vertex 322.96623562586007 0.9218631515885005 242.8706009194107
      vertex 323.0014816737253 0.9372819894918915 242.85403845130136
    endloop
  endfacet
  facet normal -0.4252943743482124 0 -0.9050550785160882
    outer loop
      vertex 322.93160486522476 -0.9048270524660196 242.88687425793697
      vertex 322.8976501459411 0.8862035792312147 242.9028299179147
      vertex 322.93160486522476 0.9048270524660195 242.88687425793697
    endloop
  endfacet
  facet normal -0.4252943743476171 0 -0.905055078516368
    outer loop
      vertex 324.02624431893526 -0.6211477802783101 242.37249230190605
      vertex 324.0020807949118 0.6534206039901054 242.38384698194213
      vertex 324.02624431893526 0.6211477802783103 242.37249230190605
    endloop
  endfacet
  facet normal -0.4252943743482177 0 -0.9050550785160857
    outer loop
      vertex 323.4865489857675 -0.9822872507286886 242.62610050156903
      vertex 323.4491717622681 0.9892723329629883 242.64366443028496
      vertex 323.4865489857675 0.9822872507286887 242.62610050156903
    endloop
  endfacet
  facet normal -0.42529437434820433 0 -0.905055078516092
    outer loop
      vertex 323.1473681649979 -0.9822872507286886 242.78548493947162
      vertex 323.1102884607055 0.9735789028731603 242.80290906095593
      vertex 323.1473681649979 0.9822872507286887 242.78548493947162
    endloop
  endfacet
  facet normal -0.42529437434821776 0 -0.9050550785160857
    outer loop
      vertex 323.1847453884973 -0.9892723329629883 242.76792101075569
      vertex 323.1473681649979 0.9822872507286887 242.78548493947162
      vertex 323.1847453884973 0.9892723329629883 242.76792101075569
    endloop
  endfacet
  facet normal -0.42529437434850925 0 -0.9050550785159486
    outer loop
      vertex 323.2223545588528 -0.9945218953682733 242.75024808790732
      vertex 323.1847453884973 0.9892723329629883 242.76792101075569
      vertex 323.2223545588528 0.9945218953682733 242.75024808790732
    endloop
  endfacet
  facet normal -0.42529437434823786 0 -0.9050550785160761
    outer loop
      vertex 323.26012969680005 -0.9980267284282716 242.73249717523854
      vertex 323.2223545588528 0.9945218953682733 242.75024808790732
      vertex 323.26012969680005 0.9980267284282716 242.73249717523854
    endloop
  endfacet
  facet normal -0.4252943743477747 0 -0.9050550785162937
    outer loop
      vertex 323.0372811752759 -0.9510565162951535 242.83721590980602
      vertex 323.0014816737253 0.9372819894918915 242.85403845130136
      vertex 323.0372811752759 0.9510565162951535 242.83721590980602
    endloop
  endfacet
  facet normal -0.42529437434846923 0 -0.9050550785159674
    outer loop
      vertex 323.07357132602124 -0.9631625667976582 242.82016280737875
      vertex 323.0372811752759 0.9510565162951535 242.83721590980602
      vertex 323.07357132602124 0.9631625667976582 242.82016280737875
    endloop
  endfacet
  facet normal -0.4252943743485164 0 -0.9050550785159454
    outer loop
      vertex 323.1102884607055 -0.9735789028731603 242.80290906095593
      vertex 323.07357132602124 0.9631625667976582 242.82016280737875
      vertex 323.1102884607055 0.9735789028731603 242.80290906095593
    endloop
  endfacet
  facet normal -0.4252943743487463 0 -0.9050550785158372
    outer loop
      vertex 323.33591261885454 -0.9997806834748455 242.69688602715868
      vertex 323.29800453191086 0.9997806834748455 242.71469941388196
      vertex 323.33591261885454 0.9997806834748455 242.69688602715868
    endloop
  endfacet
  facet normal -0.4252943743485842 0 -0.9050550785159134
    outer loop
      vertex 323.37378745396535 -0.9980267284282716 242.67908826580208
      vertex 323.33591261885454 0.9997806834748455 242.69688602715868
      vertex 323.37378745396535 0.9980267284282716 242.67908826580208
    endloop
  endfacet
  facet normal -0.42529437434802786 0 -0.905055078516175
    outer loop
      vertex 323.29800453191086 -0.9997806834748455 242.71469941388196
      vertex 323.26012969680005 0.9980267284282716 242.73249717523854
      vertex 323.29800453191086 0.9997806834748455 242.71469941388196
    endloop
  endfacet
  facet normal -0.42529437434768014 0 -0.9050550785163384
    outer loop
      vertex 323.41156259191257 -0.9945218953682733 242.66133735313332
      vertex 323.37378745396535 0.9980267284282716 242.67908826580208
      vertex 323.41156259191257 0.9945218953682733 242.66133735313332
    endloop
  endfacet
  facet normal -0.4252943743485093 0 -0.9050550785159487
    outer loop
      vertex 323.4491717622681 -0.9892723329629883 242.64366443028496
      vertex 323.41156259191257 0.9945218953682733 242.66133735313332
      vertex 323.4491717622681 0.9892723329629883 242.64366443028496
    endloop
  endfacet
  facet normal -0.4252943743484693 0 -0.9050550785159674
    outer loop
      vertex 323.5966359754895 -0.9510565162951535 242.57436953123462
      vertex 323.56034582474416 0.9631625667976582 242.5914226336619
      vertex 323.5966359754895 0.9510565162951535 242.57436953123462
    endloop
  endfacet
  facet normal -0.4252943743483279 0 -0.9050550785160338
    outer loop
      vertex 323.63243547704 -0.9372819894918917 242.55754698973928
      vertex 323.5966359754895 0.9510565162951535 242.57436953123462
      vertex 323.63243547704 0.9372819894918915 242.55754698973928
    endloop
  endfacet
  facet normal -0.4252943743482044 0 -0.905055078516092
    outer loop
      vertex 323.5236286900599 -0.9735789028731603 242.60867638008472
      vertex 323.4865489857675 0.9822872507286887 242.62610050156903
      vertex 323.5236286900599 0.9735789028731603 242.60867638008472
    endloop
  endfacet
  facet normal -0.42529437434851636 0 -0.9050550785159454
    outer loop
      vertex 323.56034582474416 -0.9631625667976581 242.5914226336619
      vertex 323.5236286900599 0.9735789028731603 242.60867638008472
      vertex 323.56034582474416 0.9631625667976582 242.5914226336619
    endloop
  endfacet
  facet normal -0.42529437434835166 0 -0.9050550785160227
    outer loop
      vertex 323.6676815249053 -0.9218631515885004 242.54098452162995
      vertex 323.63243547704 0.9372819894918915 242.55754698973928
      vertex 323.6676815249053 0.9218631515885005 242.54098452162995
    endloop
  endfacet
  facet normal -0.4252943743481257 0 -0.9050550785161289
    outer loop
      vertex 323.70231228554064 -0.9048270524660196 242.52471118310368
      vertex 323.6676815249053 0.9218631515885005 242.54098452162995
      vertex 323.70231228554064 0.9048270524660195 242.52471118310368
    endloop
  endfacet
  facet normal -0.42529437434793055 0 -0.9050550785162207
    outer loop
      vertex 323.7694861146407 -0.8660254037844386 242.49314553334617
      vertex 323.73626700482424 0.8862035792312147 242.50875552312596
      vertex 323.7694861146407 0.8660254037844386 242.49314553334617
    endloop
  endfacet
  facet normal -0.4252943743487955 0 -0.9050550785158141
    outer loop
      vertex 323.73626700482424 -0.8862035792312145 242.50875552312596
      vertex 323.70231228554064 0.9048270524660195 242.52471118310368
      vertex 323.73626700482424 0.8862035792312147 242.50875552312596
    endloop
  endfacet
  facet normal -0.42529437434781586 0 -0.9050550785162745
    outer loop
      vertex 323.8938623944727 -0.770513242775789 242.43469988360553
      vertex 323.86415407475516 0.7965299180241963 242.44866011823336
      vertex 323.8938623944727 0.7705132427757891 242.43469988360553
    endloop
  endfacet
  facet normal -0.42529437434873196 0 -0.9050550785158441
    outer loop
      vertex 323.86415407475516 -0.7965299180241964 242.44866011823336
      vertex 323.8334857881935 0.821149209133704 242.46307145081985
      vertex 323.86415407475516 0.7965299180241963 242.44866011823336
    endloop
  endfacet
  facet normal -0.42529437434846706 0 -0.9050550785159686
    outer loop
      vertex 323.9501924349658 -0.7144726796328036 242.40822983786222
      vertex 323.92255862885827 0.7431448254773942 242.42121523793162
      vertex 323.9501924349658 0.7144726796328034 242.40822983786222
    endloop
  endfacet
  facet normal -0.4252943743483117 0 -0.9050550785160416
    outer loop
      vertex 324.0020807949118 -0.6534206039901056 242.38384698194213
      vertex 323.9767153337093 0.6845471059286887 242.39576646420156
      vertex 324.0020807949118 0.6534206039901054 242.38384698194213
    endloop
  endfacet
  facet normal -0.4252943743484489 0 -0.9050550785159771
    outer loop
      vertex 323.9767153337093 -0.6845471059286885 242.39576646420156
      vertex 323.9501924349658 0.7144726796328034 242.40822983786222
      vertex 323.9767153337093 0.6845471059286887 242.39576646420156
    endloop
  endfacet
  facet normal -0.4252943743484047 0 -0.9050550785159979
    outer loop
      vertex 323.92255862885827 -0.7431448254773942 242.42121523793162
      vertex 323.8938623944727 0.7705132427757891 242.43469988360553
      vertex 323.92255862885827 0.7431448254773942 242.42121523793162
    endloop
  endfacet
  facet normal -0.4252943743484149 0 -0.905055078515993
    outer loop
      vertex 323.8019113373834 -0.8443279255020153 242.47790859899067
      vertex 323.7694861146407 0.8660254037844386 242.49314553334617
      vertex 323.8019113373834 0.8443279255020151 242.47790859899067
    endloop
  endfacet
  facet normal -0.42529437434843415 0 -0.905055078515984
    outer loop
      vertex 323.8334857881935 -0.8211492091337039 242.46307145081985
      vertex 323.8019113373834 0.8443279255020151 242.47790859899067
      vertex 323.8334857881935 0.821149209133704 242.46307145081985
    endloop
  endfacet
  facet normal -0.42529437434951606 0 -0.9050550785154756
    outer loop
      vertex 322.7113585219071 -0.7431448254773942 242.99037020310902
      vertex 322.69086566541307 0.7218819502917014 243
      vertex 322.7113585219071 0.7431448254773942 242.99037020310902
    endloop
  endfacet
  facet normal -0.4252943743477146 0 -0.905055078516322
    outer loop
      vertex 322.7400547562927 -0.7705132427757894 242.9768855574351
      vertex 322.7113585219071 0.7431448254773942 242.99037020310902
      vertex 322.7400547562927 0.7705132427757894 242.9768855574351
    endloop
  endfacet
  facet normal -0.4252943743484765 0 -0.9050550785159641
    outer loop
      vertex 324.1935796843273 -0.24868988716485443 242.2938597510038
      vertex 324.1935796843273 0.2486898871648548 242.2938597510038
      vertex 324.2022360289651 -0.20791169081775934 242.28979204864592
    endloop
  endfacet
  facet normal -0.42529437434825884 0 -0.9050550785160665
    outer loop
      vertex 324.02624431893526 -0.6211477802783101 242.37249230190605
      vertex 324.02624431893526 0.6211477802783103 242.37249230190605
      vertex 324.04916351474753 -0.5877852522924731 242.36172234406047
    endloop
  endfacet
  facet normal -0.42529437434973194 0 -0.9050550785153743
    outer loop
      vertex 324.04916351474753 -0.5877852522924731 242.36172234406047
      vertex 324.04916351474753 0.5877852522924731 242.36172234406047
      vertex 324.0707981742912 -0.5533915492433443 242.35155600257107
    endloop
  endfacet
  facet normal -0.4252943743474788 0 -0.9050550785164331
    outer loop
      vertex 324.0707981742912 -0.5533915492433443 242.35155600257107
      vertex 324.0707981742912 0.5533915492433441 242.35155600257107
      vertex 324.0911103430221 -0.51802700937313 242.34201111265543
    endloop
  endfacet
  facet normal -0.4252943743492687 0 -0.9050550785155919
    outer loop
      vertex 324.0911103430221 -0.51802700937313 242.34201111265543
      vertex 324.0911103430221 0.5180270093731302 242.34201111265543
      vertex 324.1100643864939 -0.4817536741017154 242.3331044192938
    endloop
  endfacet
  facet normal -0.4252943743475356 0 -0.9050550785164063
    outer loop
      vertex 324.1100643864939 -0.4817536741017154 242.3331044192938
      vertex 324.1100643864939 0.4817536741017153 242.3331044192938
      vertex 324.1276270528739 -0.4446351791849271 242.32485154785286
    endloop
  endfacet
  facet normal -0.42529437434746226 0 -0.9050550785164407
    outer loop
      vertex 324.1276270528739 -0.4446351791849271 242.32485154785286
      vertex 324.1276270528739 0.44463517918492745 242.32485154785286
      vertex 324.1437675312774 -0.4067366430758002 242.31726697667347
    endloop
  endfacet
  facet normal -0.42529437434890005 0 -0.905055078515765
    outer loop
      vertex 324.1437675312774 -0.4067366430758002 242.31726697667347
      vertex 324.1437675312774 0.4067366430758002 242.31726697667347
      vertex 324.15845750582065 -0.36812455268467836 242.31036401167069
    endloop
  endfacet
  facet normal -0.42529437434781747 0 -0.9050550785162738
    outer loop
      vertex 324.15845750582065 -0.36812455268467836 242.31036401167069
      vertex 324.15845750582065 0.368124552684678 242.31036401167069
      vertex 324.17167120529666 -0.32886664673858307 242.30415476299083
    endloop
  endfacet
  facet normal -0.4252943743496623 0 -0.905055078515407
    outer loop
      vertex 324.17167120529666 -0.32886664673858307 242.30415476299083
      vertex 324.17167120529666 0.32886664673858323 242.30415476299083
      vertex 324.1833854483865 -0.2890317969444718 242.29865012376595
    endloop
  endfacet
  facet normal -0.4252943743467496 0 -0.9050550785167756
    outer loop
      vertex 324.1935796843273 -0.24868988716485443 242.2938597510038
      vertex 324.1833854483865 -0.2890317969444718 242.29865012376595
      vertex 324.1833854483865 0.2890317969444716 242.29865012376595
    endloop
  endfacet
  facet normal -0.42529437434801765 0 -0.9050550785161796
    outer loop
      vertex 324.2022360289651 -0.20791169081775934 242.28979204864592
      vertex 324.2022360289651 0.20791169081775934 242.28979204864592
      vertex 324.20933929613005 -0.16676874671610267 242.2864541528245
    endloop
  endfacet
  facet normal -0.42529437435122647 0 -0.905055078514672
    outer loop
      vertex 324.20933929613005 -0.16676874671610267 242.2864541528245
      vertex 324.20933929613005 0.16676874671610226 242.2864541528245
      vertex 324.21487702427777 -0.12533323356430406 242.283851919343
    endloop
  endfacet
  facet normal -0.42529437434311346 0 -0.9050550785184841
    outer loop
      vertex 324.21487702427777 -0.12533323356430406 242.283851919343
      vertex 324.21487702427777 0.12533323356430426 242.283851919343
      vertex 324.21883949835143 -0.08367784333231569 242.28198991340324
    endloop
  endfacet
  facet normal -0.42529437435412204 0 -0.9050550785133112
    outer loop
      vertex 324.21883949835143 -0.08367784333231569 242.28198991340324
      vertex 324.21883949835143 0.08367784333231548 242.28198991340324
      vertex 324.22121976682496 -0.04187565372919923 242.2808714015963
    endloop
  endfacet
  facet normal -0.42529437435468975 0 -0.9050550785130445
    outer loop
      vertex 324.22121976682496 -0.04187565372919923 242.2808714015963
      vertex 324.22121976682496 0.04187565372919962 242.2808714015963
      vertex 324.2220136538987 0 242.28049834617198
    endloop
  endfacet
  facet normal -0.42529437435412204 0 -0.9050550785133111
    outer loop
      vertex 324.22121976682496 -0.04187565372919923 242.2808714015963
      vertex 324.21883949835143 0.08367784333231548 242.28198991340324
      vertex 324.22121976682496 0.04187565372919962 242.2808714015963
    endloop
  endfacet
  facet normal -0.4252943743431135 0 -0.9050550785184843
    outer loop
      vertex 324.21883949835143 -0.08367784333231569 242.28198991340324
      vertex 324.21487702427777 0.12533323356430426 242.283851919343
      vertex 324.21883949835143 0.08367784333231548 242.28198991340324
    endloop
  endfacet
  facet normal -0.4252943743512264 0 -0.9050550785146719
    outer loop
      vertex 324.21487702427777 -0.12533323356430406 242.283851919343
      vertex 324.20933929613005 0.16676874671610226 242.2864541528245
      vertex 324.21487702427777 0.12533323356430426 242.283851919343
    endloop
  endfacet
  facet normal -0.42529437434801765 0 -0.9050550785161796
    outer loop
      vertex 324.20933929613005 -0.16676874671610267 242.2864541528245
      vertex 324.2022360289651 0.20791169081775934 242.28979204864592
      vertex 324.20933929613005 0.16676874671610226 242.2864541528245
    endloop
  endfacet
  facet normal -0.42529437434847644 0 -0.9050550785159642
    outer loop
      vertex 324.2022360289651 -0.20791169081775934 242.28979204864592
      vertex 324.1935796843273 0.2486898871648548 242.2938597510038
      vertex 324.2022360289651 0.20791169081775934 242.28979204864592
    endloop
  endfacet
  facet normal -0.4252943743474623 0 -0.9050550785164407
    outer loop
      vertex 324.1437675312774 -0.4067366430758002 242.31726697667347
      vertex 324.1276270528739 0.44463517918492745 242.32485154785286
      vertex 324.1437675312774 0.4067366430758002 242.31726697667347
    endloop
  endfacet
  facet normal -0.4252943743496623 0 -0.9050550785154069
    outer loop
      vertex 324.1833854483865 -0.2890317969444718 242.29865012376595
      vertex 324.17167120529666 0.32886664673858323 242.30415476299083
      vertex 324.1833854483865 0.2890317969444716 242.29865012376595
    endloop
  endfacet
  facet normal -0.4252943743467496 0 -0.9050550785167756
    outer loop
      vertex 324.1935796843273 -0.24868988716485443 242.2938597510038
      vertex 324.1833854483865 0.2890317969444716 242.29865012376595
      vertex 324.1935796843273 0.2486898871648548 242.2938597510038
    endloop
  endfacet
  facet normal -0.4252943743478175 0 -0.9050550785162738
    outer loop
      vertex 324.17167120529666 -0.32886664673858307 242.30415476299083
      vertex 324.15845750582065 0.368124552684678 242.31036401167069
      vertex 324.17167120529666 0.32886664673858323 242.30415476299083
    endloop
  endfacet
  facet normal -0.42529437434890005 0 -0.905055078515765
    outer loop
      vertex 324.15845750582065 -0.36812455268467836 242.31036401167069
      vertex 324.1437675312774 0.4067366430758002 242.31726697667347
      vertex 324.15845750582065 0.368124552684678 242.31036401167069
    endloop
  endfacet
  facet normal -0.42529437434753553 0 -0.9050550785164062
    outer loop
      vertex 324.1276270528739 -0.4446351791849271 242.32485154785286
      vertex 324.1100643864939 0.4817536741017153 242.3331044192938
      vertex 324.1276270528739 0.44463517918492745 242.32485154785286
    endloop
  endfacet
  facet normal -0.42529437434926876 0 -0.9050550785155919
    outer loop
      vertex 324.1100643864939 -0.4817536741017154 242.3331044192938
      vertex 324.0911103430221 0.5180270093731302 242.34201111265543
      vertex 324.1100643864939 0.4817536741017153 242.3331044192938
    endloop
  endfacet
  facet normal -0.42529437434747874 0 -0.9050550785164329
    outer loop
      vertex 324.0911103430221 -0.51802700937313 242.34201111265543
      vertex 324.0707981742912 0.5533915492433441 242.35155600257107
      vertex 324.0911103430221 0.5180270093731302 242.34201111265543
    endloop
  endfacet
  facet normal -0.42529437434973194 0 -0.9050550785153741
    outer loop
      vertex 324.0707981742912 -0.5533915492433443 242.35155600257107
      vertex 324.04916351474753 0.5877852522924731 242.36172234406047
      vertex 324.0707981742912 0.5533915492433441 242.35155600257107
    endloop
  endfacet
  facet normal -0.4252943743482588 0 -0.9050550785160664
    outer loop
      vertex 324.04916351474753 -0.5877852522924731 242.36172234406047
      vertex 324.02624431893526 0.6211477802783103 242.37249230190605
      vertex 324.04916351474753 0.5877852522924731 242.36172234406047
    endloop
  endfacet
  facet normal 0.2250780453543144 -0.9685831611285792 -0.1057664099686183
    outer loop
      vertex 320.3091578927571 0.9631625667976582 236.9373047970245
      vertex 320.34587502744137 0.9735789028731603 236.9200510506017
      vertex 323.1102884607055 0.9735789028731603 242.80290906095593
    endloop
  endfacet
  facet normal 0.18817153165730124 -0.978147600733845 -0.08842367246596214
    outer loop
      vertex 320.34587502744137 0.9735789028731603 236.9200510506017
      vertex 320.3829547317338 0.9822872507286887 236.90262692911736
      vertex 323.1473681649979 0.9822872507286887 242.78548493947162
    endloop
  endfacet
  facet normal 0.1509349011532351 -0.9859960370704914 -0.07092580979551265
    outer loop
      vertex 320.3829547317338 0.9822872507286887 236.90262692911736
      vertex 320.42033195523317 0.9892723329629883 236.88506300040143
      vertex 323.1847453884973 0.9892723329629883 242.76792101075569
    endloop
  endfacet
  facet normal 0.03789977307374493 -0.9991228300988604 -0.017809479953165282
    outer loop
      vertex 320.4957162635359 0.9980267284282716 236.8496391648843
      vertex 320.53359109864675 0.9997806834748455 236.8318414035277
      vertex 323.29800453191086 0.9997806834748455 242.71469941388196
    endloop
  endfacet
  facet normal 0.11343347954421684 -0.9921147013144768 -0.05330351915378648
    outer loop
      vertex 320.42033195523317 0.9892723329629883 236.88506300040143
      vertex 320.4579411255887 0.9945218953682733 236.8673900775531
      vertex 323.2223545588528 0.9945218953682733 242.75024808790732
    endloop
  endfacet
  facet normal 0.07573305706723768 -0.996492859249499 -0.03558771602686149
    outer loop
      vertex 320.4957162635359 0.9980267284282716 236.8496391648843
      vertex 323.26012969680005 0.9980267284282716 242.73249717523854
      vertex 320.4579411255887 0.9945218953682733 236.8673900775531
    endloop
  endfacet
  facet normal -0.4688429756416668 -0.8553642601604791 0.22031397284689766
    outer loop
      vertex 321.0374979041193 0.8443279255020151 236.5950505886364
      vertex 323.8019113373834 0.8443279255020151 242.47790859899067
      vertex 321.0050726813766 0.8660254037844386 236.6102875229919
    endloop
  endfacet
  facet normal -0.43601360933933725 -0.8763066800439727 0.2048871274170106
    outer loop
      vertex 321.0050726813766 0.8660254037844386 236.6102875229919
      vertex 323.7694861146407 0.8660254037844386 242.49314553334617
      vertex 320.97185357156013 0.8862035792312147 236.62589751277173
    endloop
  endfacet
  facet normal -0.4024193270081223 -0.8957117602394589 0.18910084034466973
    outer loop
      vertex 320.9378988522765 0.9048270524660195 236.64185317274945
      vertex 320.97185357156013 0.8862035792312147 236.62589751277173
      vertex 323.73626700482424 0.8862035792312147 242.50875552312596
    endloop
  endfacet
  facet normal -0.36811906443456577 -0.913545457642478 0.1729828061415808
    outer loop
      vertex 320.9378988522765 0.9048270524660195 236.64185317274945
      vertex 323.70231228554064 0.9048270524660195 242.52471118310368
      vertex 320.90326809164117 0.9218631515885005 236.6581265112757
    endloop
  endfacet
  facet normal -0.11343347954418448 -0.9921147013144815 0.053303519153771
    outer loop
      vertex 320.684758329004 0.9892723329629883 236.7608064199307
      vertex 323.4491717622681 0.9892723329629883 242.64366443028496
      vertex 320.64714915864846 0.9945218953682733 236.77847934277906
    endloop
  endfacet
  facet normal -0.1509349011532351 -0.9859960370704914 0.07092580979551265
    outer loop
      vertex 320.684758329004 0.9892723329629883 236.7608064199307
      vertex 320.7221355525034 0.9822872507286887 236.74324249121477
      vertex 323.4865489857675 0.9822872507286887 242.62610050156903
    endloop
  endfacet
  facet normal -0.22507804535392104 -0.968583161128691 0.10576640996843295
    outer loop
      vertex 320.75921525679576 0.9735789028731603 236.7258183697305
      vertex 320.79593239148005 0.9631625667976582 236.70856462330764
      vertex 323.56034582474416 0.9631625667976582 242.5914226336619
    endloop
  endfacet
  facet normal -0.18817153165763273 -0.9781476007337669 0.08842367246612015
    outer loop
      vertex 320.7221355525034 0.9822872507286887 236.74324249121477
      vertex 320.75921525679576 0.9735789028731603 236.7258183697305
      vertex 323.5236286900599 0.9735789028731603 242.60867638008472
    endloop
  endfacet
  facet normal -0.03789977307379141 -0.9991228300988584 0.017809479953187206
    outer loop
      vertex 320.5714991855904 0.9997806834748455 236.81402801680446
      vertex 320.60937402070124 0.9980267284282716 236.79623025544785
      vertex 323.37378745396535 0.9980267284282716 242.67908826580208
    endloop
  endfacet
  facet normal 0 -1 0
    outer loop
      vertex 320.53359109864675 0.9997806834748455 236.8318414035277
      vertex 320.5714991855904 0.9997806834748455 236.81402801680446
      vertex 323.33591261885454 0.9997806834748455 242.69688602715868
    endloop
  endfacet
  facet normal -0.07573305706714534 -0.9964928592495076 0.03558771602681719
    outer loop
      vertex 320.64714915864846 0.9945218953682733 236.77847934277906
      vertex 323.41156259191257 0.9945218953682733 242.66133735313332
      vertex 320.60937402070124 0.9980267284282716 236.79623025544785
    endloop
  endfacet
  facet normal -0.3331729959336864 -0.9297764858882624 0.15656130131627444
    outer loop
      vertex 320.90326809164117 0.9218631515885005 236.6581265112757
      vertex 323.6676815249053 0.9218631515885005 242.54098452162995
      vertex 320.8680220437759 0.9372819894918915 236.67468897938502
    endloop
  endfacet
  facet normal -0.2976424287854379 -0.9443763702374257 0.1398651347687844
    outer loop
      vertex 320.8680220437759 0.9372819894918915 236.67468897938502
      vertex 323.63243547704 0.9372819894918915 242.55754698973928
      vertex 320.8322225422254 0.9510565162951535 236.69151152088037
    endloop
  endfacet
  facet normal -0.2615896956771639 -0.9573194975320826 0.12292359724824908
    outer loop
      vertex 320.8322225422254 0.9510565162951535 236.69151152088037
      vertex 323.5966359754895 0.9510565162951535 242.57436953123462
      vertex 320.79593239148005 0.9631625667976582 236.70856462330764
    endloop
  endfacet
  facet normal 0.764163276908645 -0.5358267949787582 -0.35908791682126157
    outer loop
      vertex 319.7783933744792 0.51802700937313 237.18671631803096
      vertex 319.79870554321 0.553391549243344 237.17717142811532
      vertex 322.5101131395195 0.51802700937313 243
    endloop
  endfacet
  facet normal 0.7431852619458548 -0.570713567684478 -0.3492301391451284
    outer loop
      vertex 319.79870554321 0.553391549243344 237.17717142811532
      vertex 319.82034020275375 0.5877852522924731 237.16700508662595
      vertex 322.53491054686316 0.553391549243344 243
    endloop
  endfacet
  facet normal 0.7209034474977085 -0.6045991148624515 -0.33875969313579596
    outer loop
      vertex 319.82034020275375 0.5877852522924731 237.16700508662595
      vertex 319.84325939856603 0.6211477802783104 237.15623512878034
      vertex 322.56132247128915 0.5877852522924731 243
    endloop
  endfacet
  facet normal 0.6973569234383314 -0.6374239897483653 -0.3276949475135392
    outer loop
      vertex 319.84325939856603 0.6211477802783104 237.15623512878034
      vertex 319.8674229225894 0.6534206039901056 237.1448804487443
      vertex 322.58930257730725 0.6211477802783104 243
    endloop
  endfacet
  facet normal 0.6725869983708677 -0.6691306063593004 -0.3160553136014348
    outer loop
      vertex 319.8674229225894 0.6534206039901056 237.1448804487443
      vertex 319.892788383792 0.6845471059286885 237.13296096648483
      vertex 322.6188017783038 0.6534206039901056 243
    endloop
  endfacet
  facet normal 0.646637127162474 -0.6996633405135397 -0.3038612112733327
    outer loop
      vertex 319.892788383792 0.6845471059286885 237.13296096648483
      vertex 319.9193112825355 0.7144726796328034 237.12049759282417
      vertex 322.64976832265637 0.6845471059286885 243
    endloop
  endfacet
  facet normal 0.5913816360479284 -0.7569950556520734 -0.27789610696011924
    outer loop
      vertex 319.94694508864296 0.7431448254773942 237.1075121927548
      vertex 319.9756413230286 0.7705132427757894 237.09402754708086
      vertex 322.7400547562927 0.7705132427757894 242.9768855574351
    endloop
  endfacet
  facet normal 0.6195528347047082 -0.7289686274208987 -0.29113403312813035
    outer loop
      vertex 319.94694508864296 0.7431448254773942 237.1075121927548
      vertex 322.7113585219071 0.7431448254773942 242.99037020310902
      vertex 319.9193112825355 0.7144726796328034 237.12049759282417
    endloop
  endfacet
  facet normal 0.5621729530501315 -0.783693457325591 -0.26417065659144834
    outer loop
      vertex 319.9756413230286 0.7705132427757894 237.09402754708086
      vertex 320.00534964274607 0.7965299180241963 237.08006731245302
      vertex 322.7697630760102 0.7965299180241963 242.96292532280725
    endloop
  endfacet
  facet normal 0.5319780276640153 -0.809016994375041 -0.24998176112484483
    outer loop
      vertex 320.00534964274607 0.7965299180241963 237.08006731245302
      vertex 320.0360179293078 0.821149209133704 237.06565597986653
      vertex 322.8004313625719 0.821149209133704 242.94851399022076
    endloop
  endfacet
  facet normal 0.500849832050744 -0.8329212407099535 -0.23535431270519158
    outer loop
      vertex 320.0360179293078 0.821149209133704 237.06565597986653
      vertex 320.06759238011784 0.844327925502015 237.05081883169575
      vertex 322.83200581338195 0.844327925502015 242.93367684204998
    endloop
  endfacet
  facet normal 0.46884297564166827 -0.855364260160478 -0.22031397284689938
    outer loop
      vertex 320.06759238011784 0.844327925502015 237.05081883169575
      vertex 320.10001760286053 0.8660254037844386 237.03558189734025
      vertex 322.86443103612464 0.8660254037844386 242.91843990769448
    endloop
  endfacet
  facet normal 0.4360136093394471 -0.8763066800439057 -0.2048871274170632
    outer loop
      vertex 320.133236712677 0.8862035792312147 237.01997190756046
      vertex 322.8976501459411 0.8862035792312147 242.9028299179147
      vertex 320.10001760286053 0.8660254037844386 237.03558189734025
    endloop
  endfacet
  facet normal 0.4024193270080185 -0.8957117602395158 -0.18910084034462007
    outer loop
      vertex 320.133236712677 0.8862035792312147 237.01997190756046
      vertex 320.16719143196065 0.9048270524660195 237.0040162475827
      vertex 322.93160486522476 0.9048270524660195 242.88687425793697
    endloop
  endfacet
  facet normal 0.36811906443456704 -0.9135454576424779 -0.1729828061415779
    outer loop
      vertex 320.16719143196065 0.9048270524660195 237.0040162475827
      vertex 320.20182219259596 0.9218631515885005 236.98774290905646
      vertex 322.96623562586007 0.9218631515885005 242.8706009194107
    endloop
  endfacet
  facet normal 0.33317299593368616 -0.9297764858882626 -0.15656130131627508
    outer loop
      vertex 320.20182219259596 0.9218631515885005 236.98774290905646
      vertex 320.2370682404612 0.9372819894918915 236.97118044094714
      vertex 323.0014816737253 0.9372819894918915 242.85403845130136
    endloop
  endfacet
  facet normal 0.2976424287850115 -0.9443763702375898 -0.13986513476858403
    outer loop
      vertex 320.2370682404612 0.9372819894918915 236.97118044094714
      vertex 320.2728677420118 0.9510565162951535 236.95435789945176
      vertex 323.0372811752759 0.9510565162951535 242.83721590980602
    endloop
  endfacet
  facet normal 0.2615896956771639 -0.9573194975320826 -0.12292359724824911
    outer loop
      vertex 320.2728677420118 0.9510565162951535 236.95435789945176
      vertex 320.3091578927571 0.9631625667976582 236.9373047970245
      vertex 323.07357132602124 0.9631625667976582 242.82016280737875
    endloop
  endfacet
  facet normal 0.783800689819001 -0.5000000000000115 -0.36831573227225406
    outer loop
      vertex 319.7783933744792 0.51802700937313 237.18671631803096
      vertex 322.5101131395195 0.51802700937313 243
      vertex 322.4869737523369 0.4817536741017154 243
    endloop
  endfacet
  facet normal 0.764163276908395 -0.5358267949791911 -0.3590879168211478
    outer loop
      vertex 319.79870554321 0.553391549243344 237.17717142811532
      vertex 322.53491054686316 0.553391549243344 243
      vertex 322.5101131395195 0.51802700937313 243
    endloop
  endfacet
  facet normal 0.7431852619462057 -0.5707135676839233 -0.34923013914528833
    outer loop
      vertex 319.82034020275375 0.5877852522924731 237.16700508662595
      vertex 322.56132247128915 0.5877852522924731 243
      vertex 322.53491054686316 0.553391549243344 243
    endloop
  endfacet
  facet normal 0.7209034474978001 -0.6045991148623189 -0.3387596931358378
    outer loop
      vertex 319.84325939856603 0.6211477802783104 237.15623512878034
      vertex 322.58930257730725 0.6211477802783104 243
      vertex 322.56132247128915 0.5877852522924731 243
    endloop
  endfacet
  facet normal 0.697356923437947 -0.637423989748876 -0.3276949475133633
    outer loop
      vertex 319.8674229225894 0.6534206039901056 237.1448804487443
      vertex 322.6188017783038 0.6534206039901056 243
      vertex 322.58930257730725 0.6211477802783104 243
    endloop
  endfacet
  facet normal 0.6725869983708282 -0.6691306063593486 -0.3160553136014167
    outer loop
      vertex 319.892788383792 0.6845471059286885 237.13296096648483
      vertex 322.64976832265637 0.6845471059286885 243
      vertex 322.6188017783038 0.6534206039901056 243
    endloop
  endfacet
  facet normal 0.6466371271624689 -0.6996633405135455 -0.3038612112733304
    outer loop
      vertex 319.9193112825355 0.7144726796328034 237.12049759282417
      vertex 322.6821478845236 0.7144726796328034 243
      vertex 322.64976832265637 0.6845471059286885 243
    endloop
  endfacet
  facet normal 0.6195528347048301 -0.728968627420772 -0.29113403312818886
    outer loop
      vertex 319.9193112825355 0.7144726796328034 237.12049759282417
      vertex 322.7113585219071 0.7431448254773942 242.99037020310902
      vertex 322.6821478845236 0.7144726796328034 243
    endloop
  endfacet
  facet normal 0.5621729530500013 -0.7836934573257054 -0.26417065659138583
    outer loop
      vertex 319.9756413230286 0.7705132427757894 237.09402754708086
      vertex 322.7697630760102 0.7965299180241963 242.96292532280725
      vertex 322.7400547562927 0.7705132427757894 242.9768855574351
    endloop
  endfacet
  facet normal 0.5913816360480553 -0.7569950556519518 -0.27789610696018024
    outer loop
      vertex 319.94694508864296 0.7431448254773942 237.1075121927548
      vertex 322.7400547562927 0.7705132427757894 242.9768855574351
      vertex 322.7113585219071 0.7431448254773942 242.99037020310902
    endloop
  endfacet
  facet normal 0.5319780276640143 -0.8090169943750418 -0.2499817611248444
    outer loop
      vertex 320.00534964274607 0.7965299180241963 237.08006731245302
      vertex 322.8004313625719 0.821149209133704 242.94851399022076
      vertex 322.7697630760102 0.7965299180241963 242.96292532280725
    endloop
  endfacet
  facet normal 0.500849832050744 -0.8329212407099535 -0.23535431270519158
    outer loop
      vertex 320.0360179293078 0.821149209133704 237.06565597986653
      vertex 322.83200581338195 0.844327925502015 242.93367684204998
      vertex 322.8004313625719 0.821149209133704 242.94851399022076
    endloop
  endfacet
  facet normal 0.46884297564167005 -0.8553642601604768 -0.22031397284690024
    outer loop
      vertex 320.06759238011784 0.844327925502015 237.05081883169575
      vertex 322.86443103612464 0.8660254037844386 242.91843990769448
      vertex 322.83200581338195 0.844327925502015 242.93367684204998
    endloop
  endfacet
  facet normal 0.43601360933944644 -0.876306680043906 -0.20488712741706291
    outer loop
      vertex 320.10001760286053 0.8660254037844386 237.03558189734025
      vertex 322.8976501459411 0.8862035792312147 242.9028299179147
      vertex 322.86443103612464 0.8660254037844386 242.91843990769448
    endloop
  endfacet
  facet normal -0.7431852619463759 -0.5707135676836512 0.3492301391453712
    outer loop
      vertex 321.3063847410271 0.5533915492433441 236.46869799221685
      vertex 324.0707981742912 0.5533915492433441 242.35155600257107
      vertex 321.2847500814834 0.5877852522924731 236.4788643337062
    endloop
  endfacet
  facet normal -0.7209034474971717 -0.6045991148632323 0.33875969313554494
    outer loop
      vertex 321.2847500814834 0.5877852522924731 236.4788643337062
      vertex 324.04916351474753 0.5877852522924731 242.36172234406047
      vertex 321.2618308856711 0.6211477802783103 236.48963429155182
    endloop
  endfacet
  facet normal -0.6973569234381981 -0.6374239897485379 0.3276949475134872
    outer loop
      vertex 321.2618308856711 0.6211477802783103 236.48963429155182
      vertex 324.02624431893526 0.6211477802783103 242.37249230190605
      vertex 321.2376673616477 0.6534206039901054 236.5009889715879
    endloop
  endfacet
  facet normal -0.7641632769080233 -0.5358267949798408 0.3590879168209693
    outer loop
      vertex 321.32669690975797 0.5180270093731302 236.45915310230117
      vertex 324.0911103430221 0.5180270093731302 242.34201111265543
      vertex 321.3063847410271 0.5533915492433441 236.46869799221685
    endloop
  endfacet
  facet normal -0.672586998371555 -0.6691306063584576 0.3160553136017569
    outer loop
      vertex 321.2376673616477 0.6534206039901054 236.5009889715879
      vertex 324.0020807949118 0.6534206039901054 242.38384698194213
      vertex 321.2123019004452 0.6845471059286887 236.51290845384733
    endloop
  endfacet
  facet normal -0.6466371271624721 -0.6996633405135423 0.30386121127333054
    outer loop
      vertex 321.2123019004452 0.6845471059286887 236.51290845384733
      vertex 323.9767153337093 0.6845471059286887 242.39576646420156
      vertex 321.1857790017017 0.7144726796328034 236.525371827508
    endloop
  endfacet
  facet normal -0.5913816360486046 -0.7569950556514282 0.27789610696043704
    outer loop
      vertex 321.15814519559416 0.7431448254773942 236.53835722757736
      vertex 323.92255862885827 0.7431448254773942 242.42121523793162
      vertex 321.1294489612086 0.7705132427757891 236.55184187325128
    endloop
  endfacet
  facet normal -0.5621729530494666 -0.7836934573261736 0.2641706565911346
    outer loop
      vertex 321.1294489612086 0.7705132427757891 236.55184187325128
      vertex 323.8938623944727 0.7705132427757891 242.43469988360553
      vertex 321.09974064149105 0.7965299180241963 236.56580210787914
    endloop
  endfacet
  facet normal -0.6195528347041536 -0.7289686274214744 0.2911340331278697
    outer loop
      vertex 321.1857790017017 0.7144726796328034 236.525371827508
      vertex 323.9501924349658 0.7144726796328034 242.40822983786222
      vertex 321.15814519559416 0.7431448254773942 236.53835722757736
    endloop
  endfacet
  facet normal -0.5319780276640153 -0.809016994375041 0.24998176112484483
    outer loop
      vertex 321.06907235492935 0.821149209133704 236.58021344046563
      vertex 321.09974064149105 0.7965299180241963 236.56580210787914
      vertex 323.86415407475516 0.7965299180241963 242.44866011823336
    endloop
  endfacet
  facet normal -0.5008498320507437 -0.8329212407099524 0.23535431270519636
    outer loop
      vertex 321.06907235492935 0.821149209133704 236.58021344046563
      vertex 323.8334857881935 0.821149209133704 242.46307145081985
      vertex 321.0374979041193 0.8443279255020151 236.5950505886364
    endloop
  endfacet
  facet normal -0.5913816360486035 -0.7569950556514293 0.2778961069604365
    outer loop
      vertex 321.1294489612086 0.7705132427757891 236.55184187325128
      vertex 323.92255862885827 0.7431448254773942 242.42121523793162
      vertex 323.8938623944727 0.7705132427757891 242.43469988360553
    endloop
  endfacet
  facet normal 0.4024193270081216 -0.8957117602394591 -0.1891008403446694
    outer loop
      vertex 320.133236712677 0.8862035792312147 237.01997190756046
      vertex 322.93160486522476 0.9048270524660195 242.88687425793697
      vertex 322.8976501459411 0.8862035792312147 242.9028299179147
    endloop
  endfacet
  facet normal 0.36811906443447096 -0.9135454576425254 -0.17298280614153191
    outer loop
      vertex 320.16719143196065 0.9048270524660195 237.0040162475827
      vertex 322.96623562586007 0.9218631515885005 242.8706009194107
      vertex 322.93160486522476 0.9048270524660195 242.88687425793697
    endloop
  endfacet
  facet normal 0.33317299593368943 -0.929776485888261 -0.15656130131627666
    outer loop
      vertex 320.20182219259596 0.9218631515885005 236.98774290905646
      vertex 323.0014816737253 0.9372819894918915 242.85403845130136
      vertex 322.96623562586007 0.9218631515885005 242.8706009194107
    endloop
  endfacet
  facet normal 0.2976424287850936 -0.944376370237558 -0.1398651347686233
    outer loop
      vertex 320.2370682404612 0.9372819894918915 236.97118044094714
      vertex 323.0372811752759 0.9510565162951535 242.83721590980602
      vertex 323.0014816737253 0.9372819894918915 242.85403845130136
    endloop
  endfacet
  facet normal 0.26158969567716345 -0.9573194975320827 -0.12292359724824888
    outer loop
      vertex 320.2728677420118 0.9510565162951535 236.95435789945176
      vertex 323.07357132602124 0.9631625667976582 242.82016280737875
      vertex 323.0372811752759 0.9510565162951535 242.83721590980602
    endloop
  endfacet
  facet normal 0.1881715316573524 -0.978147600733833 -0.0884236724659866
    outer loop
      vertex 320.34587502744137 0.9735789028731603 236.9200510506017
      vertex 323.1473681649979 0.9822872507286887 242.78548493947162
      vertex 323.1102884607055 0.9735789028731603 242.80290906095593
    endloop
  endfacet
  facet normal 0.2250780453542528 -0.9685831611285968 -0.10576640996858885
    outer loop
      vertex 320.3091578927571 0.9631625667976582 236.9373047970245
      vertex 323.1102884607055 0.9735789028731603 242.80290906095593
      vertex 323.07357132602124 0.9631625667976582 242.82016280737875
    endloop
  endfacet
  facet normal 0.11343347954418376 -0.9921147013144815 -0.05330351915377066
    outer loop
      vertex 320.42033195523317 0.9892723329629883 236.88506300040143
      vertex 323.2223545588528 0.9945218953682733 242.75024808790732
      vertex 323.1847453884973 0.9892723329629883 242.76792101075569
    endloop
  endfacet
  facet normal 0.15093490115323513 -0.9859960370704914 -0.07092580979551265
    outer loop
      vertex 320.3829547317338 0.9822872507286887 236.90262692911736
      vertex 323.1847453884973 0.9892723329629883 242.76792101075569
      vertex 323.1473681649979 0.9822872507286887 242.78548493947162
    endloop
  endfacet
  facet normal 0.0378997730738024 -0.9991228300988578 -0.01780947995319274
    outer loop
      vertex 320.4957162635359 0.9980267284282716 236.8496391648843
      vertex 323.29800453191086 0.9997806834748455 242.71469941388196
      vertex 323.26012969680005 0.9980267284282716 242.73249717523854
    endloop
  endfacet
  facet normal 0 -1 0
    outer loop
      vertex 320.53359109864675 0.9997806834748455 236.8318414035277
      vertex 323.33591261885454 0.9997806834748455 242.69688602715868
      vertex 323.29800453191086 0.9997806834748455 242.71469941388196
    endloop
  endfacet
  facet normal -0.0757330570671671 -0.9964928592495056 0.03558771602682759
    outer loop
      vertex 320.60937402070124 0.9980267284282716 236.79623025544785
      vertex 323.41156259191257 0.9945218953682733 242.66133735313332
      vertex 323.37378745396535 0.9980267284282716 242.67908826580208
    endloop
  endfacet
  facet normal -0.037899773073791526 -0.9991228300988583 0.017809479953187265
    outer loop
      vertex 320.5714991855904 0.9997806834748455 236.81402801680446
      vertex 323.37378745396535 0.9980267284282716 242.67908826580208
      vertex 323.33591261885454 0.9997806834748455 242.69688602715868
    endloop
  endfacet
  facet normal 0.07573305706714543 -0.9964928592495076 -0.03558771602681741
    outer loop
      vertex 320.4579411255887 0.9945218953682733 236.8673900775531
      vertex 323.26012969680005 0.9980267284282716 242.73249717523854
      vertex 323.2223545588528 0.9945218953682733 242.75024808790732
    endloop
  endfacet
  facet normal -0.5319780276645416 -0.809016994374617 0.2499817611250973
    outer loop
      vertex 321.06907235492935 0.821149209133704 236.58021344046563
      vertex 323.86415407475516 0.7965299180241963 242.44866011823336
      vertex 323.8334857881935 0.821149209133704 242.46307145081985
    endloop
  endfacet
  facet normal -0.5621729530495884 -0.7836934573260665 0.26417065659119315
    outer loop
      vertex 321.09974064149105 0.7965299180241963 236.56580210787914
      vertex 323.8938623944727 0.7705132427757891 242.43469988360553
      vertex 323.86415407475516 0.7965299180241963 242.44866011823336
    endloop
  endfacet
  facet normal -0.5008498320501159 -0.8329212407104148 0.23535431270489537
    outer loop
      vertex 321.0374979041193 0.8443279255020151 236.5950505886364
      vertex 323.8334857881935 0.821149209133704 242.46307145081985
      vertex 323.8019113373834 0.8443279255020151 242.47790859899067
    endloop
  endfacet
  facet normal -0.46884297564166477 -0.8553642601604804 0.22031397284689672
    outer loop
      vertex 321.0050726813766 0.8660254037844386 236.6102875229919
      vertex 323.8019113373834 0.8443279255020151 242.47790859899067
      vertex 323.7694861146407 0.8660254037844386 242.49314553334617
    endloop
  endfacet
  facet normal -0.43601360933944644 -0.876306680043906 0.20488712741706291
    outer loop
      vertex 320.97185357156013 0.8862035792312147 236.62589751277173
      vertex 323.7694861146407 0.8660254037844386 242.49314553334617
      vertex 323.73626700482424 0.8862035792312147 242.50875552312596
    endloop
  endfacet
  facet normal -0.4024193270085635 -0.895711760239216 0.18910084034488092
    outer loop
      vertex 320.9378988522765 0.9048270524660195 236.64185317274945
      vertex 323.73626700482424 0.8862035792312147 242.50875552312596
      vertex 323.70231228554064 0.9048270524660195 242.52471118310368
    endloop
  endfacet
  facet normal -0.36811906443405845 -0.9135454576427283 0.17298280614133807
    outer loop
      vertex 320.90326809164117 0.9218631515885005 236.6581265112757
      vertex 323.70231228554064 0.9048270524660195 242.52471118310368
      vertex 323.6676815249053 0.9218631515885005 242.54098452162995
    endloop
  endfacet
  facet normal -0.3331729959336868 -0.9297764858882623 0.1565613013162747
    outer loop
      vertex 320.8680220437759 0.9372819894918915 236.67468897938502
      vertex 323.6676815249053 0.9218631515885005 242.54098452162995
      vertex 323.63243547704 0.9372819894918915 242.55754698973928
    endloop
  endfacet
  facet normal -0.15093490115323513 -0.9859960370704914 0.07092580979551265
    outer loop
      vertex 320.684758329004 0.9892723329629883 236.7608064199307
      vertex 323.4865489857675 0.9822872507286887 242.62610050156903
      vertex 323.4491717622681 0.9892723329629883 242.64366443028496
    endloop
  endfacet
  facet normal -0.1881715316573557 -0.9781476007338323 0.08842367246598772
    outer loop
      vertex 320.7221355525034 0.9822872507286887 236.74324249121477
      vertex 323.5236286900599 0.9735789028731603 242.60867638008472
      vertex 323.4865489857675 0.9822872507286887 242.62610050156903
    endloop
  endfacet
  facet normal -0.29764242878543606 -0.9443763702374265 0.13986513476878357
    outer loop
      vertex 320.8322225422254 0.9510565162951535 236.69151152088037
      vertex 323.63243547704 0.9372819894918915 242.55754698973928
      vertex 323.5966359754895 0.9510565162951535 242.57436953123462
    endloop
  endfacet
  facet normal -0.26158969567716345 -0.9573194975320827 0.12292359724824888
    outer loop
      vertex 320.79593239148005 0.9631625667976582 236.70856462330764
      vertex 323.5966359754895 0.9510565162951535 242.57436953123462
      vertex 323.56034582474416 0.9631625667976582 242.5914226336619
    endloop
  endfacet
  facet normal -0.22507804535424886 -0.9685831611285975 0.10576640996858969
    outer loop
      vertex 320.75921525679576 0.9735789028731603 236.7258183697305
      vertex 323.56034582474416 0.9631625667976582 242.5914226336619
      vertex 323.5236286900599 0.9735789028731603 242.60867638008472
    endloop
  endfacet
  facet normal -0.11343347954418376 -0.9921147013144815 0.05330351915377066
    outer loop
      vertex 320.64714915864846 0.9945218953682733 236.77847934277906
      vertex 323.4491717622681 0.9892723329629883 242.64366443028496
      vertex 323.41156259191257 0.9945218953682733 242.66133735313332
    endloop
  endfacet
  facet normal -0.783800689819315 -0.49999999999941064 0.36831573227240155
    outer loop
      vertex 324.1100643864939 0.4817536741017153 242.3331044192938
      vertex 324.0911103430221 0.5180270093731302 242.34201111265543
      vertex 321.32669690975797 0.5180270093731302 236.45915310230117
    endloop
  endfacet
  facet normal -0.764163276908139 -0.5358267949796383 0.35908791682102537
    outer loop
      vertex 321.3063847410271 0.5533915492433441 236.46869799221685
      vertex 324.0911103430221 0.5180270093731302 242.34201111265543
      vertex 324.0707981742912 0.5533915492433441 242.35155600257107
    endloop
  endfacet
  facet normal -0.7209034474978291 -0.6045991148622707 0.33875969313586246
    outer loop
      vertex 321.2618308856711 0.6211477802783103 236.48963429155182
      vertex 324.04916351474753 0.5877852522924731 242.36172234406047
      vertex 324.02624431893526 0.6211477802783103 242.37249230190605
    endloop
  endfacet
  facet normal -0.7431852619462549 -0.5707135676838445 0.34923013914531265
    outer loop
      vertex 321.2847500814834 0.5877852522924731 236.4788643337062
      vertex 324.0707981742912 0.5533915492433441 242.35155600257107
      vertex 324.04916351474753 0.5877852522924731 242.36172234406047
    endloop
  endfacet
  facet normal -0.6973569234376535 -0.6374239897492686 0.3276949475132246
    outer loop
      vertex 321.2376673616477 0.6534206039901054 236.5009889715879
      vertex 324.02624431893526 0.6211477802783103 242.37249230190605
      vertex 324.0020807949118 0.6534206039901054 242.38384698194213
    endloop
  endfacet
  facet normal -0.6725869983715572 -0.6691306063584548 0.316055313601758
    outer loop
      vertex 321.2123019004452 0.6845471059286887 236.51290845384733
      vertex 324.0020807949118 0.6534206039901054 242.38384698194213
      vertex 323.9767153337093 0.6845471059286887 242.39576646420156
    endloop
  endfacet
  facet normal -0.6466371271624742 -0.6996633405135402 0.30386121127333154
    outer loop
      vertex 321.1857790017017 0.7144726796328034 236.525371827508
      vertex 323.9767153337093 0.6845471059286887 242.39576646420156
      vertex 323.9501924349658 0.7144726796328034 242.40822983786222
    endloop
  endfacet
  facet normal -0.6195528347040196 -0.728968627421614 0.2911340331278053
    outer loop
      vertex 321.15814519559416 0.7431448254773942 236.53835722757736
      vertex 323.9501924349658 0.7144726796328034 242.40822983786222
      vertex 323.92255862885827 0.7431448254773942 242.42121523793162
    endloop
  endfacet
  facet normal 0.6195528347047767 -0.7289686274207677 -0.2911340331283127
    outer loop
      vertex 322.7113585219071 0.7431448254773942 242.99037020310902
      vertex 322.69086566541307 0.7218819502917014 243
      vertex 322.6821478845236 0.7144726796328034 243
    endloop
  endfacet
  facet normal -0.06255393191669263 0.9973380027691157 0.037468838176185404
    outer loop
      vertex 316.4601487204399 -3.2920457903561084 243
      vertex 315.08447797614 -3.37832909034046 243
      vertex 315.08447797614 -3.385988169725107 243.20386783546945
    endloop
  endfacet
  facet normal -0.06221809211714334 0.9973697754927968 0.03718117731797415
    outer loop
      vertex 318.7600048536921 -3.4063851221051595 249.9
      vertex 315.08447797614 -3.452150531771742 244.9770995787271
      vertex 315.08447797614 -3.472235027150813 245.51585789925576
    endloop
  endfacet
  facet normal -0.0624712556276513 0.9973462034195151 0.037388403883876965
    outer loop
      vertex 320.3312470888207 -3.308367619945274 249.9
      vertex 315.08447797614 -3.385988169725107 243.20386783546945
      vertex 315.08447797614 -3.387820669657842 243.25275028726804
    endloop
  endfacet
  facet normal -0.06234820061231489 0.9973575451234665 0.0372911392384167
    outer loop
      vertex 320.3312470888207 -3.308367619945274 249.9
      vertex 315.08447797614 -3.387820669657842 243.25275028726804
      vertex 315.08447797614 -3.400728682284561 243.59797717088506
    endloop
  endfacet
  facet normal -0.0625539319166924 0.9973380027691157 0.03746883817618691
    outer loop
      vertex 316.4601487204399 -3.2920457903561084 243
      vertex 315.08447797614 -3.385988169725107 243.20386783546945
      vertex 321.58354624685353 -3.229926753016989 249.9
    endloop
  endfacet
  facet normal -0.06222431407488238 0.9973691394098594 0.03718782718507427
    outer loop
      vertex 320.3312470888207 -3.308367619945274 249.9
      vertex 315.08447797614 -3.400728682284561 243.59797717088506
      vertex 315.08447797614 -3.452150531771742 244.9770995787271
    endloop
  endfacet
  facet normal -0.06280712276867637 0.9973150015421673 0.0376570448716711
    outer loop
      vertex 316.4601487204399 -3.2920457903561084 243
      vertex 321.58354624685353 -3.229926753016989 249.9
      vertex 317.71427823261007 -3.2130654620577372 243
    endloop
  endfacet
  facet normal -0.06280935882116402 0.9973148133929348 0.037658298308472504
    outer loop
      vertex 317.71427823261007 -3.2130654620577372 243
      vertex 321.58354624685353 -3.229926753016989 249.9
      vertex 317.7146527447415 -3.2130418758575425 243
    endloop
  endfacet
  facet normal -0.06314536167427469 0.9972859321342552 0.03786070345535895
    outer loop
      vertex 317.7146527447415 -3.2130418758575425 243
      vertex 321.8710467264133 -3.2118204133338915 249.9
      vertex 318.00257341052173 -3.194811542922551 243
    endloop
  endfacet
  facet normal -0.06320623062282918 0.9972807805567705 0.0378948168293786
    outer loop
      vertex 318.00257341052173 -3.194811542922551 243
      vertex 321.8710467264133 -3.2118204133338915 249.9
      vertex 318.00417014432065 -3.1947103442163236 243
    endloop
  endfacet
  facet normal -0.06346554831251582 0.997257012467706 0.03808641833222741
    outer loop
      vertex 318.00417014432065 -3.1947103442163236 243
      vertex 323.0968060393868 -3.1341335398532046 249.9
      vertex 318.00609883550635 -3.1945876020925827 243
    endloop
  endfacet
  facet normal -0.0635420597016735 0.9972493482140546 0.03815945669834027
    outer loop
      vertex 318.00609883550635 -3.1945876020925827 243
      vertex 324.5773979729525 -3.0399085028614237 249.9
      vertex 319.2336494987007 -3.116371358916076 243
    endloop
  endfacet
  facet normal -0.06368798295272145 0.9972357030589402 0.03827261908930792
    outer loop
      vertex 319.2336494987007 -3.116371358916076 243
      vertex 324.5773979729525 -3.0399085028614237 249.9
      vertex 319.2340072552468 -3.1163485109647433 243
    endloop
  endfacet
  facet normal -0.06380132579926237 0.997224906283493 0.03836505068594069
    outer loop
      vertex 319.2340072552468 -3.1163485109647433 243
      vertex 324.8520357481676 -3.0223688922219014 249.9
      vertex 320.71676286576434 -3.021483477820034 243
    endloop
  endfacet
  facet normal -0.06396440311180468 0.9972106945966265 0.03846278352725361
    outer loop
      vertex 320.71676286576434 -3.021483477820034 243
      vertex 324.8520357481676 -3.0223688922219014 249.9
      vertex 320.71829018267266 -3.0213855106452607 243
    endloop
  endfacet
  facet normal -0.0640238500759383 0.9972051130452314 0.038508559281035096
    outer loop
      vertex 320.71829018267266 -3.0213855106452607 243
      vertex 326.0245060281221 -2.9471627577208834 249.9
      vertex 320.99332928790506 -3.0037270949311203 243
    endloop
  endfacet
  facet normal -0.06413238283349221 0.9971950765991994 0.03858777887382852
    outer loop
      vertex 320.99332928790506 -3.0037270949311203 243
      vertex 326.0245060281221 -2.9471627577208834 249.9
      vertex 320.9936780016402 -3.003704668183048 243
    endloop
  endfacet
  facet normal -0.06429889106302407 0.9971793914720758 0.03871580854697294
    outer loop
      vertex 320.9936780016402 -3.003704668183048 243
      vertex 326.29220193878024 -2.929946490783993 249.9
      vertex 320.99517047650886 -3.0036084322601893 243
    endloop
  endfacet
  facet normal -0.06430020706195144 0.9971792587954661 0.038717040175034155
    outer loop
      vertex 320.99517047650886 -3.0036084322601893 243
      vertex 327.4379251462957 -2.8560693806691764 249.9
      vertex 322.1693540183283 -2.9278946183177235 243
    endloop
  endfacet
  facet normal -0.06446816700401062 0.9971634200302999 0.03884545271481099
    outer loop
      vertex 322.1693540183283 -2.9278946183177235 243
      vertex 327.4379251462957 -2.8560693806691764 249.9
      vertex 322.43744108661974 -2.9105623721251157 243
    endloop
  endfacet
  facet normal -0.06463468215112106 0.9971479274570952 0.03896624989966311
    outer loop
      vertex 322.43744108661974 -2.9105623721251157 243
      vertex 327.4379251462957 -2.8560693806691764 249.9
      vertex 323.5848383812459 -2.8361885932733224 243
    endloop
  endfacet
  facet normal -0.06465300698841386 0.9971463397267838 0.03897647825078135
    outer loop
      vertex 323.5848383812459 -2.8361885932733224 243
      vertex 327.4379251462957 -2.8560693806691764 249.9
      vertex 323.5851769883037 -2.8361666386578332 243
    endloop
  endfacet
  facet normal -0.06498890268516545 0.997116658586486 0.0391766728691849
    outer loop
      vertex 323.84549412839146 -2.819199992740568 243
      vertex 323.5851769883037 -2.8361666386578332 243
      vertex 327.6978624976441 -2.839215554178383 249.9
    endloop
  endfacet
  facet normal -0.06508174523385664 0.9971085660169896 0.03922848471274676
    outer loop
      vertex 323.84549412839146 -2.819199992740568 243
      vertex 327.6978624976441 -2.839215554178383 249.9
      vertex 323.84695149867497 -2.8191048694964853 243
    endloop
  endfacet
  facet normal -0.06532971645175664 0.997085300148796 0.039407262979281404
    outer loop
      vertex 323.84695149867497 -2.8191048694964853 243
      vertex 328.81663708531147 -2.7661926104706733 249.9
      vertex 323.8472797332803 -2.8190833633387955 243
    endloop
  endfacet
  facet normal -0.06541749915895945 0.9970769137762253 0.039473773803188714
    outer loop
      vertex 323.8472797332803 -2.8190833633387955 243
      vertex 329.06861185065856 -2.749683050083956 249.9
      vertex 324.96768882419735 -2.745574128745077 243
    endloop
  endfacet
  facet normal -0.06553941672150064 0.9970660363054819 0.03954622740389647
    outer loop
      vertex 324.96768882419735 -2.745574128745077 243
      vertex 329.06861185065856 -2.749683050083956 249.9
      vertex 324.96911055508497 -2.7454806751424905 243
    endloop
  endfacet
  facet normal -0.06566548351506349 0.997053970763388 0.03964118640623845
    outer loop
      vertex 324.96911055508497 -2.7454806751424905 243
      vertex 330.1600272620276 -2.6779418344985833 249.9
      vertex 325.2214534348009 -2.7288614973506986 243
    endloop
  endfacet
  facet normal -0.06587514083172805 0.9970341573693435 0.039791391772631315
    outer loop
      vertex 325.2214534348009 -2.7288614973506986 243
      vertex 330.1600272620276 -2.6779418344985833 249.9
      vertex 326.3144632598984 -2.6566451388372276 243
    endloop
  endfacet
  facet normal -0.0659942689069984 0.9970236286171981 0.03985775270165633
    outer loop
      vertex 326.3144632598984 -2.6566451388372276 243
      vertex 330.1600272620276 -2.6779418344985833 249.9
      vertex 326.3147803239605 -2.6566241519615144 243
    endloop
  endfacet
  facet normal -0.06633008596901167 0.9969933694946491 0.04005672077254209
    outer loop
      vertex 326.3147803239605 -2.6566241519615144 243
      vertex 330.40342677376066 -2.661830909576196 249.9
      vertex 326.55853538397736 -2.640407099189645 243
    endloop
  endfacet
  facet normal -0.06649703314186241 0.9969785082717115 0.04014970270926965
    outer loop
      vertex 326.55853538397736 -2.640407099189645 243
      vertex 330.40342677376066 -2.661830909576196 249.9
      vertex 326.559921745084 -2.640314630897008 243
    endloop
  endfacet
  facet normal -0.06667958812050476 0.9969610726664926 0.04027967372952065
    outer loop
      vertex 326.559921745084 -2.640314630897008 243
      vertex 331.4676899832998 -2.5908460835950313 249.9
      vertex 326.56022710657896 -2.6402942074529343 243
    endloop
  endfacet
  facet normal -0.0667127474319414 0.9969578544294178 0.04030441441794938
    outer loop
      vertex 326.56022710657896 -2.6402942074529343 243
      vertex 331.702105824253 -2.5751676863612554 249.9
      vertex 326.5615775600796 -2.6402038400789194 243
    endloop
  endfacet
  facet normal -0.06683264898605012 0.9969454686598378 0.04041199757651185
    outer loop
      vertex 326.5615775600796 -2.6402038400789194 243
      vertex 332.73880396159564 -2.505795665575576 249.9
      vertex 327.62739527596494 -2.5687541735443684 243
    endloop
  endfacet
  facet normal -0.06702599637636196 0.9969266650666877 0.04055539777598331
    outer loop
      vertex 327.62739527596494 -2.5687541735443684 243
      vertex 332.73880396159564 -2.505795665575576 249.9
      vertex 327.6276884022847 -2.5687344658925064 243
    endloop
  endfacet
  facet normal -0.06704221776029173 0.9969250631804266 0.04056796076319448
    outer loop
      vertex 327.6276884022847 -2.5687344658925064 243
      vertex 332.96382726639285 -2.490666758162938 249.9
      vertex 328.90065895843105 -2.4831284636165294 243
    endloop
  endfacet
  facet normal -0.061888552704123974 0.9974023598929947 0.03685565796555413
    outer loop
      vertex 316.85511931508734 -3.5246199862602645 249.9
      vertex 315.08447797614 -3.513640915757461 246.62959357374325
      vertex 315.08447797614 -3.552722084557979 247.6872235860861
    endloop
  endfacet
  facet normal -0.06181088791362315 0.9974094737386241 0.03679342103923497
    outer loop
      vertex 315.5244158745751 -3.60708557674585 249.9
      vertex 315.08447797614 -3.552722084557979 247.6872235860861
      vertex 315.08447797614 -3.6076387419457268 249.1759243591452
    endloop
  endfacet
  facet normal -0.06176408181794831 0.9974134220538273 0.036764979315368394
    outer loop
      vertex 315.5244158745751 -3.60708557674585 249.9
      vertex 315.08447797614 -3.6076387419457268 249.1759243591452
      vertex 315.08447797614 -3.6141711294515244 249.35314439564922
    endloop
  endfacet
  facet normal -0.06164141226391032 0.9974246487303786 0.03666614786409535
    outer loop
      vertex 315.21854017140083 -3.6259888696862004 249.9
      vertex 315.08447797614 -3.6141711294515244 249.35314439564922
      vertex 315.08447797614 -3.627791296764613 249.72365210887452
    endloop
  endfacet
  facet normal -0.06164141226390729 0.9974246487303787 0.03666614786409461
    outer loop
      vertex 315.21854017140083 -3.6259888696862004 249.9
      vertex 315.5244158745751 -3.60708557674585 249.9
      vertex 315.08447797614 -3.6141711294515244 249.35314439564922
    endloop
  endfacet
  facet normal -0.062146665085317375 0.9973764629883988 0.037121194694197925
    outer loop
      vertex 318.7600048536921 -3.4063851221051595 249.9
      vertex 315.08447797614 -3.472235027150813 245.51585789925576
      vertex 315.08447797614 -3.5027872093828063 246.3367373914744
    endloop
  endfacet
  facet normal -0.06201239477322645 0.9973899790360264 0.03698232838808633
    outer loop
      vertex 318.4620919328575 -3.4249077602338236 249.9
      vertex 315.08447797614 -3.5027872093828063 246.3367373914744
      vertex 315.08447797614 -3.5081993422056374 246.482699186688
    endloop
  endfacet
  facet normal -0.06197730774937225 0.9973934483529051 0.03694756428833304
    outer loop
      vertex 318.4620919328575 -3.4249077602338236 249.9
      vertex 315.08447797614 -3.5081993422056374 246.482699186688
      vertex 315.08447797614 -3.513640915757461 246.62959357374325
    endloop
  endfacet
  facet normal -0.06188855270412567 0.9974023598929945 0.036855657965555046
    outer loop
      vertex 316.85511931508734 -3.5246199862602645 249.9
      vertex 318.4620919328575 -3.4249077602338236 249.9
      vertex 315.08447797614 -3.513640915757461 246.62959357374325
    endloop
  endfacet
  facet normal -0.061810887913620924 0.9974094737386242 0.036793421039234525
    outer loop
      vertex 315.5244158745751 -3.60708557674585 249.9
      vertex 316.85511931508734 -3.5246199862602645 249.9
      vertex 315.08447797614 -3.552722084557979 247.6872235860861
    endloop
  endfacet
  facet normal -0.062012394773222373 0.997389979036027 0.036982328388082374
    outer loop
      vertex 318.4620919328575 -3.4249077602338236 249.9
      vertex 318.7600048536921 -3.4063851221051595 249.9
      vertex 315.08447797614 -3.5027872093828063 246.3367373914744
    endloop
  endfacet
  facet normal -0.06145845410024762 0.9974412389208607 0.03652168286958293
    outer loop
      vertex 315.21854017140083 -3.6259888696862004 249.9
      vertex 315.08447797614 -3.6281520799446807 249.73348028688966
      vertex 315.08447797614 -3.6295787271607547 249.77244335361868
    endloop
  endfacet
  facet normal -0.06157387626307208 0.9974307085091336 0.03661474409179632
    outer loop
      vertex 315.21854017140083 -3.6259888696862004 249.9
      vertex 315.08447797614 -3.627791296764613 249.72365210887452
      vertex 315.08447797614 -3.6281520799446807 249.73348028688966
    endloop
  endfacet
  facet normal -0.06142815760766503 0.9974442737185563 0.03648975580885307
    outer loop
      vertex 315.21854017140083 -3.6259888696862004 249.9
      vertex 315.08447797614 -3.6295787271607547 249.77244335361868
      vertex 315.08447797614 -3.6342451641747227 249.9
    endloop
  endfacet
  facet normal -0.06142815213808228 0.9974441849058 0.036492192623970465
    outer loop
      vertex 315.21854017140083 -3.6259888696862004 249.9
      vertex 315.08447797614 -3.6342451641747227 249.9
      vertex 315.08447797614 -3.689706612962408 251.41593246669947
    endloop
  endfacet
  facet normal -0.061641391480364745 0.9974243124302054 0.0366753299848344
    outer loop
      vertex 315.21854017140083 -3.6259888696862004 249.9
      vertex 322.283873923791 -3.4397879430301175 256.711
      vertex 315.5244158745751 -3.60708557674585 249.9
    endloop
  endfacet
  facet normal -0.0622180921171394 0.9973697754927973 0.0371811773179712
    outer loop
      vertex 318.7600048536921 -3.4063851221051595 249.9
      vertex 320.3312470888207 -3.308367619945274 249.9
      vertex 315.08447797614 -3.452150531771742 244.9770995787271
    endloop
  endfacet
  facet normal -0.06247125562772991 0.9973462034195079 0.037388403883938694
    outer loop
      vertex 320.3312470888207 -3.308367619945274 249.9
      vertex 321.58354624685353 -3.229926753016989 249.9
      vertex 315.08447797614 -3.385988169725107 243.20386783546945
    endloop
  endfacet
  facet normal -0.06280935882238295 0.9973148133928322 0.03765829830915571
    outer loop
      vertex 317.7146527447415 -3.2130418758575425 243
      vertex 321.58354624685353 -3.229926753016989 249.9
      vertex 321.8710467264133 -3.2118204133338915 249.9
    endloop
  endfacet
  facet normal -0.06320623062278732 0.9972807805567743 0.03789481682935516
    outer loop
      vertex 318.00417014432065 -3.1947103442163236 243
      vertex 321.8710467264133 -3.2118204133338915 249.9
      vertex 323.0968060393868 -3.1341335398532046 249.9
    endloop
  endfacet
  facet normal -0.06346554831201147 0.9972570124677522 0.0380864183318549
    outer loop
      vertex 318.00609883550635 -3.1945876020925827 243
      vertex 323.0968060393868 -3.1341335398532046 249.9
      vertex 324.5773979729525 -3.0399085028614237 249.9
    endloop
  endfacet
  facet normal -0.06181075959546934 0.997407403136755 0.036849724099721044
    outer loop
      vertex 315.5244158745751 -3.60708557674585 249.9
      vertex 322.5809095852703 -3.4214204564418114 256.711
      vertex 316.85511931508734 -3.5246199862602645 249.9
    endloop
  endfacet
  facet normal -0.06188841349533385 0.9974001163896096 0.03691655592039464
    outer loop
      vertex 316.85511931508734 -3.5246199862602645 249.9
      vertex 324.1475250850815 -3.3242222140814692 256.711
      vertex 318.4620919328575 -3.4249077602338236 249.9
    endloop
  endfacet
  facet normal -0.06201230787959224 0.9973885814632313 0.03702014638288169
    outer loop
      vertex 318.4620919328575 -3.4249077602338236 249.9
      vertex 324.1475250850815 -3.3242222140814692 256.711
      vertex 318.7600048536921 -3.4063851221051595 249.9
    endloop
  endfacet
  facet normal -0.06221805226643149 0.9973691366771369 0.037198375987053285
    outer loop
      vertex 318.7600048536921 -3.4063851221051595 249.9
      vertex 325.39613675361545 -3.2464352533133156 256.711
      vertex 320.3312470888207 -3.308367619945274 249.9
    endloop
  endfacet
  facet normal -0.06142815213808214 0.9974441849057999 0.03649219262397047
    outer loop
      vertex 315.21854017140083 -3.6259888696862004 249.9
      vertex 315.08447797614 -3.689706612962408 251.41593246669947
      vertex 319.35484850285854 -3.6204372272016028 256.711
    endloop
  endfacet
  facet normal -0.0613054749187042 0.9974553525402159 0.03639310970315677
    outer loop
      vertex 319.04987353367994 -3.6391815602448805 256.711
      vertex 315.08447797614 -3.689706612962408 251.41593246669947
      vertex 315.08447797614 -3.6929580296198705 251.50504666921685
    endloop
  endfacet
  facet normal -0.06114030658513545 0.9974700781835969 0.036267148207226194
    outer loop
      vertex 319.04987353367994 -3.6391815602448805 256.711
      vertex 315.08447797614 -3.6929580296198705 251.50504666921685
      vertex 315.08447797614 -3.745691437123454 252.95539495149526
    endloop
  endfacet
  facet normal -0.061092206955406105 0.9974748754976784 0.036216225648301306
    outer loop
      vertex 317.6972358863584 -3.722026372796787 256.711
      vertex 315.08447797614 -3.745691437123454 252.95539495149526
      vertex 315.08447797614 -3.7713909137684665 253.66321532228096
    endloop
  endfacet
  facet normal -0.060999160573694367 0.9974834678860489 0.036136321109466046
    outer loop
      vertex 317.6972358863584 -3.722026372796787 256.711
      vertex 315.08447797614 -3.7713909137684665 253.66321532228096
      vertex 315.08447797614 -3.7928394068407463 254.25526555301303
    endloop
  endfacet
  facet normal -0.06081272308031342 0.9975020371147971 0.03593742705574651
    outer loop
      vertex 317.6972358863584 -3.722026372796787 256.711
      vertex 315.08447797614 -3.7928394068407463 254.25526555301303
      vertex 315.08447797614 -3.7965189151979035 254.35739632259072
    endloop
  endfacet
  facet normal -0.0613054749187121 0.997455352540215 0.03639310970316269
    outer loop
      vertex 319.04987353367994 -3.6391815602448805 256.711
      vertex 319.35484850285854 -3.6204372272016028 256.711
      vertex 315.08447797614 -3.689706612962408 251.41593246669947
    endloop
  endfacet
  facet normal -0.06080448014296227 0.9975028701901016 0.03592825012512171
    outer loop
      vertex 315.69963519303633 -3.8437935128427294 256.711
      vertex 315.08447797614 -3.7965189151979035 254.35739632259072
      vertex 315.08447797614 -3.854165692774814 255.9578869084089
    endloop
  endfacet
  facet normal -0.060663290087382526 0.9975156200942437 0.03581274778302329
    outer loop
      vertex 315.69963519303633 -3.8437935128427294 256.711
      vertex 315.08447797614 -3.854165692774814 255.9578869084089
      vertex 315.08447797614 -3.881203915192521 256.711
    endloop
  endfacet
  facet normal -0.060663189592505745 0.9975139676087095 0.03585891596234174
    outer loop
      vertex 315.69963519303633 -3.8437935128427294 256.711
      vertex 315.08447797614 -3.881203915192521 256.711
      vertex 315.08447797614 -3.9077159629902765 257.4485052278754
    endloop
  endfacet
  facet normal -0.060476740346572425 0.9975324529307552 0.035659069351343546
    outer loop
      vertex 315.08447797614 -3.9077159629902765 257.4485052278754
      vertex 315.08447797614 -3.916657914770715 257.6986488030103
      vertex 315.31805059363387 -3.909981127719775 257.90800364348775
    endloop
  endfacet
  facet normal -0.06046849688848286 0.997533282339317 0.035649845853749106
    outer loop
      vertex 315.08447797614 -3.924139838355514 257.90800364348775
      vertex 315.31805059363387 -3.909981127719775 257.90800364348775
      vertex 315.08447797614 -3.916657914770715 257.6986488030103
    endloop
  endfacet
  facet normal -0.06066318959250515 0.9975139676087095 0.035858915962342246
    outer loop
      vertex 315.69963519303633 -3.8437935128427294 256.711
      vertex 315.08447797614 -3.9077159629902765 257.4485052278754
      vertex 315.575669880373 -3.8943626135886142 257.90800364348775
    endloop
  endfacet
  facet normal -0.060476740346561524 0.997532452930756 0.03565906935133801
    outer loop
      vertex 315.08447797614 -3.9077159629902765 257.4485052278754
      vertex 315.31805059363387 -3.909981127719775 257.90800364348775
      vertex 315.575669880373 -3.8943626135886142 257.90800364348775
    endloop
  endfacet
  facet normal -0.060804480142961866 0.9975028701901018 0.035928250125121616
    outer loop
      vertex 315.69963519303633 -3.8437935128427294 256.711
      vertex 317.6972358863584 -3.722026372796787 256.711
      vertex 315.08447797614 -3.7965189151979035 254.35739632259072
    endloop
  endfacet
  facet normal -0.061092206955405425 0.9974748754976785 0.03621622564830083
    outer loop
      vertex 317.6972358863584 -3.722026372796787 256.711
      vertex 319.04987353367994 -3.6391815602448805 256.711
      vertex 315.08447797614 -3.745691437123454 252.95539495149526
    endloop
  endfacet
  facet normal -0.06080434444323011 0.9975006440240103 0.03599023295998067
    outer loop
      vertex 315.69963519303633 -3.8437935128427294 256.711
      vertex 316.9693702761105 -3.809583039331491 257.90800364348775
      vertex 317.6972358863584 -3.722026372796787 256.711
    endloop
  endfacet
  facet normal -0.060663189592505246 0.9975139676087094 0.03585891596234223
    outer loop
      vertex 315.69963519303633 -3.8437935128427294 256.711
      vertex 315.575669880373 -3.8943626135886142 257.90800364348775
      vertex 316.72893563321753 -3.824227476350323 257.90800364348775
    endloop
  endfacet
  facet normal -0.06075624177302631 0.9975054196642816 0.03593907102309309
    outer loop
      vertex 315.69963519303633 -3.8437935128427294 256.711
      vertex 316.72893563321753 -3.824227476350323 257.90800364348775
      vertex 316.9693702761105 -3.809583039331491 257.90800364348775
    endloop
  endfacet
  facet normal -0.060804344443231004 0.9975006440240103 0.03599023295998013
    outer loop
      vertex 317.6972358863584 -3.722026372796787 256.711
      vertex 316.9693702761105 -3.809583039331491 257.90800364348775
      vertex 318.6107762266737 -3.709528354267237 257.90800364348775
    endloop
  endfacet
  facet normal -0.061474961131875505 0.997440260497357 0.03652062284242993
    outer loop
      vertex 315.21854017140083 -3.6259888696862004 249.9
      vertex 319.35484850285854 -3.6204372272016028 256.711
      vertex 320.6816333792327 -3.538663859977793 256.711
    endloop
  endfacet
  facet normal -0.06155263079090204 0.9974331841554595 0.036583012290133256
    outer loop
      vertex 315.21854017140083 -3.6259888696862004 249.9
      vertex 320.6816333792327 -3.538663859977793 256.711
      vertex 322.283873923791 -3.4397879430301175 256.711
    endloop
  endfacet
  facet normal -0.061676480731857865 0.9974208590720487 0.03671023852426982
    outer loop
      vertex 315.5244158745751 -3.60708557674585 249.9
      vertex 322.283873923791 -3.4397879430301175 256.711
      vertex 322.5809095852703 -3.4214204564418114 256.711
    endloop
  endfacet
  facet normal -0.06188219113952502 0.9974007497178017 0.03690987513035471
    outer loop
      vertex 316.85511931508734 -3.5246199862602645 249.9
      vertex 322.5809095852703 -3.4214204564418114 256.711
      vertex 324.1475250850815 -3.3242222140814692 256.711
    endloop
  endfacet
  facet normal -0.06109220793585628 0.9974748915058593 0.036215783091028644
    outer loop
      vertex 317.6972358863584 -3.722026372796787 256.711
      vertex 318.66498627446396 -3.7062148633916543 257.90800364348775
      vertex 319.04987353367994 -3.6391815602448805 256.711
    endloop
  endfacet
  facet normal -0.06096952304875489 0.9974859996079789 0.0361164484034401
    outer loop
      vertex 317.6972358863584 -3.722026372796787 256.711
      vertex 318.6107762266737 -3.709528354267237 257.90800364348775
      vertex 318.66498627446396 -3.7062148633916543 257.90800364348775
    endloop
  endfacet
  facet normal -0.06130546417277306 0.9974551777011093 0.036397919443416096
    outer loop
      vertex 319.04987353367994 -3.6391815602448805 256.711
      vertex 320.34987365749754 -3.60296071580611 257.90800364348775
      vertex 319.35484850285854 -3.6204372272016028 256.711
    endloop
  endfacet
  facet normal -0.061092207935854924 0.9974748915058594 0.03621578309102909
    outer loop
      vertex 319.04987353367994 -3.6391815602448805 256.711
      vertex 318.66498627446396 -3.7062148633916543 257.90800364348775
      vertex 319.7764333673147 -3.6381422156645193 257.90800364348775
    endloop
  endfacet
  facet normal -0.06113901982532933 0.9974709911510808 0.03624420045853362
    outer loop
      vertex 319.04987353367994 -3.6391815602448805 256.711
      vertex 319.7764333673147 -3.6381422156645193 257.90800364348775
      vertex 320.01227263842617 -3.623686675603716 257.90800364348775
    endloop
  endfacet
  facet normal -0.0612360750784968 0.9974621948663392 0.036322347410454404
    outer loop
      vertex 319.04987353367994 -3.6391815602448805 256.711
      vertex 320.01227263842617 -3.623686675603716 257.90800364348775
      vertex 320.34987365749754 -3.60296071580611 257.90800364348775
    endloop
  endfacet
  facet normal -0.06147483961054562 0.9974382887959569 0.036574637915514914
    outer loop
      vertex 319.35484850285854 -3.6204372272016028 256.711
      vertex 320.6004681486068 -3.587558708838737 257.90800364348775
      vertex 320.6816333792327 -3.538663859977793 256.711
    endloop
  endfacet
  facet normal -0.061305464172777116 0.9974551777011088 0.036397919443419476
    outer loop
      vertex 319.35484850285854 -3.6204372272016028 256.711
      vertex 320.34987365749754 -3.60296071580611 257.90800364348775
      vertex 320.6004681486068 -3.587558708838737 257.90800364348775
    endloop
  endfacet
  facet normal -3.8689619473460036e-8 6.269481880680272e-7 -0.9999999999998027
    outer loop
      vertex 320.6816333792327 -3.538663859977793 256.711
      vertex 322.2547157688905 -3.441556586786905 256.7110000000193
      vertex 322.283873923791 -3.4397879430301175 256.711
    endloop
  endfacet
  facet normal -0.06157186580298766 0.9974290762129392 0.03666255946523074
    outer loop
      vertex 320.6816333792327 -3.538663859977793 256.711
      vertex 321.9691420916879 -3.503183546391621 257.90800364348775
      vertex 322.2547157688905 -3.441556586786905 256.7110000000193
    endloop
  endfacet
  facet normal -0.06147483961054569 0.9974382887959568 0.03657463791551489
    outer loop
      vertex 320.6816333792327 -3.538663859977793 256.711
      vertex 320.6004681486068 -3.587558708838737 257.90800364348775
      vertex 321.6906723112696 -3.520366455648469 257.90800364348775
    endloop
  endfacet
  facet normal -0.061546275669798305 0.997431669756473 0.03663495759505114
    outer loop
      vertex 320.6816333792327 -3.538663859977793 256.711
      vertex 321.6906723112696 -3.520366455648469 257.90800364348775
      vertex 321.9691420916879 -3.503183546391621 257.90800364348775
    endloop
  endfacet
  facet normal -0.06368798295782406 0.9972357030584624 0.03827261909326468
    outer loop
      vertex 319.2340072552468 -3.1163485109647433 243
      vertex 324.5773979729525 -3.0399085028614237 249.9
      vertex 324.8520357481676 -3.0223688922219014 249.9
    endloop
  endfacet
  facet normal -0.06396440311186202 0.9972106945966214 0.038462783527287964
    outer loop
      vertex 320.71829018267266 -3.0213855106452607 243
      vertex 324.8520357481676 -3.0223688922219014 249.9
      vertex 326.0245060281221 -2.9471627577208834 249.9
    endloop
  endfacet
  facet normal -0.0641323828394252 0.9971950765986501 0.03858777887815879
    outer loop
      vertex 320.9936780016402 -3.003704668183048 243
      vertex 326.0245060281221 -2.9471627577208834 249.9
      vertex 326.29220193878024 -2.929946490783993 249.9
    endloop
  endfacet
  facet normal -0.06429889106267145 0.9971793914721091 0.03871580854670187
    outer loop
      vertex 320.99517047650886 -3.0036084322601893 243
      vertex 326.29220193878024 -2.929946490783993 249.9
      vertex 327.4379251462957 -2.8560693806691764 249.9
    endloop
  endfacet
  facet normal -0.06247125919845913 0.9973462604257772 0.03738687722820254
    outer loop
      vertex 320.3312470888207 -3.308367619945274 249.9
      vertex 325.39613675361545 -3.2464352533133156 256.711
      vertex 321.58354624685353 -3.229926753016989 249.9
    endloop
  endfacet
  facet normal -0.06280951956864678 0.997317365793193 0.037590372954814905
    outer loop
      vertex 321.58354624685353 -3.229926753016989 249.9
      vertex 325.6827906892179 -3.228479326276397 256.711
      vertex 321.8710467264133 -3.2118204133338915 249.9
    endloop
  endfacet
  facet normal -0.06320624309825912 0.9972809773973096 0.03788961539618441
    outer loop
      vertex 321.8710467264133 -3.2118204133338915 249.9
      vertex 328.3811734396887 -3.057987657417174 256.711
      vertex 323.0968060393868 -3.1341335398532046 249.9
    endloop
  endfacet
  facet normal -0.06346552599027672 0.9972566617182967 0.038095638454502465
    outer loop
      vertex 323.0968060393868 -3.1341335398532046 249.9
      vertex 328.6550026020422 -3.0405924501081394 256.711
      vertex 324.5773979729525 -3.0399085028614237 249.9
    endloop
  endfacet
  facet normal -0.0636880646703153 0.997236982524539 0.03823913053276948
    outer loop
      vertex 324.5773979729525 -3.0399085028614237 249.9
      vertex 329.8240208676108 -2.966003762615544 256.711
      vertex 324.8520357481676 -3.0223688922219014 249.9
    endloop
  endfacet
  facet normal -0.0639644396924629 0.9972112648914205 0.0384479339949823
    outer loop
      vertex 324.8520357481676 -3.0223688922219014 249.9
      vertex 331.2332786652389 -2.8756559995350464 256.711
      vertex 326.0245060281221 -2.9471627577208834 249.9
    endloop
  endfacet
  facet normal -0.06413241064863355 0.9971955090043139 0.03857655668955597
    outer loop
      vertex 326.0245060281221 -2.9471627577208834 249.9
      vertex 331.2332786652389 -2.8756559995350464 256.711
      vertex 326.29220193878024 -2.929946490783993 249.9
    endloop
  endfacet
  facet normal -0.06429893673026399 0.9971800997079963 0.03869748676216783
    outer loop
      vertex 326.29220193878024 -2.929946490783993 249.9
      vertex 331.2332786652389 -2.8756559995350464 256.711
      vertex 327.4379251462957 -2.8560693806691764 249.9
    endloop
  endfacet
  facet normal -0.06465300699761903 0.9971463397259861 0.038976478255918934
    outer loop
      vertex 323.5851769883037 -2.8361666386578332 243
      vertex 327.4379251462957 -2.8560693806691764 249.9
      vertex 327.6978624976441 -2.839215554178383 249.9
    endloop
  endfacet
  facet normal -0.06508174523212673 0.9971085660171404 0.03922848471178173
    outer loop
      vertex 323.84695149867497 -2.8191048694964853 243
      vertex 327.6978624976441 -2.839215554178383 249.9
      vertex 328.81663708531147 -2.7661926104706733 249.9
    endloop
  endfacet
  facet normal -0.06532971645330085 0.9970853001486509 0.039407262980394646
    outer loop
      vertex 323.8472797332803 -2.8190833633387955 243
      vertex 328.81663708531147 -2.7661926104706733 249.9
      vertex 329.06861185065856 -2.749683050083956 249.9
    endloop
  endfacet
  facet normal -0.06553941672283163 0.9970660363053632 0.03954622740468718
    outer loop
      vertex 324.96911055508497 -2.7454806751424905 243
      vertex 329.06861185065856 -2.749683050083956 249.9
      vertex 330.1600272620276 -2.6779418344985833 249.9
    endloop
  endfacet
  facet normal -0.06599426889619184 0.9970236286181539 0.03985775269563697
    outer loop
      vertex 326.3147803239605 -2.6566241519615144 243
      vertex 330.1600272620276 -2.6779418344985833 249.9
      vertex 330.40342677376066 -2.661830909576196 249.9
    endloop
  endfacet
  facet normal -0.0664970331420854 0.9969785082716917 0.040149702709393796
    outer loop
      vertex 326.559921745084 -2.640314630897008 243
      vertex 330.40342677376066 -2.661830909576196 249.9
      vertex 331.4676899832998 -2.5908460835950313 249.9
    endloop
  endfacet
  facet normal -0.0666795881213325 0.9969610726664132 0.04027967373010988
    outer loop
      vertex 326.56022710657896 -2.6402942074529343 243
      vertex 331.4676899832998 -2.5908460835950313 249.9
      vertex 331.702105824253 -2.5751676863612554 249.9
    endloop
  endfacet
  facet normal -0.06465318055008401 0.9971490164337409 0.03890765053278573
    outer loop
      vertex 327.4379251462957 -2.8560693806691764 249.9
      vertex 331.4924507452025 -2.85893959579307 256.711
      vertex 327.6978624976441 -2.839215554178383 249.9
    endloop
  endfacet
  facet normal -0.06508180546973776 0.9971094889093853 0.03920491963597819
    outer loop
      vertex 327.6978624976441 -2.839215554178383 249.9
      vertex 332.85916468207415 -2.770133715259868 256.711
      vertex 328.81663708531147 -2.7661926104706733 249.9
    endloop
  endfacet
  facet normal -0.06213537068690978 0.9973772995142011 0.0371176255081049
    outer loop
      vertex 318.7600048536921 -3.4063851221051595 249.9
      vertex 324.1475250850815 -3.3242222140814692 256.711
      vertex 325.39613675361545 -3.2464352533133156 256.711
    endloop
  endfacet
  facet normal -0.062473495393391996 0.9973460734461438 0.03738812852886602
    outer loop
      vertex 321.58354624685353 -3.229926753016989 249.9
      vertex 325.39613675361545 -3.2464352533133156 256.711
      vertex 325.6827906892179 -3.228479326276397 256.711
    endloop
  endfacet
  facet normal -0.06287039238663905 0.9973122460932695 0.03762442761754366
    outer loop
      vertex 321.8710467264133 -3.2118204133338915 249.9
      vertex 325.6827906892179 -3.228479326276397 256.711
      vertex 326.9049408737392 -3.1514351889390206 256.711
    endloop
  endfacet
  facet normal -0.06312972673587885 0.9972886064434179 0.037816306805386814
    outer loop
      vertex 321.8710467264133 -3.2118204133338915 249.9
      vertex 326.9049408737392 -3.1514351889390206 256.711
      vertex 328.3811734396887 -3.057987657417174 256.711
    endloop
  endfacet
  facet normal -0.061571865802989394 0.9974290762129391 0.03666255946523032
    outer loop
      vertex 322.2547157688905 -3.441556586786905 256.7110000000193
      vertex 321.9691420916879 -3.503183546391621 257.90800364348775
      vertex 322.5809095852703 -3.4214204564418114 256.711
    endloop
  endfacet
  facet normal -0.06157186580298766 0.9974290762129392 0.03666255946523121
    outer loop
      vertex 322.5809095852703 -3.4214204564418114 256.711
      vertex 321.9691420916879 -3.503183546391621 257.90800364348775
      vertex 323.52975592045505 -3.4068459645758056 257.90800364348775
    endloop
  endfacet
  facet normal -3.4660067959762635e-8 5.605163321529342e-7 -0.9999999999998422
    outer loop
      vertex 322.283873923791 -3.4397879430301175 256.711
      vertex 322.2547157688905 -3.441556586786905 256.7110000000193
      vertex 322.5809095852703 -3.4214204564418114 256.711
    endloop
  endfacet
  facet normal -0.061882158141678405 0.9974002178672587 0.03692429961520107
    outer loop
      vertex 322.5809095852703 -3.4214204564418114 256.711
      vertex 323.751699746512 -3.3930943139065097 257.90800364348775
      vertex 324.1475250850815 -3.3242222140814692 256.711
    endloop
  endfacet
  facet normal -0.06179947126351475 0.997408342486788 0.03684323125498632
    outer loop
      vertex 322.5809095852703 -3.4214204564418114 256.711
      vertex 323.52975592045505 -3.4068459645758056 257.90800364348775
      vertex 323.751699746512 -3.3930943139065097 257.90800364348775
    endloop
  endfacet
  facet normal -0.06213538115768717 0.997377467587805 0.03711309144393496
    outer loop
      vertex 324.1475250850815 -3.3242222140814692 256.711
      vertex 325.0389700264187 -3.313227614857047 257.90800364348775
      vertex 325.39613675361545 -3.2464352533133156 256.711
    endloop
  endfacet
  facet normal -0.06188215814167904 0.9974002178672587 0.036924299615200856
    outer loop
      vertex 324.1475250850815 -3.3242222140814692 256.711
      vertex 323.751699746512 -3.3930943139065097 257.90800364348775
      vertex 325.0389700264187 -3.313227614857047 257.90800364348775
    endloop
  endfacet
  facet normal -0.062473662981336865 0.9973487488715819 0.037316411376024074
    outer loop
      vertex 325.39613675361545 -3.2464352533133156 256.711
      vertex 326.1158935995104 -3.2461364949900107 257.90800364348775
      vertex 325.6827906892179 -3.228479326276397 256.711
    endloop
  endfacet
  facet normal -0.062135381157685785 0.997377467587805 0.03711309144393539
    outer loop
      vertex 325.39613675361545 -3.2464352533133156 256.711
      vertex 325.0389700264187 -3.313227614857047 257.90800364348775
      vertex 326.0649401462358 -3.2493109468723462 257.90800364348775
    endloop
  endfacet
  facet normal -0.06213761749373268 0.9973772817849935 0.03711434050849034
    outer loop
      vertex 325.39613675361545 -3.2464352533133156 256.711
      vertex 326.0649401462358 -3.2493109468723462 257.90800364348775
      vertex 326.1158935995104 -3.2461364949900107 257.90800364348775
    endloop
  endfacet
  facet normal -0.06247366298133723 0.9973487488715819 0.037316411376024206
    outer loop
      vertex 325.6827906892179 -3.228479326276397 256.711
      vertex 326.1158935995104 -3.2461364949900107 257.90800364348775
      vertex 326.3514339040483 -3.2313823123423955 257.90800364348775
    endloop
  endfacet
  facet normal -0.06335217579270545 0.9972674037392573 0.03800299016513769
    outer loop
      vertex 323.0968060393868 -3.1341335398532046 249.9
      vertex 328.3811734396887 -3.057987657417174 256.711
      vertex 328.6550026020422 -3.0405924501081394 256.711
    endloop
  endfacet
  facet normal -0.06362861383469649 0.9972425348408812 0.03819327435045245
    outer loop
      vertex 324.5773979729525 -3.0399085028614237 249.9
      vertex 328.6550026020422 -3.0405924501081394 256.711
      vertex 329.8240208676108 -2.966003762615544 256.711
    endloop
  endfacet
  facet normal -0.06379660450203857 0.9972270001917767 0.038318446504532075
    outer loop
      vertex 324.8520357481676 -3.0223688922219014 249.9
      vertex 329.8240208676108 -2.966003762615544 256.711
      vertex 330.0909286323257 -2.948928604100215 256.711
    endloop
  endfacet
  facet normal -0.06396312360656761 0.9972113969581551 0.03844669810602469
    outer loop
      vertex 324.8520357481676 -3.0223688922219014 249.9
      vertex 330.0909286323257 -2.948928604100215 256.711
      vertex 331.2332786652389 -2.8756559995350464 256.711
    endloop
  endfacet
  facet normal -0.06287041202447118 0.9973125576079543 0.03761613655539367
    outer loop
      vertex 325.6827906892179 -3.228479326276397 256.711
      vertex 326.8310782411241 -3.20123946170943 257.90800364348775
      vertex 326.9049408737392 -3.1514351889390206 256.711
    endloop
  endfacet
  facet normal -0.06253453966596487 0.9973436612447043 0.037350404599878685
    outer loop
      vertex 325.6827906892179 -3.228479326276397 256.711
      vertex 326.3514339040483 -3.2313823123423955 257.90800364348775
      vertex 326.5686741733482 -3.2177611095760135 257.90800364348775
    endloop
  endfacet
  facet normal -0.06279389068118725 0.9973201510694968 0.037542556703493254
    outer loop
      vertex 325.6827906892179 -3.228479326276397 256.711
      vertex 326.5686741733482 -3.2177611095760135 257.90800364348775
      vertex 326.8310782411241 -3.20123946170943 257.90800364348775
    endloop
  endfacet
  facet normal -0.06287041202447143 0.9973125576079543 0.03761613655539364
    outer loop
      vertex 326.9049408737392 -3.1514351889390206 256.711
      vertex 326.8310782411241 -3.20123946170943 257.90800364348775
      vertex 327.8353052580957 -3.1379331633564433 257.90800364348775
    endloop
  endfacet
  facet normal -0.06312971172368584 0.9972883692890723 0.03782258555978431
    outer loop
      vertex 326.9049408737392 -3.1514351889390206 256.711
      vertex 327.8839790859986 -3.1348576092796825 257.90800364348775
      vertex 328.3811734396887 -3.057987657417174 256.711
    endloop
  endfacet
  facet normal -0.06301635416334925 0.9972990560603342 0.03772972156172989
    outer loop
      vertex 326.9049408737392 -3.1514351889390206 256.711
      vertex 327.8353052580957 -3.1379331633564433 257.90800364348775
      vertex 327.8839790859986 -3.1348576092796825 257.90800364348775
    endloop
  endfacet
  facet normal -0.06335226480660294 0.9972688049643494 0.03796605311133116
    outer loop
      vertex 328.3811734396887 -3.057987657417174 256.711
      vertex 329.3047787032949 -3.0448848898698557 257.90800364348775
      vertex 328.6550026020422 -3.0405924501081394 256.711
    endloop
  endfacet
  facet normal -0.06312971172368509 0.9972883692890724 0.037822585559784634
    outer loop
      vertex 328.3811734396887 -3.057987657417174 256.711
      vertex 327.8839790859986 -3.1348576092796825 257.90800364348775
      vertex 329.09698272895145 -3.058072827006545 257.90800364348775
    endloop
  endfacet
  facet normal -0.06329281009667292 0.9972743277934567 0.03792011753905226
    outer loop
      vertex 328.3811734396887 -3.057987657417174 256.711
      vertex 329.09698272895145 -3.058072827006545 257.90800364348775
      vertex 329.3047787032949 -3.0448848898698557 257.90800364348775
    endloop
  endfacet
  facet normal -0.06362865787674891 0.9972432251059267 0.03817517357044507
    outer loop
      vertex 328.6550026020422 -3.0405924501081394 256.711
      vertex 329.7802802174045 -3.014616758423797 257.90800364348775
      vertex 329.8240208676108 -2.966003762615544 256.711
    endloop
  endfacet
  facet normal -0.06335226480660788 0.9972688049643491 0.03796605311133384
    outer loop
      vertex 328.6550026020422 -3.0405924501081394 256.711
      vertex 329.3047787032949 -3.0448848898698557 257.90800364348775
      vertex 329.5297810363574 -3.0305914442959825 257.90800364348775
    endloop
  endfacet
  facet normal -0.06346081171008774 0.9972588771886781 0.03804546287632094
    outer loop
      vertex 328.6550026020422 -3.0405924501081394 256.711
      vertex 329.5297810363574 -3.0305914442959825 257.90800364348775
      vertex 329.5772245732695 -3.027572363261249 257.90800364348775
    endloop
  endfacet
  facet normal -0.06362734170407648 0.9972433565562259 0.03817393341201552
    outer loop
      vertex 328.6550026020422 -3.0405924501081394 256.711
      vertex 329.5772245732695 -3.027572363261249 257.90800364348775
      vertex 329.7802802174045 -3.014616758423797 257.90800364348775
    endloop
  endfacet
  facet normal -0.06362865787674993 0.9972432251059266 0.03817517357044503
    outer loop
      vertex 329.8240208676108 -2.966003762615544 256.711
      vertex 329.7802802174045 -3.014616758423797 257.90800364348775
      vertex 330.74084933606565 -2.9533280755031677 257.90800364348775
    endloop
  endfacet
  facet normal -0.06431726277661744 0.9971785216890657 0.03870769420842544
    outer loop
      vertex 327.4379251462957 -2.8560693806691764 249.9
      vertex 331.2332786652389 -2.8756559995350464 256.711
      vertex 331.4924507452025 -2.85893959579307 256.711
    endloop
  endfacet
  facet normal -0.14562158391285562 -0.9861468123177934 0.07942807346376887
    outer loop
      vertex 315.08447797614 4.294592533119253 245.6418006851035
      vertex 315.08447797614 4.081811701429645 243
      vertex 346.58447797614 -0.5628041029381148 243.08569795338101
    endloop
  endfacet
  facet normal -0.1458583440346734 -0.9863173041906009 0.07683436034514882
    outer loop
      vertex 315.08447797614 4.294592533119253 245.6418006851035
      vertex 346.58447797614 -0.5628041029381148 243.08569795338101
      vertex 315.08447797614 4.295481295992896 245.6532096718857
    endloop
  endfacet
  facet normal -0.14599956084067817 -0.9864156774161651 0.07528771202485235
    outer loop
      vertex 346.58447797614 -0.562772352521857 243.08610553125152
      vertex 315.08447797614 4.619615567753974 249.9
      vertex 315.08447797614 4.295481295992896 245.6532096718857
    endloop
  endfacet
  facet normal -0.14595393805706333 -0.986107436564302 0.07930681886329757
    outer loop
      vertex 315.08447797614 4.854723004809888 252.82334499599637
      vertex 315.08447797614 4.619615567753974 249.9
      vertex 346.58447797614 -0.010729344466813506 250.29758872504075
    endloop
  endfacet
  facet normal -0.14619105736911792 -0.9862799151729356 0.07668183404018347
    outer loop
      vertex 315.08447797614 4.854723004809888 252.82334499599637
      vertex 346.58447797614 -0.010596387701430898 250.29929881177674
      vertex 315.08447797614 4.855700594138473 252.8359187265564
    endloop
  endfacet
  facet normal -0.14633247630470328 -0.9863793965069068 0.07511652631215074
    outer loop
      vertex 315.08447797614 5 254.73076088523825
      vertex 315.08447797614 4.855700594138473 252.8359187265564
      vertex 346.58447797614 -0.010596387701430898 250.29929881177674
    endloop
  endfacet
  facet normal -0.1463324763047031 -0.9863793965069066 0.07511652631215206
    outer loop
      vertex 315.08447797614 5 254.73076088523825
      vertex 346.58447797614 -0.010596387701430898 250.29929881177674
      vertex 316.10098973979404 5 256.711
    endloop
  endfacet
  facet normal -0.14628644220956916 -0.9860690957170645 0.0791707982617147
    outer loop
      vertex 316.7488128226833 5 257.90800364348775
      vertex 316.10098973979404 5 256.711
      vertex 340.1594790539717 1.5269542594877812 257.90800364348775
    endloop
  endfacet
  facet normal -0.06736174413462971 0.9968958505385443 0.040756086737726224
    outer loop
      vertex 328.90065895843105 -2.4831284636165294 243
      vertex 332.96382726639285 -2.490666758162938 249.9
      vertex 329.1260109132317 -2.4679010948685103 243
    endloop
  endfacet
  facet normal -0.0675615809302171 0.9968777791656362 0.0408671773921143
    outer loop
      vertex 329.1260109132317 -2.4679010948685103 243
      vertex 332.96382726639285 -2.490666758162938 249.9
      vertex 329.12732519755673 -2.467812021635416 243
    endloop
  endfacet
  facet normal -0.06789719767304404 0.9968452777805894 0.04110307427294481
    outer loop
      vertex 329.12732519755673 -2.467812021635416 243
      vertex 333.97275953325834 -2.422288206223857 249.9
      vertex 330.1377308974121 -2.398991195513039 243
    endloop
  endfacet
  facet normal -0.06801141772441074 0.996834873216441 0.04116652279070375
    outer loop
      vertex 330.1377308974121 -2.398991195513039 243
      vertex 333.97275953325834 -2.422288206223857 249.9
      vertex 330.1380115234677 -2.398972049136438 243
    endloop
  endfacet
  facet normal -0.06834711462616881 0.9968037570894891 0.04136353194005824
    outer loop
      vertex 330.1380115234677 -2.398972049136438 243
      vertex 334.1881868019492 -2.4075901711196805 249.9
      vertex 330.3537533766585 -2.3841794351792545 243
    endloop
  endfacet
  facet normal -0.06848881997511752 0.9967907617168142 0.04144223563502811
    outer loop
      vertex 334.1881868019492 -2.4075901711196805 249.9
      vertex 330.355030960057 -2.3840916532868643 243
      vertex 330.3537533766585 -2.3841794351792545 243
    endloop
  endfacet
  facet normal -0.06882438042608403 0.9967578790447124 0.04167655481505556
    outer loop
      vertex 330.355030960057 -2.3840916532868643 243
      vertex 335.16894499084685 -2.3402029383949503 249.9
      vertex 331.3372212211485 -2.3162731412877964 243
    endloop
  endfacet
  facet normal -0.06916922303622142 0.9967259873875302 0.041867942998415335
    outer loop
      vertex 331.3372212211485 -2.3162731412877964 243
      vertex 335.16894499084685 -2.3402029383949503 249.9
      vertex 331.33748908107543 -2.316254552765714 243
    endloop
  endfacet
  facet normal -0.06950484963312543 0.9966943730085693 0.04206426857240865
    outer loop
      vertex 331.33748908107543 -2.316254552765714 243
      vertex 335.37457212805543 -2.325933149609515 249.9
      vertex 331.5434164353553 -2.301894132779228 243
    endloop
  endfacet
  facet normal -0.06997871347731774 0.9966500819763461 0.04232722240594097
    outer loop
      vertex 331.5434164353553 -2.301894132779228 243
      vertex 335.37457212805543 -2.325933149609515 249.9
      vertex 331.54465705526013 -2.3018070239870614 243
    endloop
  endfacet
  facet normal -0.07031418065963699 0.996616560009748 0.04255993788177551
    outer loop
      vertex 331.54465705526013 -2.3018070239870614 243
      vertex 336.32695467499013 -2.2590626334892963 249.9
      vertex 332.49842990452146 -2.2345155910305774 243
    endloop
  endfacet
  facet normal -0.07068994188529443 0.9965810574771781 0.042768305951056206
    outer loop
      vertex 332.49842990452146 -2.2345155910305774 243
      vertex 336.32695467499013 -2.2590626334892963 249.9
      vertex 332.4986844666545 -2.2344975343133093 243
    endloop
  endfacet
  facet normal -0.07102547449949406 0.9965487863588002 0.04296391950141489
    outer loop
      vertex 332.4986844666545 -2.2344975343133093 243
      vertex 336.5223735391089 -2.245201093533156 249.9
      vertex 332.69438857317414 -2.220549419361661 243
    endloop
  endfacet
  facet normal -0.0712201446460534 0.9965302336241243 0.04307185240552724
    outer loop
      vertex 332.69438857317414 -2.220549419361661 243
      vertex 336.5223735391089 -2.245201093533156 249.9
      vertex 332.6955919613328 -2.220463415469522 243
    endloop
  endfacet
  facet normal -0.07155553340859032 0.9964961909626022 0.04330296797723202
    outer loop
      vertex 332.6955919613328 -2.220463415469522 243
      vertex 337.4461745156009 -2.179178772334505 249.9
      vertex 333.62074124414534 -2.15403109890414 243
    endloop
  endfacet
  facet normal -0.07162717514127315 0.9964893182787306 0.04334266186648129
    outer loop
      vertex 333.62074124414534 -2.15403109890414 243
      vertex 337.4461745156009 -2.179178772334505 249.9
      vertex 333.62098224151083 -2.1540137761288825 243
    endloop
  endfacet
  facet normal -0.07196264914569762 0.9964566505005422 0.04353757918365838
    outer loop
      vertex 333.62098224151083 -2.1540137761288825 243
      vertex 337.6311801598313 -2.1658806551952243 249.9
      vertex 333.80625788736194 -2.1406334386190387 243
    endloop
  endfacet
  facet normal -0.07203954403716736 0.9964492321274958 0.04358017768941937
    outer loop
      vertex 333.80625788736194 -2.1406334386190387 243
      vertex 337.6311801598313 -2.1658806551952243 249.9
      vertex 333.8074235086149 -2.1405491685720817 243
    endloop
  endfacet
  facet normal -0.07237488162023431 0.9964148670069942 0.04380969433688507
    outer loop
      vertex 333.8074235086149 -2.1405491685720817 243
      vertex 338.525988741695 -2.1011893491478437 249.9
      vertex 334.70353790771964 -2.0754596404037517 243
    endloop
  endfacet
  facet normal -0.07265370170355838 0.9963877767306775 0.043964053617336046
    outer loop
      vertex 334.70353790771964 -2.0754596404037517 243
      vertex 338.525988741695 -2.1011893491478437 249.9
      vertex 334.70376534029 -2.075443056681521 243
    endloop
  endfacet
  facet normal -0.07298911071200322 0.996354673970647 0.04415827639657476
    outer loop
      vertex 334.70376534029 -2.075443056681521 243
      vertex 338.70058114486716 -2.08845857838216 249.9
      vertex 334.8786125051934 -2.06263442596977 243
    endloop
  endfacet
  facet normal -0.0734605626610468 0.9963084243585368 0.04441924454256395
    outer loop
      vertex 334.8786125051934 -2.06263442596977 243
      vertex 338.70058114486716 -2.08845857838216 249.9
      vertex 334.87973929884333 -2.0625513443722427 243
    endloop
  endfacet
  facet normal -0.07379580767097753 0.9962734639049093 0.04464710392737223
    outer loop
      vertex 334.87973929884333 -2.0625513443722427 243
      vertex 339.56558307012654 -2.024679605346786 249.9
      vertex 335.7460032586007 -1.9983855797678216 243
    endloop
  endfacet
  facet normal -0.0742770997593856 0.9962257292887279 0.04491334717515771
    outer loop
      vertex 335.7460032586007 -1.9983855797678216 243
      vertex 339.565583071382 -2.0246796052537923 249.9
      vertex 335.74621712690845 -1.998369634066799 243
    endloop
  endfacet
  facet normal -0.07461240670882398 0.9961919292948489 0.045106859488598425
    outer loop
      vertex 335.74621712690845 -1.998369634066799 243
      vertex 339.72976264229817 -2.0124386221019464 249.9
      vertex 335.9106361965049 -1.9860550367179703 243
    endloop
  endfacet
  facet normal -0.07523579114753612 0.996129370213915 0.04545166143974744
    outer loop
      vertex 335.9106361965049 -1.9860550367179703 243
      vertex 339.72976264229817 -2.0124386221019464 249.9
      vertex 335.91172416411456 -1.9859728645560992 243
    endloop
  endfacet
  facet normal -0.07557091870113618 0.9960936551436157 0.045677854911302
    outer loop
      vertex 335.91172416411456 -1.9859728645560992 243
      vertex 340.5649591106286 -1.9493577925054142 249.9
      vertex 336.74813882204535 -1.9225163574409998 243
    endloop
  endfacet
  facet normal -0.07642784209741416 0.9960064361829307 0.046151533392839075
    outer loop
      vertex 336.74813882204535 -1.9225163574409998 243
      vertex 340.5649591106286 -1.9493577925054142 249.9
      vertex 336.7483388604203 -1.9225010076392535 243
    endloop
  endfacet
  facet normal -0.07676300406989706 0.9959717096927048 0.04634430599281376
    outer loop
      vertex 336.7483388604203 -1.9225010076392535 243
      vertex 340.718521903142 -1.9375742613648677 249.9
      vertex 336.9021255909661 -1.9106481293818731 243
    endloop
  endfacet
  facet normal -0.07776471014644519 0.9958680798697915 0.04689794614152873
    outer loop
      vertex 336.9021255909661 -1.9106481293818731 243
      vertex 340.718521903142 -1.9375742613648677 249.9
      vertex 336.903173938055 -1.9105662667244099 243
    endloop
  endfacet
  facet normal -0.07809966394003712 0.9958312710042592 0.047122416984860985
    outer loop
      vertex 336.903173938055 -1.9105662667244099 243
      vertex 341.52330301841494 -1.874731027985445 249.9
      vertex 337.70912839623935 -1.8473579962392936 243
    endloop
  endfacet
  facet normal -0.07900862234038858 0.9957356805247144 0.047624490819933835
    outer loop
      vertex 337.70912839623935 -1.8473579962392936 243
      vertex 341.52330301841494 -1.874731027985445 249.9
      vertex 337.70931487081975 -1.8473432000438903 243
    endloop
  endfacet
  facet normal -0.07934360845690215 0.9956998403459814 0.04781652153832563
    outer loop
      vertex 337.70931487081975 -1.8473432000438903 243
      vertex 341.6664533379919 -1.8633724819807505 249.9
      vertex 337.85267385622797 -1.8359194569175927 243
    endloop
  endfacet
  facet normal -0.079895196998503 0.9956410554049174 0.04812116258729275
    outer loop
      vertex 337.85267385622797 -1.8359194569175927 243
      vertex 341.6664533379919 -1.8633724819807505 249.9
      vertex 337.8536817814607 -1.8358385759770255 243
    endloop
  endfacet
  facet normal -0.08023000141090375 0.9956033417809308 0.04834390042445493
    outer loop
      vertex 337.8536817814607 -1.8358385759770255 243
      vertex 342.44020394163886 -1.801282879938526 249.9
      vertex 338.62856009439884 -1.7733955471809397 243
    endloop
  endfacet
  facet normal -0.08040162086178919 0.9955848926310606 0.04843863052973792
    outer loop
      vertex 338.62856009439884 -1.7733955471809397 243
      vertex 342.44020394163886 -1.801282879938526 249.9
      vertex 338.6287330036609 -1.7733815833441693 243
    endloop
  endfacet
  facet normal -0.0807365103168881 0.9955484628311216 0.04862997076332424
    outer loop
      vertex 338.76166312267526 -1.7626012805001392 243
      vertex 338.6287330036609 -1.7733815833441693 243
      vertex 342.57294061847665 -1.7905633079111214 249.9
    endloop
  endfacet
  facet normal -0.08091002346593966 0.9955296935443863 0.048725736260845344
    outer loop
      vertex 338.76166312267526 -1.7626012805001392 243
      vertex 342.57294061847665 -1.7905633079111214 249.9
      vertex 338.7626303532129 -1.7625226704435986 243
    endloop
  endfacet
  facet normal -0.08124475819058749 0.9954915879907703 0.04894678238829705
    outer loop
      vertex 338.7626303532129 -1.7625226704435986 243
      vertex 343.3154512612115 -1.7302169878400366 249.9
      vertex 339.5062229949086 -1.7018360658598242 243
    endloop
  endfacet
  facet normal -0.08197534405194296 0.9954117951343517 0.049349782927312104
    outer loop
      vertex 339.5062229949086 -1.7018360658598242 243
      vertex 343.3154512612115 -1.7302169878400366 249.9
      vertex 339.50638260484465 -1.7018229214712572 243
    endloop
  endfacet
  facet normal -0.08231012232757318 0.9953746975717326 0.04954044001017614
    outer loop
      vertex 339.50638260484465 -1.7018229214712572 243
      vertex 343.43797848874624 -1.7201264788834942 249.9
      vertex 339.6290883500257 -1.691676064291957 243
    endloop
  endfacet
  facet normal -0.08358908439111294 0.9952327459829309 0.050245858475402354
    outer loop
      vertex 339.6290883500257 -1.691676064291957 243
      vertex 343.43797848874624 -1.7201264788834942 249.9
      vertex 339.6300135637607 -1.69159835606814 243
    endloop
  endfacet
  facet normal -0.08392362355871132 0.9951934984861205 0.05046509664839417
    outer loop
      vertex 339.6300135637607 -1.69159835606814 243
      vertex 344.1482342326356 -1.6604724657331982 249.9
      vertex 340.3413038510078 -1.631615992438656 243
    endloop
  endfacet
  facet normal -0.08525964413947762 0.9950423059865346 0.051201585700143847
    outer loop
      vertex 340.3413038510078 -1.631615992438656 243
      vertex 344.1482342326356 -1.6604724657331982 249.9
      vertex 340.3414504287462 -1.6316034330070217 243
    endloop
  endfacet
  facet normal -0.08559418265682328 0.9950037936993444 0.0513915014299318
    outer loop
      vertex 340.3414504287462 -1.6316034330070217 243
      vertex 344.26075707646874 -1.6508310087151876 249.9
      vertex 340.45413712614527 -1.621909675233186 243
    endloop
  endfacet
  facet normal -0.08722332540456046 0.9948155112057091 0.052289484314667144
    outer loop
      vertex 340.45413712614527 -1.621909675233186 243
      vertex 344.26075707646874 -1.6508310087151876 249.9
      vertex 340.4550195284146 -1.6218323080636876 243
    endloop
  endfacet
  facet normal -0.08755758842865036 0.9947746981106637 0.052506844386204905
    outer loop
      vertex 340.4550195284146 -1.6218323080636876 243
      vertex 344.9381478852116 -1.5914388115967453 249.9
      vertex 341.13339642317214 -1.5621232653392418 243
    endloop
  endfacet
  facet normal -0.08960411012587162 0.9945322850429654 0.05363429365404527
    outer loop
      vertex 341.13339642317214 -1.5621232653392418 243
      vertex 344.9381478852116 -1.5914388115967453 249.9
      vertex 341.1335302350755 -1.5621112093238607 243
    endloop
  endfacet
  facet normal -0.0899383173640653 0.9944918990598487 0.05382343145932128
    outer loop
      vertex 341.1335302350755 -1.5621112093238607 243
      vertex 345.04087082304625 -1.5821838104559391 249.9
      vertex 341.2364026495623 -1.5528077933072317 243
    endloop
  endfacet
  facet normal -0.11665208048842723 0.9907955663368826 0.06867632667009596
    outer loop
      vertex 343.9323854183303 -1.2772747963544182 243
      vertex 346.58447797614 -1.2352837900993887 246.89897981846295
      vertex 344.439660935529 -1.2175503219294368 243
    endloop
  endfacet
  facet normal -0.11918053813817436 0.9903973128676528 0.07006541224904003
    outer loop
      vertex 344.439660935529 -1.2175503219294368 243
      vertex 346.58447797614 -1.2352837900993887 246.89897981846295
      vertex 344.4397335729404 -1.2175415810275116 243
    endloop
  endfacet
  facet normal -0.11951207220183924 0.9903442651833392 0.07025027413821414
    outer loop
      vertex 344.4397335729404 -1.2175415810275116 243
      vertex 346.58447797614 -1.2280952165034058 246.79748810396393
      vertex 344.49557563703763 -1.2108027114940423 243
    endloop
  endfacet
  facet normal -0.12173650470263477 0.9899858289187885 0.0714722461012976
    outer loop
      vertex 344.49557563703763 -1.2108027114940423 243
      vertex 346.58447797614 -1.2280952165034058 246.79748810396393
      vertex 344.49618840749804 -1.2107273603810709 243
    endloop
  endfacet
  facet normal -0.1220675950854157 0.9899302459961656 0.07167712530531706
    outer loop
      vertex 344.49618840749804 -1.2107273603810709 243
      vertex 346.58447797614 -1.1661668635150593 245.9409759524238
      vertex 344.96727273625794 -1.1526382866036735 243
    endloop
  endfacet
  facet normal -0.12468379130036021 0.9894988584001914 0.07311608175829788
    outer loop
      vertex 345.01499611982445 -1.14662482696643 243
      vertex 344.96733473260736 -1.1526304958021367 243
      vertex 346.58447797614 -1.1597681667757707 245.85428681270625
    endloop
  endfacet
  facet normal -0.12435279865416594 0.9895540939927991 0.07293199934848311
    outer loop
      vertex 344.96727273625794 -1.1526382866036735 243
      vertex 346.58447797614 -1.1661668635150593 245.9409759524238
      vertex 344.96733473260736 -1.1526304958021367 243
    endloop
  endfacet
  facet normal -0.1279744314102497 0.9889434248452523 0.07492294281837891
    outer loop
      vertex 345.01499611982445 -1.14662482696643 243
      vertex 346.58447797614 -1.1597681667757707 245.85428681270625
      vertex 345.01556101642166 -1.146551726403731 243
    endloop
  endfacet
  facet normal -0.1384588620022252 0.9870731598466648 0.08072001389599318
    outer loop
      vertex 345.4902985695728 -1.0847448476522425 243
      vertex 346.58447797614 -1.0350326019816405 244.2689444302424
      vertex 345.88716511242023 -1.0290755293841345 243
    endloop
  endfacet
  facet normal -0.1453812416013123 0.9857574780485289 0.08453690946483051
    outer loop
      vertex 345.91999676325526 -1.0243253163568218 243
      vertex 346.58447797614 -0.9740398638309977 243.5563705035268
      vertex 346.278826587107 -0.9714044646495428 243
    endloop
  endfacet
  facet normal -0.14764293877587387 0.985313960856886 0.08577855891852115
    outer loop
      vertex 346.30443240431316 -0.9675676095878717 243
      vertex 346.2788598512207 -0.9713994916483747 243
      vertex 346.58447797614 -0.9699836959632188 243.50977022000905
    endloop
  endfacet
  facet normal -0.14731461973329069 0.9853788680957501 0.08559724950706135
    outer loop
      vertex 346.278826587107 -0.9714044646495428 243
      vertex 346.58447797614 -0.9740398638309977 243.5563705035268
      vertex 346.2788598512207 -0.9713994916483747 243
    endloop
  endfacet
  facet normal -0.1489716268349261 0.9850502287456886 0.08650723233477055
    outer loop
      vertex 346.30443240431316 -0.9675676095878717 243
      vertex 346.58447797614 -0.9699836959632188 243.50977022000905
      vertex 346.3048738899156 -0.9675008426083818 243
    endloop
  endfacet
  facet normal -0.14921712588651107 0.9850001450988124 0.08665427570228532
    outer loop
      vertex 346.3048738899156 -0.9675008426083818 243
      vertex 346.58447797614 -0.9662490971185231 243.46724467217868
      vertex 346.58447797614 -0.9251437746017092 243
    endloop
  endfacet
  facet normal -0.1423358201845313 0.9863452120000347 0.08284707029825068
    outer loop
      vertex 345.88716511242023 -1.0290755293841345 243
      vertex 346.58447797614 -1.0350326019816405 244.2689444302424
      vertex 345.88720715709366 -1.0290694620732144 243
    endloop
  endfacet
  facet normal -0.1426647545414754 0.9862823807286322 0.08302911101464486
    outer loop
      vertex 345.9195300069873 -1.0243939943407854 243
      vertex 345.88720715709366 -1.0290694620732144 243
      vertex 346.58447797614 -1.0300788945701789 244.2100762552637
    endloop
  endfacet
  facet normal -0.14505283862907123 0.9858227878167828 0.08433922590820359
    outer loop
      vertex 345.9195300069873 -1.0243939943407854 243
      vertex 346.58447797614 -1.0300788945701789 244.2100762552637
      vertex 345.91999676325526 -1.0243253163568218 243
    endloop
  endfacet
  facet normal -0.14538124160130877 0.9857574780485299 0.08453690946482625
    outer loop
      vertex 345.91999676325526 -1.0243253163568218 243
      vertex 346.58447797614 -1.0210846056966154 244.10494397741505
      vertex 346.58447797614 -0.9740398638309977 243.5563705035268
    endloop
  endfacet
  facet normal -0.14764293877584184 0.9853139608568926 0.08577855891850192
    outer loop
      vertex 346.2788598512207 -0.9713994916483747 243
      vertex 346.58447797614 -0.9737116560793057 243.55259223980292
      vertex 346.58447797614 -0.9699836959632188 243.50977022000905
    endloop
  endfacet
  facet normal -0.14897162683142978 0.9850502287463856 0.08650723233285626
    outer loop
      vertex 346.3048738899156 -0.9675008426083818 243
      vertex 346.58447797614 -0.9699836959632188 243.50977022000905
      vertex 346.58447797614 -0.9662490971185231 243.46724467217868
    endloop
  endfacet
  facet normal -0.1473146198201073 0.9853788680786355 0.08559724955466909
    outer loop
      vertex 346.2788598512207 -0.9713994916483747 243
      vertex 346.58447797614 -0.9740398638309977 243.5563705035268
      vertex 346.58447797614 -0.9737116560793057 243.55259223980292
    endloop
  endfacet
  facet normal -0.1283048477320322 0.9888852382790161 0.075125571959976
    outer loop
      vertex 345.01556101642166 -1.146551726403731 243
      vertex 346.58447797614 -1.099800648879575 245.06412007440298
      vertex 345.4498403259552 -1.090205308714407 243
    endloop
  endfacet
  facet normal -0.1329547412615211 0.9880734752033946 0.07767782422010114
    outer loop
      vertex 345.4498403259552 -1.090205308714407 243
      vertex 346.58447797614 -1.099800648879575 245.06412007440298
      vertex 345.44989221381087 -1.090198326706899 243
    endloop
  endfacet
  facet normal -0.13328478286098452 0.9880145968445718 0.07786092139037779
    outer loop
      vertex 345.44989221381087 -1.090198326706899 243
      vertex 346.58447797614 -1.0940831002482436 244.99151547611473
      vertex 345.48978233702803 -1.0848170839314608 243
    endloop
  endfacet
  facet normal -0.13812961920503963 0.9871356277450446 0.08051993998176793
    outer loop
      vertex 345.48978233702803 -1.0848170839314608 243
      vertex 346.58447797614 -1.0940831002482436 244.99151547611473
      vertex 345.4902985695728 -1.0847448476522425 243
    endloop
  endfacet
  facet normal -0.1384588620022257 0.9870731598466647 0.0807200138959936
    outer loop
      vertex 345.4902985695728 -1.0847448476522425 243
      vertex 346.58447797614 -1.0786641468239002 244.8024865439979
      vertex 346.58447797614 -1.0350326019816405 244.2689444302424
    endloop
  endfacet
  facet normal -0.13812961919421055 0.9871356277470444 0.08051993997582761
    outer loop
      vertex 345.4902985695728 -1.0847448476522425 243
      vertex 346.58447797614 -1.0940831002482436 244.99151547611473
      vertex 346.58447797614 -1.0786641468239002 244.8024865439979
    endloop
  endfacet
  facet normal -0.14505283862983534 0.9858227878166346 0.0843392259086225
    outer loop
      vertex 345.91999676325526 -1.0243253163568218 243
      vertex 346.58447797614 -1.0300788945701789 244.2100762552637
      vertex 346.58447797614 -1.0210846056966154 244.10494397741505
    endloop
  endfacet
  facet normal -0.14266475454153263 0.986282380728621 0.08302911101467782
    outer loop
      vertex 345.88720715709366 -1.0290694620732144 243
      vertex 346.58447797614 -1.03412777167433 244.25817187017222
      vertex 346.58447797614 -1.0300788945701789 244.2100762552637
    endloop
  endfacet
  facet normal -0.14233582016163107 0.9863452120043946 0.08284707028568776
    outer loop
      vertex 345.88720715709366 -1.0290694620732144 243
      vertex 346.58447797614 -1.0350326019816405 244.2689444302424
      vertex 346.58447797614 -1.03412777167433 244.25817187017222
    endloop
  endfacet
  facet normal -0.09236093862772811 0.994196690096492 0.055157940652138755
    outer loop
      vertex 341.2364026495623 -1.5528077933072317 243
      vertex 345.04087082304625 -1.5821838104559391 249.9
      vertex 341.23724197957654 -1.5527298194930912 243
    endloop
  endfacet
  facet normal -0.09269479054500704 0.9941536444836746 0.055373341651418904
    outer loop
      vertex 341.23724197957654 -1.5527298194930912 243
      vertex 345.6851964972674 -1.5223259124672528 249.9
      vertex 341.8825048159947 -1.4925655744589912 243
    endloop
  endfacet
  facet normal -0.09517265686132403 0.9938425486143456 0.05673758850796096
    outer loop
      vertex 341.8825048159947 -1.4925655744589912 243
      vertex 345.6851964972674 -1.5223259124672528 249.9
      vertex 341.8826255962336 -1.4925540082644795 243
    endloop
  endfacet
  facet normal -0.09550641630963454 0.9937997629725358 0.056925877765937445
    outer loop
      vertex 341.8826255962336 -1.4925540082644795 243
      vertex 345.7779154606629 -1.5134469304805005 249.9
      vertex 341.9754793556473 -1.4836305509113072 243
    endloop
  endfacet
  facet normal -0.09813847492491357 0.9934592159266517 0.05837487498757122
    outer loop
      vertex 341.9754793556473 -1.4836305509113072 243
      vertex 345.7779154606629 -1.5134469304805005 249.9
      vertex 341.97627508173565 -1.4835519454250239 243
    endloop
  endfacet
  facet normal -0.10768424695655131 0.9921428366061109 0.06369218734334879
    outer loop
      vertex 343.3234510120484 -1.3452910232932818 243
      vertex 343.249817745431 -1.353282960113354 243
      vertex 346.58447797614 -1.3727976010080352 248.94188553978086
    endloop
  endfacet
  facet normal -0.11010142160863581 0.9917912568751128 0.06502137914441156
    outer loop
      vertex 343.3234510120484 -1.3452910232932818 243
      vertex 346.58447797614 -1.3716053582718835 248.92331379433597
      vertex 343.3241571292091 -1.3452126353233584 243
    endloop
  endfacet
  facet normal -0.09847183806943033 0.9934136666164616 0.058588258950628025
    outer loop
      vertex 341.97627508173565 -1.4835519454250239 243
      vertex 346.38876785452067 -1.4531041188434697 249.9
      vertex 342.58801510690915 -1.4229133950166655 243
    endloop
  endfacet
  facet normal -0.10135099724411943 0.9930293267386342 0.060172515275976335
    outer loop
      vertex 342.58801510690915 -1.4229133950166655 243
      vertex 346.38876785452067 -1.4531041188434697 249.9
      vertex 342.5881233871542 -1.422902343670524 243
    endloop
  endfacet
  facet normal -0.10168422948557235 0.9929838848053582 0.060359936968033254
    outer loop
      vertex 342.67136724439996 -1.4143779480454126 243
      vertex 342.5881233871542 -1.422902343670524 243
      vertex 346.4718909893186 -1.4446203687888715 249.9
    endloop
  endfacet
  facet normal -0.1044985058068345 0.9925963022973879 0.06190834313476372
    outer loop
      vertex 342.67136724439996 -1.4143779480454126 243
      vertex 346.4718909893186 -1.4446203687888715 249.9
      vertex 342.6721185681221 -1.4142988502227063 243
    endloop
  endfacet
  facet normal -0.1048312988846187 0.9925480084479035 0.062119640213577375
    outer loop
      vertex 342.6721185681221 -1.4142988502227063 243
      vertex 346.58447797614 -1.387123774996656 249.16818047132207
      vertex 343.249721966116 -1.3532933230980697 243
    endloop
  endfacet
  facet normal -0.10735155689951922 0.9921908473308629 0.06350563521541529
    outer loop
      vertex 343.249721966116 -1.3532933230980697 243
      vertex 346.58447797614 -1.3801599274060559 249.05691207000135
      vertex 343.249817745431 -1.353282960113354 243
    endloop
  endfacet
  facet normal -0.11319888678597002 0.9913275865531382 0.06675049190191236
    outer loop
      vertex 343.86700585169666 -1.284764583374501 243
      vertex 346.58447797614 -1.3069523176381563 247.93794312260525
      vertex 343.8670899273706 -1.2847549828420166 243
    endloop
  endfacet
  facet normal -0.11632043101683368 0.9908488856532116 0.06846928601823496
    outer loop
      vertex 343.9317255724665 -1.2773522587771844 243
      vertex 346.58447797614 -1.299042143111958 247.82056583168398
      vertex 343.9323854183303 -1.2772747963544182 243
    endloop
  endfacet
  facet normal -0.1135310198465176 0.9912770815052578 0.06693620257400275
    outer loop
      vertex 343.9317255724665 -1.2773522587771844 243
      vertex 343.8670899273706 -1.2847549828420166 243
      vertex 346.58447797614 -1.30139234354548 247.8553706120137
    endloop
  endfacet
  facet normal -0.1104336869564434 0.9917405764311205 0.06523058979708037
    outer loop
      vertex 343.3241571292091 -1.3452126353233584 243
      vertex 346.58447797614 -1.3230938580266498 248.18335283941403
      vertex 343.86700585169666 -1.284764583374501 243
    endloop
  endfacet
  facet normal -0.12206759508542236 0.9899302459961645 0.07167712530532182
    outer loop
      vertex 344.49618840749804 -1.2107273603810709 243
      vertex 346.58447797614 -1.1978269821551781 246.37823273274495
      vertex 346.58447797614 -1.1661668635150593 245.9409759524238
    endloop
  endfacet
  facet normal -0.12173650470299396 0.9899858289187302 0.07147224610149486
    outer loop
      vertex 344.49618840749804 -1.2107273603810709 243
      vertex 346.58447797614 -1.2280952165034058 246.79748810396393
      vertex 346.58447797614 -1.1978269821551781 246.37823273274495
    endloop
  endfacet
  facet normal -0.119512072201814 0.9903442651833433 0.07025027413819988
    outer loop
      vertex 344.4397335729404 -1.2175415810275116 243
      vertex 346.58447797614 -1.2312861876305607 246.8424724117821
      vertex 346.58447797614 -1.2280952165034058 246.79748810396393
    endloop
  endfacet
  facet normal -0.11918053810100063 0.9903973128735708 0.07006541222861848
    outer loop
      vertex 344.4397335729404 -1.2175415810275116 243
      vertex 346.58447797614 -1.2352837900993887 246.89897981846295
      vertex 346.58447797614 -1.2312861876305607 246.8424724117821
    endloop
  endfacet
  facet normal -0.11010142160640665 0.9917912568754407 0.06502137914318604
    outer loop
      vertex 343.3241571292091 -1.3452126353233584 243
      vertex 346.58447797614 -1.3716053582718835 248.92331379433597
      vertex 346.58447797614 -1.3230938580266498 248.18335283941403
    endloop
  endfacet
  facet normal -0.10735155688243316 0.9921908473333131 0.06350563520601935
    outer loop
      vertex 343.249817745431 -1.353282960113354 243
      vertex 346.58447797614 -1.3801599274060559 249.05691207000135
      vertex 346.58447797614 -1.3727976010080352 248.94188553978086
    endloop
  endfacet
  facet normal -0.10768424695653048 0.992142836606114 0.06369218734333747
    outer loop
      vertex 343.3234510120484 -1.3452910232932818 243
      vertex 346.58447797614 -1.3727976010080352 248.94188553978086
      vertex 346.58447797614 -1.3716053582718835 248.92331379433597
    endloop
  endfacet
  facet normal -0.11632043101656878 0.9908488856532527 0.06846928601808941
    outer loop
      vertex 343.9323854183303 -1.2772747963544182 243
      vertex 346.58447797614 -1.299042143111958 247.82056583168398
      vertex 346.58447797614 -1.2598065900813684 247.2527710398984
    endloop
  endfacet
  facet normal -0.11665208048842272 0.9907955663368834 0.0686763266700929
    outer loop
      vertex 343.9323854183303 -1.2772747963544182 243
      vertex 346.58447797614 -1.2598065900813684 247.2527710398984
      vertex 346.58447797614 -1.2352837900993887 246.89897981846295
    endloop
  endfacet
  facet normal -0.11319888676496959 0.9913275865563135 0.06675049189036993
    outer loop
      vertex 343.8670899273706 -1.2847549828420166 243
      vertex 346.58447797614 -1.3069523176381563 247.93794312260525
      vertex 346.58447797614 -1.30139234354548 247.8553706120137
    endloop
  endfacet
  facet normal -0.11353101984651831 0.9912770815052577 0.06693620257400307
    outer loop
      vertex 343.9317255724665 -1.2773522587771844 243
      vertex 346.58447797614 -1.30139234354548 247.8553706120137
      vertex 346.58447797614 -1.299042143111958 247.82056583168398
    endloop
  endfacet
  facet normal -0.11043368695643999 0.991740576431121 0.06523058979707859
    outer loop
      vertex 343.86700585169666 -1.284764583374501 243
      vertex 346.58447797614 -1.3230938580266498 248.18335283941403
      vertex 346.58447797614 -1.3069523176381563 247.93794312260525
    endloop
  endfacet
  facet normal -0.1283048477320313 0.9888852382790163 0.07512557195997528
    outer loop
      vertex 345.01556101642166 -1.146551726403731 243
      vertex 346.58447797614 -1.1375436071332774 245.56093431877176
      vertex 346.58447797614 -1.099800648879575 245.06412007440298
    endloop
  endfacet
  facet normal -0.1279744314092914 0.9889434248454162 0.07492294281785292
    outer loop
      vertex 345.01556101642166 -1.146551726403731 243
      vertex 346.58447797614 -1.1597681667757707 245.85428681270625
      vertex 346.58447797614 -1.1375436071332774 245.56093431877176
    endloop
  endfacet
  facet normal -0.12468379130036988 0.9894988584001898 0.07311608175830332
    outer loop
      vertex 344.96733473260736 -1.1526304958021367 243
      vertex 346.58447797614 -1.1634769374181009 245.904478565716
      vertex 346.58447797614 -1.1597681667757707 245.85428681270625
    endloop
  endfacet
  facet normal -0.12435279856577769 0.9895540940074835 0.07293199929994902
    outer loop
      vertex 344.96733473260736 -1.1526304958021367 243
      vertex 346.58447797614 -1.1661668635150593 245.9409759524238
      vertex 346.58447797614 -1.1634769374181009 245.904478565716
    endloop
  endfacet
  facet normal -0.13328478286104628 0.9880145968445607 0.07786092139041297
    outer loop
      vertex 345.44989221381087 -1.090198326706899 243
      vertex 346.58447797614 -1.0981090320287057 245.04260245651471
      vertex 346.58447797614 -1.0940831002482436 244.99151547611473
    endloop
  endfacet
  facet normal -0.13295474131034205 0.9880734751947187 0.07767782424689622
    outer loop
      vertex 345.44989221381087 -1.090198326706899 243
      vertex 346.58447797614 -1.099800648879575 245.06412007440298
      vertex 346.58447797614 -1.0981090320287057 245.04260245651471
    endloop
  endfacet
  facet normal -0.06671274743215341 0.9969578544293972 0.040304414418107525
    outer loop
      vertex 326.5615775600796 -2.6402038400789194 243
      vertex 331.702105824253 -2.5751676863612554 249.9
      vertex 332.73880396159564 -2.505795665575576 249.9
    endloop
  endfacet
  facet normal -0.06702599638099183 0.9969266650662368 0.04055539777941698
    outer loop
      vertex 327.6276884022847 -2.5687344658925064 243
      vertex 332.73880396159564 -2.505795665575576 249.9
      vertex 332.96382726639285 -2.490666758162938 249.9
    endloop
  endfacet
  facet normal -0.06756158092889013 0.9968777791657565 0.04086717739137688
    outer loop
      vertex 329.12732519755673 -2.467812021635416 243
      vertex 332.96382726639285 -2.490666758162938 249.9
      vertex 333.97275953325834 -2.422288206223857 249.9
    endloop
  endfacet
  facet normal -0.06801141772182598 0.9968348732166767 0.04116652278926805
    outer loop
      vertex 330.1380115234677 -2.398972049136438 243
      vertex 333.97275953325834 -2.422288206223857 249.9
      vertex 334.1881868019492 -2.4075901711196805 249.9
    endloop
  endfacet
  facet normal -0.06848881997424455 0.9967907617168943 0.0414422356345465
    outer loop
      vertex 334.1881868019492 -2.4075901711196805 249.9
      vertex 335.16894499084685 -2.3402029383949503 249.9
      vertex 330.355030960057 -2.3840916532868643 243
    endloop
  endfacet
  facet normal -0.06916922304151024 0.9967259873870399 0.04186794300135043
    outer loop
      vertex 331.33748908107543 -2.316254552765714 243
      vertex 335.16894499084685 -2.3402029383949503 249.9
      vertex 335.37457212805543 -2.325933149609515 249.9
    endloop
  endfacet
  facet normal 0 0 -1
    outer loop
      vertex 331.4676899832998 -2.5908460835950313 249.9
      vertex 332.73880396159564 -2.505795665575576 249.9
      vertex 331.702105824253 -2.5751676863612554 249.9
    endloop
  endfacet
  facet normal -0.06532980638173784 0.9970866726683473 0.039372370836524014
    outer loop
      vertex 328.81663708531147 -2.7661926104706733 249.9
      vertex 333.94736712831434 -2.69897239343637 256.711
      vertex 329.06861185065856 -2.749683050083956 249.9
    endloop
  endfacet
  facet normal -0.06553947776303114 0.9970669649237854 0.039522706286637926
    outer loop
      vertex 329.06861185065856 -2.749683050083956 249.9
      vertex 333.94736712831434 -2.69897239343637 256.711
      vertex 330.1600272620276 -2.6779418344985833 249.9
    endloop
  endfacet
  facet normal -0.06599445352164374 0.9970264178897227 0.03978761282569811
    outer loop
      vertex 330.1600272620276 -2.6779418344985833 249.9
      vertex 334.1900501341087 -2.6829911228050753 256.711
      vertex 330.40342677376066 -2.661830909576196 249.9
    endloop
  endfacet
  facet normal -0.06649705071977582 0.9969787718109611 0.04014312897469642
    outer loop
      vertex 330.40342677376066 -2.661830909576196 249.9
      vertex 336.51855290852643 -2.528204191473968 256.711
      vertex 331.4676899832998 -2.5908460835950313 249.9
    endloop
  endfacet
  facet normal -0.06670663384802968 0.9969584712669617 0.040299275051882646
    outer loop
      vertex 331.4676899832998 -2.5908460835950313 249.9
      vertex 336.7429138570479 -2.513195843123385 256.711
      vertex 332.73880396159564 -2.505795665575576 249.9
    endloop
  endfacet
  facet normal -0.06702618217515653 0.9969294285187306 0.04048710234555913
    outer loop
      vertex 332.73880396159564 -2.505795665575576 249.9
      vertex 336.7429138570479 -2.513195843123385 256.711
      vertex 332.96382726639285 -2.490666758162938 249.9
    endloop
  endfacet
  facet normal -0.06997871347760473 0.9966500819763192 0.04232722240610019
    outer loop
      vertex 331.54465705526013 -2.3018070239870614 243
      vertex 335.37457212805543 -2.325933149609515 249.9
      vertex 336.32695467499013 -2.2590626334892963 249.9
    endloop
  endfacet
  facet normal -0.07068994188481478 0.9965810574772236 0.042768305950790245
    outer loop
      vertex 332.4986844666545 -2.2344975343133093 243
      vertex 336.32695467499013 -2.2590626334892963 249.9
      vertex 336.5223735391089 -2.245201093533156 249.9
    endloop
  endfacet
  facet normal -0.07122014464452116 0.9965302336242705 0.04307185240467798
    outer loop
      vertex 332.6955919613328 -2.220463415469522 243
      vertex 336.5223735391089 -2.245201093533156 249.9
      vertex 337.4461745156009 -2.179178772334505 249.9
    endloop
  endfacet
  facet normal -0.07162717514717058 0.9964893182781647 0.04334266186974861
    outer loop
      vertex 333.62098224151083 -2.1540137761288825 243
      vertex 337.4461745156009 -2.179178772334505 249.9
      vertex 337.6311801598313 -2.1658806551952243 249.9
    endloop
  endfacet
  facet normal -0.0720395440352017 0.9964492321276852 0.04358017768833075
    outer loop
      vertex 333.8074235086149 -2.1405491685720817 243
      vertex 337.6311801598313 -2.1658806551952243 249.9
      vertex 338.525988741695 -2.1011893491478437 249.9
    endloop
  endfacet
  facet normal -0.07265370170077866 0.9963877767309481 0.04396405361579723
    outer loop
      vertex 334.70376534029 -2.075443056681521 243
      vertex 338.525988741695 -2.1011893491478437 249.9
      vertex 338.70058114486716 -2.08845857838216 249.9
    endloop
  endfacet
  facet normal -0.07346056266062974 0.9963084243585778 0.04441924454233316
    outer loop
      vertex 334.87973929884333 -2.0625513443722427 243
      vertex 338.70058114486716 -2.08845857838216 249.9
      vertex 339.56558307012654 -2.024679605346786 249.9
    endloop
  endfacet
  facet normal -0.07379625026061294 0.9962734201425957 0.04464734891175591
    outer loop
      vertex 335.7460032586007 -1.9983855797678216 243
      vertex 339.56558307012654 -2.024679605346786 249.9
      vertex 339.565583071382 -2.0246796052537923 249.9
    endloop
  endfacet
  facet normal 0.006883828102542935 0.9999763061714166 0.000002534542148822829
    outer loop
      vertex 335.74621712690845 -1.998369634066799 243
      vertex 339.565583071382 -2.0246796052537923 249.9
      vertex 339.5655830769176 -2.0246796052918996 249.9
    endloop
  endfacet
  facet normal -0.07427710247625045 0.9962257290154755 0.04491334874307751
    outer loop
      vertex 335.74621712690845 -1.998369634066799 243
      vertex 339.5655830769176 -2.0246796052918996 249.9
      vertex 339.72976264229817 -2.0124386221019464 249.9
    endloop
  endfacet
  facet normal -0.06756167279256615 0.9968791346233415 0.040833948156991234
    outer loop
      vertex 332.96382726639285 -2.490666758162938 249.9
      vertex 337.7488764585496 -2.4453594532441474 256.711
      vertex 333.97275953325834 -2.422288206223857 249.9
    endloop
  endfacet
  facet normal -0.0680116211604231 0.9968378549908405 0.04109391979832459
    outer loop
      vertex 333.97275953325834 -2.422288206223857 249.9
      vertex 337.96366966702647 -2.4307774701506726 256.711
      vertex 334.1881868019492 -2.4075901711196805 249.9
    endloop
  endfacet
  facet normal -0.0684889205587897 0.9967922256309377 0.041406843424894146
    outer loop
      vertex 334.1881868019492 -2.4075901711196805 249.9
      vertex 338.9415413321627 -2.3639199767488828 256.711
      vertex 335.16894499084685 -2.3402029383949503 249.9
    endloop
  endfacet
  facet normal -0.06916943814787892 0.9967290870619885 0.04179372956415634
    outer loop
      vertex 335.16894499084685 -2.3402029383949503 249.9
      vertex 339.1465633097977 -2.3497616719531433 256.711
      vertex 335.37457212805543 -2.325933149609515 249.9
    endloop
  endfacet
  facet normal -0.069978827424645 0.9966517048316332 0.04228880429228071
    outer loop
      vertex 335.37457212805543 -2.325933149609515 249.9
      vertex 340.096143182053 -2.2834098089873947 256.711
      vertex 336.32695467499013 -2.2590626334892963 249.9
    endloop
  endfacet
  facet normal -0.07069017314570548 0.9965843177744738 0.0426918843179464
    outer loop
      vertex 336.32695467499013 -2.2590626334892963 249.9
      vertex 340.29098699969927 -2.26965510671248 256.711
      vertex 336.5223735391089 -2.245201093533156 249.9
    endloop
  endfacet
  facet normal -0.06379663985564178 0.9972275528162904 0.03830400301746817
    outer loop
      vertex 329.8240208676108 -2.966003762615544 256.711
      vertex 330.74084933606565 -2.9533280755031677 257.90800364348775
      vertex 330.0909286323257 -2.948928604100215 256.711
    endloop
  endfacet
  facet normal -0.0639631768782319 0.9972122274853051 0.03842506158017442
    outer loop
      vertex 330.0909286323257 -2.948928604100215 256.711
      vertex 330.9601644347834 -2.9392976104119377 257.90800364348775
      vertex 331.2332786652389 -2.8756559995350464 256.711
    endloop
  endfacet
  facet normal -0.06379663985564749 0.9972275528162902 0.03830400301747127
    outer loop
      vertex 330.0909286323257 -2.948928604100215 256.711
      vertex 330.74084933606565 -2.9533280755031677 257.90800364348775
      vertex 330.9601644347834 -2.9392976104119377 257.90800364348775
    endloop
  endfacet
  facet normal -0.06396317687823111 0.9972122274853051 0.0384250615801746
    outer loop
      vertex 331.2332786652389 -2.8756559995350464 256.711
      vertex 330.9601644347834 -2.9392976104119377 257.90800364348775
      vertex 331.89882056757216 -2.879090337983272 257.90800364348775
    endloop
  endfacet
  facet normal -0.06398150412400049 0.9972106592423451 0.038435247149953874
    outer loop
      vertex 331.2332786652389 -2.8756559995350464 256.711
      vertex 331.89882056757216 -2.879090337983272 257.90800364348775
      vertex 331.94488907243755 -2.8761345610802547 257.90800364348775
    endloop
  endfacet
  facet normal -0.06474602921815253 0.9971409731350868 0.03895935568890038
    outer loop
      vertex 327.6978624976441 -2.839215554178383 249.9
      vertex 331.4924507452025 -2.85893959579307 256.711
      vertex 332.6079317055415 -2.7865095535059443 256.711
    endloop
  endfacet
  facet normal -0.06499401691216386 0.9971178317891424 0.039138309796681495
    outer loop
      vertex 327.6978624976441 -2.839215554178383 249.9
      vertex 332.6079317055415 -2.7865095535059443 256.711
      vertex 332.85916468207415 -2.770133715259868 256.711
    endloop
  endfacet
  facet normal -0.06520373114760006 0.9970986755248269 0.03927727983284072
    outer loop
      vertex 328.81663708531147 -2.7661926104706733 249.9
      vertex 332.85916468207415 -2.770133715259868 256.711
      vertex 333.94736712831434 -2.69897239343637 256.711
    endloop
  endfacet
  facet normal -0.06565861381844601 0.997056499784642 0.03958892103402588
    outer loop
      vertex 330.1600272620276 -2.6779418344985833 249.9
      vertex 333.94736712831434 -2.69897239343637 256.711
      vertex 334.1900501341087 -2.6829911228050753 256.711
    endloop
  endfacet
  facet normal -0.06616141198668239 0.9970116459519405 0.03988038866574655
    outer loop
      vertex 330.40342677376066 -2.661830909576196 249.9
      vertex 334.1900501341087 -2.6829911228050753 256.711
      vertex 335.2511805511072 -2.612574807232745 256.711
    endloop
  endfacet
  facet normal -0.06634397938693655 0.9969943027531609 0.0400104570936685
    outer loop
      vertex 330.40342677376066 -2.661830909576196 249.9
      vertex 335.2511805511072 -2.612574807232745 256.711
      vertex 335.484906369669 -2.597021758588398 256.711
    endloop
  endfacet
  facet normal -0.06637714095897386 0.9969911010863082 0.04003522839729299
    outer loop
      vertex 330.40342677376066 -2.661830909576196 249.9
      vertex 335.484906369669 -2.597021758588398 256.711
      vertex 336.51855290852643 -2.528204191473968 256.711
    endloop
  endfacet
  facet normal -0.06431744398130768 0.9971813310969517 0.03863494935188999
    outer loop
      vertex 331.2332786652389 -2.8756559995350464 256.711
      vertex 331.94488907243755 -2.8761345610802547 257.90800364348775
      vertex 331.4924507452025 -2.85893959579307 256.711
    endloop
  endfacet
  facet normal -0.064746097362246 0.9971420226089847 0.038932372437622854
    outer loop
      vertex 331.4924507452025 -2.85893959579307 256.711
      vertex 332.40078479660593 -2.846695709771489 257.90800364348775
      vertex 332.6079317055415 -2.7865095535059443 256.711
    endloop
  endfacet
  facet normal -0.06431744398130153 0.9971813310969523 0.03863494935188768
    outer loop
      vertex 331.4924507452025 -2.85893959579307 256.711
      vertex 331.94488907243755 -2.8761345610802547 257.90800364348775
      vertex 332.1578478462777 -2.862398880738421 257.90800364348775
    endloop
  endfacet
  facet normal -0.06441029876877465 0.9971733373951014 0.03868654289067855
    outer loop
      vertex 331.4924507452025 -2.85893959579307 256.711
      vertex 332.1578478462777 -2.862398880738421 257.90800364348775
      vertex 332.3561274806761 -2.8495914278990533 257.90800364348775
    endloop
  endfacet
  facet normal -0.06465830294724176 0.9971503216133584 0.03886566564924384
    outer loop
      vertex 331.4924507452025 -2.85893959579307 256.711
      vertex 332.3561274806761 -2.8495914278990533 257.90800364348775
      vertex 332.40078479660593 -2.846695709771489 257.90800364348775
    endloop
  endfacet
  facet normal -0.06499411483878055 0.9971193341485951 0.039099852984193835
    outer loop
      vertex 332.6079317055415 -2.7865095535059443 256.711
      vertex 333.5107937443344 -2.774597185402972 257.90800364348775
      vertex 332.85916468207415 -2.770133715259868 256.711
    endloop
  endfacet
  facet normal -0.06474609736224532 0.9971420226089845 0.038932372437622965
    outer loop
      vertex 332.6079317055415 -2.7865095535059443 256.711
      vertex 332.40078479660593 -2.846695709771489 257.90800364348775
      vertex 333.31736291562703 -2.787180761259972 257.90800364348775
    endloop
  endfacet
  facet normal -0.06486803115441783 0.9971312737655517 0.03900463322270477
    outer loop
      vertex 332.6079317055415 -2.7865095535059443 256.711
      vertex 333.31736291562703 -2.787180761259972 257.90800364348775
      vertex 333.5107937443344 -2.774597185402972 257.90800364348775
    endloop
  endfacet
  facet normal -0.06520380029606387 0.9970997329465497 0.039250311907934675
    outer loop
      vertex 332.85916468207415 -2.770133715259868 256.711
      vertex 333.7172290464631 -2.761141343886483 257.90800364348775
      vertex 333.94736712831434 -2.69897239343637 256.711
    endloop
  endfacet
  facet normal -0.0656588066795208 0.9970594284695021 0.03951477199087714
    outer loop
      vertex 333.94736712831434 -2.69897239343637 256.711
      vertex 334.6545302613835 -2.699842791503741 257.90800364348775
      vertex 334.1900501341087 -2.6829911228050753 256.711
    endloop
  endfacet
  facet normal -0.06499411483878319 0.997119334148595 0.039099852984195264
    outer loop
      vertex 332.85916468207415 -2.770133715259868 256.711
      vertex 333.5107937443344 -2.774597185402972 257.90800364348775
      vertex 333.7172290464631 -2.761141343886483 257.90800364348775
    endloop
  endfacet
  facet normal -0.0652038002960654 0.9970997329465495 0.03925031190793437
    outer loop
      vertex 333.94736712831434 -2.69897239343637 256.711
      vertex 333.7172290464631 -2.761141343886483 257.90800364348775
      vertex 334.61139271823555 -2.7026688886648222 257.90800364348775
    endloop
  endfacet
  facet normal -0.06669041135560407 0.9969600651258789 0.04028669231177646
    outer loop
      vertex 331.4676899832998 -2.5908460835950313 249.9
      vertex 336.51855290852643 -2.528204191473968 256.711
      vertex 336.7429138570479 -2.513195843123385 256.711
    endloop
  endfacet
  facet normal -0.0672260327553727 0.9969114647702229 0.040597930115492065
    outer loop
      vertex 332.96382726639285 -2.490666758162938 249.9
      vertex 336.7429138570479 -2.513195843123385 256.711
      vertex 337.7488764585496 -2.4453594532441474 256.711
    endloop
  endfacet
  facet normal -0.06767590079284497 0.9968687917600036 0.04089724277781638
    outer loop
      vertex 333.97275953325834 -2.422288206223857 249.9
      vertex 337.7488764585496 -2.4453594532441474 256.711
      vertex 337.96366966702647 -2.4307774701506726 256.711
    endloop
  endfacet
  facet normal -0.06815333645164325 0.9968249362871899 0.041172431632692
    outer loop
      vertex 334.1881868019492 -2.4075901711196805 249.9
      vertex 337.96366966702647 -2.4307774701506726 256.711
      vertex 338.9415413321627 -2.3639199767488828 256.711
    endloop
  endfacet
  facet normal -0.0688337876246498 0.9967605211578704 0.04159775405397951
    outer loop
      vertex 335.16894499084685 -2.3402029383949503 249.9
      vertex 338.9415413321627 -2.3639199767488828 256.711
      vertex 339.1465633097977 -2.3497616719531433 256.711
    endloop
  endfacet
  facet normal -0.06964333601142486 0.9966850538514566 0.04205602428093814
    outer loop
      vertex 335.37457212805543 -2.325933149609515 249.9
      vertex 339.1465633097977 -2.3497616719531433 256.711
      vertex 340.096143182053 -2.2834098089873947 256.711
    endloop
  endfacet
  facet normal -0.06616143809019692 0.9970120393157946 0.03987051001927968
    outer loop
      vertex 334.1900501341087 -2.6829911228050753 256.711
      vertex 335.26783770744424 -2.6593376170128917 257.90800364348775
      vertex 335.2511805511072 -2.612574807232745 256.711
    endloop
  endfacet
  facet normal -0.06532294434186976 0.9970893318548932 0.03931637373501851
    outer loop
      vertex 333.94736712831434 -2.69897239343637 256.711
      vertex 334.61139271823555 -2.7026688886648222 257.90800364348775
      vertex 334.6545302613835 -2.699842791503741 257.90800364348775
    endloop
  endfacet
  facet normal -0.06565880667953372 0.9970594284695012 0.03951477199088213
    outer loop
      vertex 334.1900501341087 -2.6829911228050753 256.711
      vertex 334.6545302613835 -2.699842791503741 257.90800364348775
      vertex 334.8539401490267 -2.68671116174437 257.90800364348775
    endloop
  endfacet
  facet normal -0.0658257764367008 0.9970447464334622 0.03960733222445662
    outer loop
      vertex 334.1900501341087 -2.6829911228050753 256.711
      vertex 334.8539401490267 -2.68671116174437 257.90800364348775
      vertex 335.0425588965408 -2.6742583851262216 257.90800364348775
    endloop
  endfacet
  facet normal -0.06600835626972085 0.9970274964332531 0.03973749185101031
    outer loop
      vertex 334.1900501341087 -2.6829911228050753 256.711
      vertex 335.0425588965408 -2.6742583851262216 257.90800364348775
      vertex 335.08410428281786 -2.6715078665411784 257.90800364348775
    endloop
  endfacet
  facet normal -0.06604152010565202 0.9970243114852314 0.03976229281033675
    outer loop
      vertex 334.1900501341087 -2.6829911228050753 256.711
      vertex 335.08410428281786 -2.6715078665411784 257.90800364348775
      vertex 335.26783770744424 -2.6593376170128917 257.90800364348775
    endloop
  endfacet
  facet normal -0.06616143809019673 0.9970120393157946 0.03987051001927968
    outer loop
      vertex 335.2511805511072 -2.612574807232745 256.711
      vertex 335.26783770744424 -2.6593376170128917 257.90800364348775
      vertex 336.1397565982454 -2.6014773250218313 257.90800364348775
    endloop
  endfacet
  facet normal -0.06635481198288339 0.9969934304123605 0.04001423048503931
    outer loop
      vertex 335.2511805511072 -2.612574807232745 256.711
      vertex 336.1397565982454 -2.6014773250218313 257.90800364348775
      vertex 336.1796373572218 -2.5988230645393746 257.90800364348775
    endloop
  endfacet
  facet normal 0 0 -1
    outer loop
      vertex 335.2511805511072 -2.612574807232745 256.711
      vertex 336.51855290852643 -2.528204191473968 256.711
      vertex 335.484906369669 -2.597021758588398 256.711
    endloop
  endfacet
  facet normal -0.06637103559002919 0.9969918446558153 0.040026832556446804
    outer loop
      vertex 335.2511805511072 -2.612574807232745 256.711
      vertex 336.1796373572218 -2.5988230645393746 257.90800364348775
      vertex 336.51855290852643 -2.528204191473968 256.711
    endloop
  endfacet
  facet normal -0.06669060587877762 0.9969629730676921 0.04021434345541376
    outer loop
      vertex 336.51855290852643 -2.528204191473968 256.711
      vertex 337.2210229234171 -2.5294966815329527 257.90800364348775
      vertex 336.7429138570479 -2.513195843123385 256.711
    endloop
  endfacet
  facet normal -0.06637103559002726 0.9969918446558154 0.04002683255644736
    outer loop
      vertex 336.51855290852643 -2.528204191473968 256.711
      vertex 336.1796373572218 -2.5988230645393746 257.90800364348775
      vertex 337.2210229234171 -2.5294966815329527 257.90800364348775
    endloop
  endfacet
  facet normal -0.06669060587877283 0.9969629730676923 0.040214343455411854
    outer loop
      vertex 336.7429138570479 -2.513195843123385 256.711
      vertex 337.2210229234171 -2.5294966815329527 257.90800364348775
      vertex 337.4053777833289 -2.5171644910340576 257.90800364348775
    endloop
  endfacet
  facet normal -0.06689047024855012 0.9969451177141091 0.04032489622961149
    outer loop
      vertex 336.7429138570479 -2.513195843123385 256.711
      vertex 337.4053777833289 -2.5171644910340576 257.90800364348775
      vertex 337.58419035031625 -2.5051669833682806 257.90800364348775
    endloop
  endfacet
  facet normal -0.06722613360567813 0.996912960304343 0.040561022394201014
    outer loop
      vertex 336.7429138570479 -2.513195843123385 256.711
      vertex 337.58419035031625 -2.5051669833682806 257.90800364348775
      vertex 337.7488764585496 -2.4453594532441474 256.711
    endloop
  endfacet
  facet normal -0.06767611340493643 0.9968719235448227 0.04082048165378952
    outer loop
      vertex 337.7488764585496 -2.4453594532441474 256.711
      vertex 338.4489585460778 -2.446847538609129 257.90800364348775
      vertex 337.96366966702647 -2.4307774701506726 256.711
    endloop
  endfacet
  facet normal -0.06722613360567833 0.9969129603043431 0.04056102239420099
    outer loop
      vertex 337.7488764585496 -2.4453594532441474 256.711
      vertex 337.58419035031625 -2.5051669833682806 257.90800364348775
      vertex 338.41077846958797 -2.4494265872096603 257.90800364348775
    endloop
  endfacet
  facet normal -0.06734036956024812 0.9969026795902093 0.0406241560324586
    outer loop
      vertex 337.7488764585496 -2.4453594532441474 256.711
      vertex 338.41077846958797 -2.4494265872096603 257.90800364348775
      vertex 338.4489585460778 -2.446847538609129 257.90800364348775
    endloop
  endfacet
  facet normal -0.06767611340494892 0.9968719235448217 0.04082048165379458
    outer loop
      vertex 337.96366966702647 -2.4307774701506726 256.711
      vertex 338.4489585460778 -2.446847538609129 257.90800364348775
      vertex 338.62545170194875 -2.4348656876312753 257.90800364348775
    endloop
  endfacet
  facet normal -0.07523579114765187 0.9961293702139035 0.04545166143981145
    outer loop
      vertex 335.91172416411456 -1.9859728645560992 243
      vertex 339.72976264229817 -2.0124386221019464 249.9
      vertex 340.5649591106286 -1.9493577925054142 249.9
    endloop
  endfacet
  facet normal -0.07642784208897115 0.9960064361837949 0.04615153338817231
    outer loop
      vertex 336.7483388604203 -1.9225010076392535 243
      vertex 340.5649591106286 -1.9493577925054142 249.9
      vertex 340.718521903142 -1.9375742613648677 249.9
    endloop
  endfacet
  facet normal -0.0777647101437859 0.9958680798700684 0.04689794614005936
    outer loop
      vertex 336.903173938055 -1.9105662667244099 243
      vertex 340.718521903142 -1.9375742613648677 249.9
      vertex 341.52330301841494 -1.874731027985445 249.9
    endloop
  endfacet
  facet normal -0.07900862232924571 0.9957356805258928 0.04762449081377927
    outer loop
      vertex 337.70931487081975 -1.8473432000438903 243
      vertex 341.52330301841494 -1.874731027985445 249.9
      vertex 341.6664533379919 -1.8633724819807505 249.9
    endloop
  endfacet
  facet normal -0.07989519699966828 0.9956410554047928 0.048121162587936146
    outer loop
      vertex 337.8536817814607 -1.8358385759770255 243
      vertex 341.6664533379919 -1.8633724819807505 249.9
      vertex 342.44020394163886 -1.801282879938526 249.9
    endloop
  endfacet
  facet normal -0.08040162086469038 0.9955848926307485 0.04843863053133921
    outer loop
      vertex 338.6287330036609 -1.7733815833441693 243
      vertex 342.44020394163886 -1.801282879938526 249.9
      vertex 342.57294061847665 -1.7905633079111214 249.9
    endloop
  endfacet
  facet normal -0.08091002346529025 0.9955296935444565 0.04872573626048701
    outer loop
      vertex 338.7626303532129 -1.7625226704435986 243
      vertex 342.57294061847665 -1.7905633079111214 249.9
      vertex 343.3154512612115 -1.7302169878400366 249.9
    endloop
  endfacet
  facet normal 0 0 1
    outer loop
      vertex 338.70058114486716 -2.08845857838216 249.9
      vertex 339.5655830769176 -2.0246796052918996 249.9
      vertex 339.56558307012654 -2.024679605346786 249.9
    endloop
  endfacet
  facet normal 0 0 1
    outer loop
      vertex 339.5655830769176 -2.0246796052918996 249.9
      vertex 339.565583071382 -2.0246796052537923 249.9
      vertex 339.56558307012654 -2.024679605346786 249.9
    endloop
  endfacet
  facet normal -0.07122027108239998 0.9965320027749732 0.04303069174728784
    outer loop
      vertex 336.5223735391089 -2.245201093533156 249.9
      vertex 341.21206968245235 -2.204139302222609 256.711
      vertex 337.4461745156009 -2.179178772334505 249.9
    endloop
  endfacet
  facet normal -0.07162741706556619 0.9964926838876074 0.0432648134514452
    outer loop
      vertex 337.4461745156009 -2.179178772334505 249.9
      vertex 341.39653096350094 -2.1909428482338624 256.711
      vertex 337.6311801598313 -2.1658806551952243 249.9
    endloop
  endfacet
  facet normal -0.07203968033145877 0.9964511173742188 0.043536825118651326
    outer loop
      vertex 337.6311801598313 -2.1658806551952243 249.9
      vertex 342.2887067353596 -2.126744355307315 256.711
      vertex 338.525988741695 -2.1011893491478437 249.9
    endloop
  endfacet
  facet normal -0.0726539557822764 0.9963912612567558 0.04388458955440471
    outer loop
      vertex 338.525988741695 -2.1011893491478437 249.9
      vertex 342.46278545778557 -2.1141100615436534 256.711
      vertex 338.70058114486716 -2.08845857838216 249.9
    endloop
  endfacet
  facet normal -0.07346071426891702 0.9963104875096161 0.04437269360148624
    outer loop
      vertex 338.70058114486716 -2.08845857838216 249.9
      vertex 343.32524256426683 -2.0508111627707506 256.711
      vertex 339.5655830769176 -2.0246796052918996 249.9
    endloop
  endfacet
  facet normal -0.07427737650260118 0.9962294043352184 0.04483129797124683
    outer loop
      vertex 339.5655830769176 -2.0246796052918996 249.9
      vertex 343.48893915507404 -2.038661700028869 256.711
      vertex 339.72976264229817 -2.0124386221019464 249.9
    endloop
  endfacet
  facet normal -0.07523596363788981 0.9961316540018385 0.04540129591806625
    outer loop
      vertex 339.72976264229817 -2.0124386221019464 249.9
      vertex 344.3216788424387 -1.9760488400701892 256.711
      vertex 340.5649591106286 -1.9493577925054142 249.9
    endloop
  endfacet
  facet normal -0.07642814421465267 0.9960103734809244 0.0460659819204333
    outer loop
      vertex 340.5649591106286 -1.9493577925054142 249.9
      vertex 344.47478996402447 -1.9643518999358818 256.711
      vertex 340.718521903142 -1.9375742613648677 249.9
    endloop
  endfacet
  facet normal -0.07776491282401576 0.9958706754275002 0.046842461048156835
    outer loop
      vertex 340.718521903142 -1.9375742613648677 249.9
      vertex 345.27720424866425 -1.9019656890191685 256.711
      vertex 341.52330301841494 -1.874731027985445 249.9
    endloop
  endfacet
  facet normal -0.07900896071941915 0.9957399452144746 0.04753467818669183
    outer loop
      vertex 341.52330301841494 -1.874731027985445 249.9
      vertex 345.4199336107735 -1.8906889694099904 256.711
      vertex 341.6664533379919 -1.8633724819807505 249.9
    endloop
  endfacet
  facet normal -0.07989542837474593 0.9956439387636822 0.04806108329986762
    outer loop
      vertex 341.6664533379919 -1.8633724819807505 249.9
      vertex 346.19140903381606 -1.8290437084016553 256.711
      vertex 342.44020394163886 -1.801282879938526 249.9
    endloop
  endfacet
  facet normal -0.08040198051355836 0.9955893460357369 0.04834641237601003
    outer loop
      vertex 342.44020394163886 -1.801282879938526 249.9
      vertex 346.3237554200574 -1.818400564523696 256.711
      vertex 342.57294061847665 -1.7905633079111214 249.9
    endloop
  endfacet
  facet normal -0.0809102719438171 0.9955327508634523 0.048662817964282526
    outer loop
      vertex 342.57294061847665 -1.7905633079111214 249.9
      vertex 346.58447797614 -1.761908741563383 255.9836595915521
      vertex 343.3154512612115 -1.7302169878400366 249.9
    endloop
  endfacet
  facet normal -0.07035461598559731 0.9966164075153916 0.042496638462751125
    outer loop
      vertex 336.32695467499013 -2.2590626334892963 249.9
      vertex 340.096143182053 -2.2834098089873947 256.711
      vertex 340.29098699969927 -2.26965510671248 256.711
    endloop
  endfacet
  facet normal -0.07088485759830356 0.9965658715724022 0.04279953948825329
    outer loop
      vertex 336.5223735391089 -2.245201093533156 249.9
      vertex 340.29098699969927 -2.26965510671248 256.711
      vertex 341.21206968245235 -2.204139302222609 256.711
    endloop
  endfacet
  facet normal -0.07129191813066438 0.996525169413517 0.04307028133889776
    outer loop
      vertex 337.4461745156009 -2.179178772334505 249.9
      vertex 341.21206968245235 -2.204139302222609 256.711
      vertex 341.39653096350094 -2.1909428482338624 256.711
    endloop
  endfacet
  facet normal -0.07170431769275365 0.9964853077832464 0.04330729957345835
    outer loop
      vertex 337.6311801598313 -2.1658806551952243 249.9
      vertex 341.39653096350094 -2.1909428482338624 256.711
      vertex 342.2887067353596 -2.126744355307315 256.711
    endloop
  endfacet
  facet normal -0.07231852140520814 0.9964241808404498 0.043690769027370034
    outer loop
      vertex 338.525988741695 -2.1011893491478437 249.9
      vertex 342.2887067353596 -2.126744355307315 256.711
      vertex 342.46278545778557 -2.1141100615436534 256.711
    endloop
  endfacet
  facet normal -0.07312544363588687 0.9963452722081713 0.04414485294436749
    outer loop
      vertex 338.70058114486716 -2.08845857838216 249.9
      vertex 342.46278545778557 -2.1141100615436534 256.711
      vertex 343.32524256426683 -2.0508111627707506 256.711
    endloop
  endfacet
  facet normal -0.07346134509146565 0.9963104255388803 0.04437304068787755
    outer loop
      vertex 339.5655830769176 -2.0246796052918996 249.9
      vertex 343.32524256426683 -2.0508111627707506 256.711
      vertex 343.3252425655368 -2.0508111626771095 256.711
    endloop
  endfacet
  facet normal -0.07394204352622606 0.9962630199458247 0.04463820434998483
    outer loop
      vertex 339.5655830769176 -2.0246796052918996 249.9
      vertex 343.3252425655368 -2.0508111626771095 256.711
      vertex 343.48893915507404 -2.038661700028869 256.711
    endloop
  endfacet
  facet normal -0.06815344643729655 0.9968265449603313 0.04113328337450541
    outer loop
      vertex 337.96366966702647 -2.4307774701506726 256.711
      vertex 338.79927106736443 -2.423040491985355 257.90800364348775
      vertex 338.9415413321627 -2.3639199767488828 256.711
    endloop
  endfacet
  facet normal -0.06883401244136927 0.9967637766583781 0.04151930000551964
    outer loop
      vertex 338.9415413321627 -2.3639199767488828 256.711
      vertex 339.63922040482674 -2.365600117473342 257.90800364348775
      vertex 339.1465633097977 -2.3497616719531433 256.711
    endloop
  endfacet
  facet normal -0.06781783864373012 0.9968590820721958 0.04089879279235925
    outer loop
      vertex 337.96366966702647 -2.4307774701506726 256.711
      vertex 338.62545170194875 -2.4348656876312753 257.90800364348775
      vertex 338.79927106736443 -2.423040491985355 257.90800364348775
    endloop
  endfacet
  facet normal -0.06815344643729662 0.9968265449603311 0.0411332833745054
    outer loop
      vertex 338.9415413321627 -2.3639199767488828 256.711
      vertex 338.79927106736443 -2.423040491985355 257.90800364348775
      vertex 339.60277718117766 -2.368104444017261 257.90800364348775
    endloop
  endfacet
  facet normal -0.06849833796742912 0.9967950290664779 0.04132369446285834
    outer loop
      vertex 338.9415413321627 -2.3639199767488828 256.711
      vertex 339.60277718117766 -2.368104444017261 257.90800364348775
      vertex 339.63922040482674 -2.365600117473342 257.90800364348775
    endloop
  endfacet
  facet normal -0.06964346002974711 0.9966868287119853 0.04201373521993248
    outer loop
      vertex 339.1465633097977 -2.3497616719531433 256.711
      vertex 339.97647513192004 -2.342229379500655 257.90800364348775
      vertex 340.096143182053 -2.2834098089873947 256.711
    endloop
  endfacet
  facet normal -0.06883401244137109 0.9967637766583779 0.041519300005520385
    outer loop
      vertex 339.1465633097977 -2.3497616719531433 256.711
      vertex 339.63922040482674 -2.365600117473342 257.90800364348775
      vertex 339.8076846505648 -2.353966398172331 257.90800364348775
    endloop
  endfacet
  facet normal -0.06930794434746083 0.9967200032135652 0.041780905259221054
    outer loop
      vertex 339.1465633097977 -2.3497616719531433 256.711
      vertex 339.8076846505648 -2.353966398172331 257.90800364348775
      vertex 339.97647513192004 -2.342229379500655 257.90800364348775
    endloop
  endfacet
  facet normal -0.07035485768086874 0.996619831277568 0.042415868551482015
    outer loop
      vertex 340.096143182053 -2.2834098089873947 256.711
      vertex 340.79136823877803 -2.285275604968371 257.90800364348775
      vertex 340.29098699969927 -2.26965510671248 256.711
    endloop
  endfacet
  facet normal -0.06964346002974693 0.9966868287119852 0.042013735219932485
    outer loop
      vertex 340.096143182053 -2.2834098089873947 256.711
      vertex 339.97647513192004 -2.342229379500655 257.90800364348775
      vertex 340.75673419874227 -2.2877088023567747 257.90800364348775
    endloop
  endfacet
  facet normal -0.0708849947024009 0.9965677991105097 0.04275440681468123
    outer loop
      vertex 340.29098699969927 -2.26965510671248 256.711
      vertex 341.1151942795851 -2.262383400820992 257.90800364348775
      vertex 341.21206968245235 -2.204139302222609 256.711
    endloop
  endfacet
  facet normal -0.07001927594937868 0.9966517381876864 0.042221010918595626
    outer loop
      vertex 340.096143182053 -2.2834098089873947 256.711
      vertex 340.75673419874227 -2.2877088023567747 257.90800364348775
      vertex 340.79136823877803 -2.285275604968371 257.90800364348775
    endloop
  endfacet
  facet normal -0.07035485768089629 0.9966198312775656 0.0424158685514935
    outer loop
      vertex 340.29098699969927 -2.26965510671248 256.711
      vertex 340.79136823877803 -2.285275604968371 257.90800364348775
      vertex 340.95146920529453 -2.273973521304831 257.90800364348775
    endloop
  endfacet
  facet normal -0.07054955645452125 0.9966014924341199 0.042523233204392046
    outer loop
      vertex 340.29098699969927 -2.26965510671248 256.711
      vertex 340.95146920529453 -2.273973521304831 257.90800364348775
      vertex 341.1151942795851 -2.262383400820992 257.90800364348775
    endloop
  endfacet
  facet normal -0.07088499470240049 0.9965677991105099 0.04275440681468126
    outer loop
      vertex 341.21206968245235 -2.204139302222609 256.711
      vertex 341.1151942795851 -2.262383400820992 257.90800364348775
      vertex 341.8720375273302 -2.2085498034934044 257.90800364348775
    endloop
  endfacet
  facet normal -0.07129217096784426 0.996528703595512 0.0429880130843445
    outer loop
      vertex 341.21206968245235 -2.204139302222609 256.711
      vertex 341.9048260493852 -2.2062152112559934 257.90800364348775
      vertex 341.39653096350094 -2.1909428482338624 256.711
    endloop
  endfacet
  facet normal -0.0717044650792685 0.9964873560350301 0.04325990002312908
    outer loop
      vertex 341.39653096350094 -2.1909428482338624 256.711
      vertex 342.21498262195433 -2.1840141296944595 257.90800364348775
      vertex 342.2887067353596 -2.126744355307315 256.711
    endloop
  endfacet
  facet normal -0.07095664706590839 0.9965610053812008 0.042793887306181895
    outer loop
      vertex 341.21206968245235 -2.204139302222609 256.711
      vertex 341.8720375273302 -2.2085498034934044 257.90800364348775
      vertex 341.9048260493852 -2.2062152112559934 257.90800364348775
    endloop
  endfacet
  facet normal -0.07129217096784853 0.9965287035955116 0.04298801308434631
    outer loop
      vertex 341.39653096350094 -2.1909428482338624 256.711
      vertex 341.9048260493852 -2.2062152112559934 257.90800364348775
      vertex 342.0563958027267 -2.195371833910424 257.90800364348775
    endloop
  endfacet
  facet normal -0.07136907733909144 0.9965213700942976 0.04303038165239513
    outer loop
      vertex 341.39653096350094 -2.1909428482338624 256.711
      vertex 342.0563958027267 -2.195371833910424 257.90800364348775
      vertex 342.21498262195433 -2.1840141296944595 257.90800364348775
    endloop
  endfacet
  facet normal -0.07490080975214822 0.9961671921315534 0.045175148247787136
    outer loop
      vertex 339.72976264229817 -2.0124386221019464 249.9
      vertex 343.48893915507404 -2.038661700028869 256.711
      vertex 344.3216788424387 -1.9760488400701892 256.711
    endloop
  endfacet
  facet normal -0.07609295530515957 0.996044914120471 0.045873643932767445
    outer loop
      vertex 340.5649591106286 -1.9493577925054142 249.9
      vertex 344.3216788424387 -1.9760488400701892 256.711
      vertex 344.47478996402447 -1.9643518999358818 256.711
    endloop
  endfacet
  facet normal -0.07742993167937777 0.9959073058814368 0.04661806272363575
    outer loop
      vertex 340.718521903142 -1.9375742613648677 249.9
      vertex 344.47478996402447 -1.9643518999358818 256.711
      vertex 345.27720424866425 -1.9019656890191685 256.711
    endloop
  endfacet
  facet normal -0.07867394658416414 0.9957755978464466 0.047343097304927834
    outer loop
      vertex 341.52330301841494 -1.874731027985445 249.9
      vertex 345.27720424866425 -1.9019656890191685 256.711
      vertex 345.4199336107735 -1.8906889694099904 256.711
    endloop
  endfacet
  facet normal -0.0795605957418971 0.9956814725660403 0.04783844472718229
    outer loop
      vertex 341.6664533379919 -1.8633724819807505 249.9
      vertex 345.4199336107735 -1.8906889694099904 256.711
      vertex 346.19140903381606 -1.8290437084016553 256.711
    endloop
  endfacet
  facet normal -0.08006706245156534 0.9956255871321649 0.04815553714900305
    outer loop
      vertex 342.44020394163886 -1.801282879938526 249.9
      vertex 346.19140903381606 -1.8290437084016553 256.711
      vertex 346.3237554200574 -1.818400564523696 256.711
    endloop
  endfacet
  facet normal -0.08057550855966339 0.995570675516952 0.04844189788882717
    outer loop
      vertex 342.57294061847665 -1.7905633079111214 249.9
      vertex 346.3237554200574 -1.818400564523696 256.711
      vertex 346.58447797614 -1.761908741563383 255.9836595915521
    endloop
  endfacet
  facet normal -0.0723187869506063 0.9964278395968869 0.043606806008620554
    outer loop
      vertex 342.2887067353596 -2.126744355307315 256.711
      vertex 342.9790163871734 -2.129027660674048 257.90800364348775
      vertex 342.46278545778557 -2.1141100615436534 256.711
    endloop
  endfacet
  facet normal 0 0 1
    outer loop
      vertex 343.32524257105683 -2.050811162715476 256.711
      vertex 343.48893915507404 -2.038661700028869 256.711
      vertex 343.3252425655368 -2.0508111626771095 256.711
    endloop
  endfacet
  facet normal -0.07312560757561729 0.9963475059118891 0.044094137703947836
    outer loop
      vertex 342.46278545778557 -2.1141100615436534 256.711
      vertex 343.275359201554 -2.1074466181309965 257.90800364348775
      vertex 343.32524256426683 -2.0508111627707506 256.711
    endloop
  endfacet
  facet normal -0.0734623066137327 0.996323408466379 0.04407896606009332
    outer loop
      vertex 343.275359201554 -2.1074466181309965 257.90800364348775
      vertex 343.3252425655368 -2.0508111626771095 256.711
      vertex 343.32524256426683 -2.0508111627707506 256.711
    endloop
  endfacet
  facet normal 0.006942439994721318 0.9988447796984309 0.047549012567167606
    outer loop
      vertex 343.32524257105683 -2.050811162715476 256.711
      vertex 343.3252425655368 -2.0508111626771095 256.711
      vertex 343.275359201554 -2.1074466181309965 257.90800364348775
    endloop
  endfacet
  facet normal -0.07170446507926531 0.9964873560350302 0.04325990002312928
    outer loop
      vertex 342.2887067353596 -2.126744355307315 256.711
      vertex 342.21498262195433 -2.1840141296944595 257.90800364348775
      vertex 342.9480733871772 -2.131262952415089 257.90800364348775
    endloop
  endfacet
  facet normal -0.07198332717185983 0.9964605744778678 0.04341340945498931
    outer loop
      vertex 342.2887067353596 -2.126744355307315 256.711
      vertex 342.9480733871772 -2.131262952415089 257.90800364348775
      vertex 342.9790163871734 -2.129027660674048 257.90800364348775
    endloop
  endfacet
  facet normal -0.07231878695060714 0.9964278395968867 0.04360680600862091
    outer loop
      vertex 342.46278545778557 -2.1141100615436534 256.711
      vertex 342.9790163871734 -2.129027660674048 257.90800364348775
      vertex 343.1220549092422 -2.1186462040425176 257.90800364348775
    endloop
  endfacet
  facet normal -0.07279031075714877 0.9963821132263916 0.04386633221945996
    outer loop
      vertex 342.46278545778557 -2.1141100615436534 256.711
      vertex 343.1220549092422 -2.1186462040425176 257.90800364348775
      vertex 343.275359201554 -2.1074466181309965 257.90800364348775
    endloop
  endfacet
  facet normal -0.0739423325962951 0.9962668780093571 0.04455153456063965
    outer loop
      vertex 343.32524257105683 -2.050811162715476 256.711
      vertex 344.01312803739955 -2.053284890695381 257.90800364348775
      vertex 343.48893915507404 -2.038661700028869 256.711
    endloop
  endfacet
  facet normal -0.07312560706762099 0.9963475059644473 0.04409413735880826
    outer loop
      vertex 343.32524257105683 -2.050811162715476 256.711
      vertex 343.275359201554 -2.1074466181309965 257.90800364348775
      vertex 343.98403048033435 -2.055434627172042 257.90800364348775
    endloop
  endfacet
  facet normal -0.07360697354364035 0.9963003076589266 0.04435888191190064
    outer loop
      vertex 343.32524257105683 -2.050811162715476 256.711
      vertex 343.98403048033435 -2.055434627172042 257.90800364348775
      vertex 344.01312803739955 -2.053284890695381 257.90800364348775
    endloop
  endfacet
  facet normal -0.07394233259630259 0.9962668780093563 0.04455153456064293
    outer loop
      vertex 343.48893915507404 -2.038661700028869 256.711
      vertex 344.01312803739955 -2.053284890695381 257.90800364348775
      vertex 344.14763567348064 -2.043301814289466 257.90800364348775
    endloop
  endfacet
  facet normal -0.0745658147359168 0.9962050155842008 0.04489438937830716
    outer loop
      vertex 343.48893915507404 -2.038661700028869 256.711
      vertex 344.14763567348064 -2.043301814289466 257.90800364348775
      vertex 344.2956576693112 -2.0322223873188343 257.90800364348775
    endloop
  endfacet
  facet normal -0.07490099501766945 0.996169656129402 0.04512047376071996
    outer loop
      vertex 343.48893915507404 -2.038661700028869 256.711
      vertex 344.2956576693112 -2.0322223873188343 257.90800364348775
      vertex 344.3216788424387 -1.9760488400701892 256.711
    endloop
  endfacet
  facet normal -0.07490099501766886 0.9961696561294021 0.04512047376071998
    outer loop
      vertex 344.3216788424387 -1.9760488400701892 256.711
      vertex 344.2956576693112 -2.0322223873188343 257.90800364348775
      vertex 344.97991047452894 -1.9807741067582967 257.90800364348775
    endloop
  endfacet
  facet normal -0.08057550855966239 0.9955706755169521 0.048441897888827586
    outer loop
      vertex 346.3237554200574 -1.818400564523696 256.711
      vertex 346.58447797614 -1.7972992473937763 256.711
      vertex 346.58447797614 -1.761908741563383 255.9836595915521
    endloop
  endfacet
  facet normal -0.0760932709812185 0.9960490462708375 0.04578331065283405
    outer loop
      vertex 344.3216788424387 -1.9760488400701892 256.711
      vertex 345.0071264467676 -1.978704170520683 257.90800364348775
      vertex 344.47478996402447 -1.9643518999358818 256.711
    endloop
  endfacet
  facet normal -0.077430148570069 0.9959100955393808 0.04655806799211734
    outer loop
      vertex 344.47478996402447 -1.9643518999358818 256.711
      vertex 345.2755677772895 -1.958051965774642 257.90800364348775
      vertex 345.27720424866425 -1.9019656890191685 256.711
    endloop
  endfacet
  facet normal -0.07867430008016334 0.9957800720428669 0.047248308215206536
    outer loop
      vertex 345.27720424866425 -1.9019656890191685 256.711
      vertex 345.9602731393995 -1.9047940547157505 257.90800364348775
      vertex 345.4199336107735 -1.8906889694099904 256.711
    endloop
  endfacet
  facet normal -0.07575805508819491 0.9960833994149311 0.04559143010751911
    outer loop
      vertex 344.3216788424387 -1.9760488400701892 256.711
      vertex 344.97991047452894 -1.9807741067582967 257.90800364348775
      vertex 345.0071264467676 -1.978704170520683 257.90800364348775
    endloop
  endfacet
  facet normal -0.07609327098123206 0.9960490462708361 0.04578331065284007
    outer loop
      vertex 344.47478996402447 -1.9643518999358818 256.711
      vertex 345.0071264467676 -1.978704170520683 257.90800364348775
      vertex 345.13293612780564 -1.9690929267901331 257.90800364348775
    endloop
  endfacet
  facet normal -0.07709514000014032 0.9959465457744858 0.04633376035062049
    outer loop
      vertex 344.47478996402447 -1.9643518999358818 256.711
      vertex 345.13293612780564 -1.9690929267901331 257.90800364348775
      vertex 345.2755677772895 -1.958051965774642 257.90800364348775
    endloop
  endfacet
  facet normal -0.07743014857006607 0.9959100955393809 0.046558067992117355
    outer loop
      vertex 345.27720424866425 -1.9019656890191685 256.711
      vertex 345.2755677772895 -1.958051965774642 257.90800364348775
      vertex 345.93490254125294 -1.906789920174583 257.90800364348775
    endloop
  endfacet
  facet normal -0.07956084263600831 0.9956845623856918 0.04777368047221707
    outer loop
      vertex 345.4199336107735 -1.8906889694099904 256.711
      vertex 346.21468448526116 -1.8846169864745583 257.90800364348775
      vertex 346.19140903381606 -1.8290437084016553 256.711
    endloop
  endfacet
  facet normal -0.08006743812064243 0.9956302585380329 0.04805823172243399
    outer loop
      vertex 346.19140903381606 -1.8290437084016553 256.711
      vertex 346.58447797614 -1.8203582165325185 257.185933926685
      vertex 346.3237554200574 -1.818400564523696 256.711
    endloop
  endfacet
  facet normal -0.08057577324042213 0.9955739458457094 0.04837419890719381
    outer loop
      vertex 346.3237554200574 -1.818400564523696 256.711
      vertex 346.58447797614 -1.81652560707759 257.1066915712731
      vertex 346.58447797614 -1.7972992473937763 256.711
    endloop
  endfacet
  facet normal -0.08006743812065005 0.9956302585380318 0.04805823172244033
    outer loop
      vertex 346.19140903381606 -1.8290437084016553 256.711
      vertex 346.58447797614 -1.8307969179159667 257.40219421310644
      vertex 346.58447797614 -1.8203582165325185 257.185933926685
    endloop
  endfacet
  facet normal -0.07973249137261186 0.9956663091624502 0.04786784534883764
    outer loop
      vertex 346.19140903381606 -1.8290437084016553 256.711
      vertex 346.58447797614 -1.831986433349463 257.4269365100018
      vertex 346.58447797614 -1.8307969179159667 257.40219421310644
    endloop
  endfacet
  facet normal -0.080240981103019 0.9956116876944119 0.048153424363274924
    outer loop
      vertex 346.3237554200574 -1.818400564523696 256.711
      vertex 346.58447797614 -1.8203582165325185 257.185933926685
      vertex 346.58447797614 -1.81652560707759 257.1066915712731
    endloop
  endfacet
  facet normal -0.07833925786873461 0.9958155354059638 0.04705720051925676
    outer loop
      vertex 345.27720424866425 -1.9019656890191685 256.711
      vertex 345.93490254125294 -1.906789920174583 257.90800364348775
      vertex 345.9602731393995 -1.9047940547157505 257.90800364348775
    endloop
  endfacet
  facet normal -0.07867430008018662 0.9957800720428647 0.047248308215217014
    outer loop
      vertex 345.4199336107735 -1.8906889694099904 256.711
      vertex 345.9602731393995 -1.9047940547157505 257.90800364348775
      vertex 346.07755224581416 -1.8955281014493068 257.90800364348775
    endloop
  endfacet
  facet normal -0.0792259816929948 0.9957219144964335 0.047551159989409966
    outer loop
      vertex 345.4199336107735 -1.8906889694099904 256.711
      vertex 346.07755224581416 -1.8955281014493068 257.90800364348775
      vertex 346.21468448526116 -1.8846169864745583 257.90800364348775
    endloop
  endfacet
  facet normal -0.07956084263600864 0.9956845623856919 0.047773680472217084
    outer loop
      vertex 346.19140903381606 -1.8290437084016553 256.711
      vertex 346.21468448526116 -1.8846169864745583 257.90800364348775
      vertex 346.58447797614 -1.831986433349463 257.4269365100018
    endloop
  endfacet
  facet normal -0.07956084263601175 0.9956845623856917 0.04777368047221466
    outer loop
      vertex 346.58447797614 -1.8550683896125755 257.90800364348775
      vertex 346.58447797614 -1.831986433349463 257.4269365100018
      vertex 346.21468448526116 -1.8846169864745583 257.90800364348775
    endloop
  endfacet
  facet normal -0.08197534406293051 0.9954117951331466 0.04934978293337273
    outer loop
      vertex 339.50638260484465 -1.7018229214712572 243
      vertex 343.3154512612115 -1.7302169878400366 249.9
      vertex 343.43797848874624 -1.7201264788834942 249.9
    endloop
  endfacet
  facet normal -0.08358908439282749 0.9952327459827393 0.05024585847634778
    outer loop
      vertex 339.6300135637607 -1.69159835606814 243
      vertex 343.43797848874624 -1.7201264788834942 249.9
      vertex 344.1482342326356 -1.6604724657331982 249.9
    endloop
  endfacet
  facet normal -0.0852596441526574 0.9950423059850315 0.05120158570740893
    outer loop
      vertex 340.3414504287462 -1.6316034330070217 243
      vertex 344.1482342326356 -1.6604724657331982 249.9
      vertex 344.26075707646874 -1.6508310087151876 249.9
    endloop
  endfacet
  facet normal -0.0872233254059862 0.9948155112055427 0.052289484315452814
    outer loop
      vertex 340.4550195284146 -1.6218323080636876 243
      vertex 344.26075707646874 -1.6508310087151876 249.9
      vertex 344.9381478852116 -1.5914388115967453 249.9
    endloop
  endfacet
  facet normal -0.08960411011097091 0.9945322850447507 0.053634293645836696
    outer loop
      vertex 341.1335302350755 -1.5621112093238607 243
      vertex 344.9381478852116 -1.5914388115967453 249.9
      vertex 345.04087082304625 -1.5821838104559391 249.9
    endloop
  endfacet
  facet normal -0.09236093863306409 0.9941966900958333 0.05515794065507741
    outer loop
      vertex 341.23724197957654 -1.5527298194930912 243
      vertex 345.04087082304625 -1.5821838104559391 249.9
      vertex 345.6851964972674 -1.5223259124672528 249.9
    endloop
  endfacet
  facet normal -0.09517265685106707 0.9938425486156504 0.05673758850231402
    outer loop
      vertex 341.8826255962336 -1.4925540082644795 243
      vertex 345.6851964972674 -1.5223259124672528 249.9
      vertex 345.7779154606629 -1.5134469304805005 249.9
    endloop
  endfacet
  facet normal -0.09813847492216421 0.9934592159270123 0.058374874986058
    outer loop
      vertex 341.97627508173565 -1.4835519454250239 243
      vertex 345.7779154606629 -1.5134469304805005 249.9
      vertex 346.38876785452067 -1.4531041188434697 249.9
    endloop
  endfacet
  facet normal -0.10449850581180263 0.9925963022966944 0.061908343137496574
    outer loop
      vertex 342.6721185681221 -1.4142988502227063 243
      vertex 346.4718909893186 -1.4446203687888715 249.9
      vertex 346.58447797614 -1.387123774996656 249.16818047132207
    endloop
  endfacet
  facet normal -0.1048312988846412 0.9925480084479003 0.06211964021358954
    outer loop
      vertex 343.249721966116 -1.3532933230980697 243
      vertex 346.58447797614 -1.387123774996656 249.16818047132207
      vertex 346.58447797614 -1.3801599274060559 249.05691207000135
    endloop
  endfacet
  facet normal -0.10135099723356282 0.9930293267400636 0.0601725152701678
    outer loop
      vertex 342.5881233871542 -1.422902343670524 243
      vertex 346.38876785452067 -1.4531041188434697 249.9
      vertex 346.4718909893186 -1.4446203687888715 249.9
    endloop
  endfacet
  facet normal -0.10449850581180288 0.9925963022966944 0.06190834313749652
    outer loop
      vertex 346.4718909893186 -1.4446203687888715 249.9
      vertex 346.58447797614 -1.432767441400898 249.9
      vertex 346.58447797614 -1.387123774996656 249.16818047132207
    endloop
  endfacet
  facet normal -0.08197572887881222 0.9954164678828873 0.04925480019596429
    outer loop
      vertex 343.3154512612115 -1.7302169878400366 249.9
      vertex 346.58447797614 -1.745626834556832 255.65213099520886
      vertex 343.43797848874624 -1.7201264788834942 249.9
    endloop
  endfacet
  facet normal -0.0872236733271891 0.9948194793804284 0.05221335324000284
    outer loop
      vertex 344.26075707646874 -1.6508310087151876 249.9
      vertex 346.58447797614 -1.6042894217347192 252.89507665420788
      vertex 344.9381478852116 -1.5914388115967453 249.9
    endloop
  endfacet
  facet normal -0.08960463158266757 0.9945380729537788 0.053525988494546886
    outer loop
      vertex 344.9381478852116 -1.5914388115967453 249.9
      vertex 346.58447797614 -1.5942591356685158 252.70842493817483
      vertex 345.04087082304625 -1.5821838104559391 249.9
    endloop
  endfacet
  facet normal -0.09517329640194508 0.9938492271396716 0.05661940803174032
    outer loop
      vertex 345.6851964972674 -1.5223259124672528 249.9
      vertex 346.58447797614 -1.5198575219139576 251.36830172875085
      vertex 345.7779154606629 -1.5134469304805005 249.9
    endloop
  endfacet
  facet normal -0.09813903665417621 0.9934649023598274 0.05827707322583079
    outer loop
      vertex 345.7779154606629 -1.5134469304805005 249.9
      vertex 346.58447797614 -1.454680489320409 250.25645015082782
      vertex 346.38876785452067 -1.4531041188434697 249.9
    endloop
  endfacet
  facet normal -0.0981390366541756 0.9934649023598274 0.05827707322582941
    outer loop
      vertex 345.7779154606629 -1.5134469304805005 249.9
      vertex 346.58447797614 -1.507843900523663 251.16274108475116
      vertex 346.58447797614 -1.454680489320409 250.25645015082782
    endloop
  endfacet
  facet normal -0.09236137942551009 0.9942014348980982 0.055071611899230676
    outer loop
      vertex 345.04087082304625 -1.5821838104559391 249.9
      vertex 346.58447797614 -1.5294590973406623 251.5369722513658
      vertex 345.6851964972674 -1.5223259124672528 249.9
    endloop
  endfacet
  facet normal -0.09780563748635089 0.993510261067055 0.058063916767308765
    outer loop
      vertex 345.7779154606629 -1.5134469304805005 249.9
      vertex 346.58447797614 -1.5198575219139576 251.36830172875085
      vertex 346.58447797614 -1.507843900523663 251.16274108475116
    endloop
  endfacet
  facet normal -0.09517329640193334 0.9938492271396732 0.05661940803173313
    outer loop
      vertex 345.6851964972674 -1.5223259124672528 249.9
      vertex 346.58447797614 -1.5272180500316033 251.4975022173353
      vertex 346.58447797614 -1.5198575219139576 251.36830172875085
    endloop
  endfacet
  facet normal -0.09483950186389185 0.9938918147321228 0.05643163558409978
    outer loop
      vertex 345.6851964972674 -1.5223259124672528 249.9
      vertex 346.58447797614 -1.5294590973406623 251.5369722513658
      vertex 346.58447797614 -1.5272180500316033 251.4975022173353
    endloop
  endfacet
  facet normal -0.10135178749043448 0.9930370696165037 0.060043263901630735
    outer loop
      vertex 346.38876785452067 -1.4531041188434697 249.9
      vertex 346.58447797614 -1.4455288720720787 250.10506996123297
      vertex 346.4718909893186 -1.4446203687888715 249.9
    endloop
  endfacet
  facet normal -0.1044992226295038 0.9926031111079192 0.06179786637667328
    outer loop
      vertex 346.4718909893186 -1.4446203687888715 249.9
      vertex 346.58447797614 -1.4438330002844704 250.07773604200239
      vertex 346.58447797614 -1.432767441400898 249.9
    endloop
  endfacet
  facet normal -0.1013517874904284 0.9930370696165047 0.06004326390162492
    outer loop
      vertex 346.38876785452067 -1.4531041188434697 249.9
      vertex 346.58447797614 -1.4542146632108504 250.24872158873075
      vertex 346.58447797614 -1.4455288720720787 250.10506996123297
    endloop
  endfacet
  facet normal -0.10416639068895286 0.9926512109310993 0.0615868207318631
    outer loop
      vertex 346.4718909893186 -1.4446203687888715 249.9
      vertex 346.58447797614 -1.4455288720720787 250.10506996123297
      vertex 346.58447797614 -1.4438330002844704 250.07773604200239
    endloop
  endfacet
  facet normal -0.10101851734469394 0.9930823098712526 0.059856369537897886
    outer loop
      vertex 346.38876785452067 -1.4531041188434697 249.9
      vertex 346.58447797614 -1.454680489320409 250.25645015082782
      vertex 346.58447797614 -1.4542146632108504 250.24872158873075
    endloop
  endfacet
  facet normal -0.0852600844132984 0.9950474441482002 0.051100899209032304
    outer loop
      vertex 344.1482342326356 -1.6604724657331982 249.9
      vertex 346.58447797614 -1.6687088680470281 254.12516945172945
      vertex 344.26075707646874 -1.6508310087151876 249.9
    endloop
  endfacet
  facet normal -0.08358937326068723 0.9952361853164198 0.05017720712341702
    outer loop
      vertex 343.43797848874624 -1.7201264788834942 249.9
      vertex 346.58447797614 -1.6983084610276649 254.70895316992858
      vertex 344.1482342326356 -1.6604724657331982 249.9
    endloop
  endfacet
  facet normal -0.09236137942550963 0.9942014348980983 0.05507161189923025
    outer loop
      vertex 345.04087082304625 -1.5821838104559391 249.9
      vertex 346.58447797614 -1.571562735475158 252.2970643569744
      vertex 346.58447797614 -1.5294590973406623 251.5369722513658
    endloop
  endfacet
  facet normal -0.09202749401572427 0.9942442930101785 0.05485641404499683
    outer loop
      vertex 345.04087082304625 -1.5821838104559391 249.9
      vertex 346.58447797614 -1.5942591356685158 252.70842493817483
      vertex 346.58447797614 -1.571562735475158 252.2970643569744
    endloop
  endfacet
  facet normal -0.08722367332718918 0.9948194793804283 0.0522133532400029
    outer loop
      vertex 344.26075707646874 -1.6508310087151876 249.9
      vertex 346.58447797614 -1.6349747574271425 253.47972345016893
      vertex 346.58447797614 -1.6042894217347192 252.89507665420788
    endloop
  endfacet
  facet normal -0.0896046315826572 0.9945380729537802 0.05352598849454081
    outer loop
      vertex 344.9381478852116 -1.5914388115967453 249.9
      vertex 346.58447797614 -1.6000123284746164 252.8153219698344
      vertex 346.58447797614 -1.5942591356685158 252.70842493817483
    endloop
  endfacet
  facet normal -0.08927039172671816 0.9945782642001683 0.05333735596688832
    outer loop
      vertex 344.9381478852116 -1.5914388115967453 249.9
      vertex 346.58447797614 -1.6042894217347192 252.89507665420788
      vertex 346.58447797614 -1.6000123284746164 252.8153219698344
    endloop
  endfacet
  facet normal -0.08325480431911961 0.9952752502051779 0.04995812132982496
    outer loop
      vertex 343.43797848874624 -1.7201264788834942 249.9
      vertex 346.58447797614 -1.7439141099007638 255.61751763121558
      vertex 346.58447797614 -1.6983084610276649 254.70895316992858
    endloop
  endfacet
  facet normal -0.08197572887880343 0.9954164678828883 0.04925480019595955
    outer loop
      vertex 343.43797848874624 -1.7201264788834942 249.9
      vertex 346.58447797614 -1.745626834556832 255.65213099520886
      vertex 346.58447797614 -1.7439141099007638 255.61751763121558
    endloop
  endfacet
  facet normal -0.08164092132107764 0.995453375487402 0.04906462265811314
    outer loop
      vertex 343.3154512612115 -1.7302169878400366 249.9
      vertex 346.58447797614 -1.75486652570712 255.83959155733538
      vertex 346.58447797614 -1.745626834556832 255.65213099520886
    endloop
  endfacet
  facet normal -0.08688937899947231 0.9948601077422595 0.05199617139892097
    outer loop
      vertex 344.26075707646874 -1.6508310087151876 249.9
      vertex 346.58447797614 -1.6687088680470281 254.12516945172945
      vertex 346.58447797614 -1.6349747574271425 253.47972345016893
    endloop
  endfacet
  facet normal -0.08526008441327881 0.9950474441482023 0.05110089920902103
    outer loop
      vertex 344.1482342326356 -1.6604724657331982 249.9
      vertex 346.58447797614 -1.6725816317733437 254.20058072055855
      vertex 346.58447797614 -1.6687088680470281 254.12516945172945
    endloop
  endfacet
  facet normal -0.08492551520213332 0.9950857643637541 0.05091147639045248
    outer loop
      vertex 344.1482342326356 -1.6604724657331982 249.9
      vertex 346.58447797614 -1.6791711789897896 254.32937613356916
      vertex 346.58447797614 -1.6725816317733437 254.20058072055855
    endloop
  endfacet
  facet normal -0.08358937326068666 0.99523618531642 0.05017720712341673
    outer loop
      vertex 344.1482342326356 -1.6604724657331982 249.9
      vertex 346.58447797614 -1.6983084610276649 254.70895316992858
      vertex 346.58447797614 -1.6791711789897896 254.32937613356916
    endloop
  endfacet
  facet normal -0.08091027194380238 0.9955327508634539 0.04866281796427463
    outer loop
      vertex 343.3154512612115 -1.7302169878400366 249.9
      vertex 346.58447797614 -1.761908741563383 255.9836595915521
      vertex 346.58447797614 -1.75486652570712 255.83959155733538
    endloop
  endfacet
  facet normal -0.14562158391285573 -0.9861468123177942 0.07942807346375871
    outer loop
      vertex 346.58447797614 -0.5628041029381148 243.08569795338101
      vertex 315.08447797614 4.081811701429645 243
      vertex 346.58447797614 -0.5697065471298093 243
    endloop
  endfacet
  facet normal -0.14585834403483935 -0.9863173041907263 0.07683436034322595
    outer loop
      vertex 315.08447797614 4.295481295992896 245.6532096718857
      vertex 346.58447797614 -0.5628041029381148 243.08569795338101
      vertex 346.58447797614 -0.562772352521857 243.08610553125152
    endloop
  endfacet
  facet normal -0.14599956084067825 -0.9864156774161651 0.07528771202485222
    outer loop
      vertex 346.58447797614 -0.562772352521857 243.08610553125152
      vertex 346.58447797614 -0.04270506620840597 249.9
      vertex 315.08447797614 4.619615567753974 249.9
    endloop
  endfacet
  facet normal -0.14595393805706336 -0.9861074365643023 0.07930681886329541
    outer loop
      vertex 346.58447797614 -0.010729344466813506 250.29758872504075
      vertex 315.08447797614 4.619615567753974 249.9
      vertex 346.58447797614 -0.04270506620840597 249.9
    endloop
  endfacet
  facet normal -0.14619105736907867 -0.9862799151729255 0.07668183404038868
    outer loop
      vertex 315.08447797614 4.854723004809888 252.82334499599637
      vertex 346.58447797614 -0.010729344466813506 250.29758872504075
      vertex 346.58447797614 -0.010596387701430898 250.29929881177674
    endloop
  endfacet
  facet normal -0.14633247630470325 -0.9863793965069066 0.0751165263121513
    outer loop
      vertex 346.58447797614 -0.010596387701430898 250.29929881177674
      vertex 346.58447797614 0.4776789379150781 256.711
      vertex 316.10098973979404 5 256.711
    endloop
  endfacet
  facet normal -0.14628644220956935 -0.9860690957170641 0.07917079826171854
    outer loop
      vertex 316.10098973979404 5 256.711
      vertex 346.58447797614 0.4776789379150781 256.711
      vertex 340.1594790539717 1.5269542594877812 257.90800364348775
    endloop
  endfacet
  facet normal -0.14652392002564302 -0.9862435455193598 0.07651411491823898
    outer loop
      vertex 346.58447797614 0.5329142557314632 257.3989536531992
      vertex 340.22414034116775 1.517347681764753 257.90800364348775
      vertex 340.1594790539717 1.5269542594877812 257.90800364348775
    endloop
  endfacet
  facet normal -0.14628644220956888 -0.986069095717064 0.07917079826172035
    outer loop
      vertex 346.58447797614 0.4776789379150781 256.711
      vertex 346.58447797614 0.5329142557314632 257.3989536531992
      vertex 340.1594790539717 1.5269542594877812 257.90800364348775
    endloop
  endfacet
  facet normal -0.1465239200256521 -0.9862435455193646 0.07651411491816025
    outer loop
      vertex 346.58447797614 0.5329142557314632 257.3989536531992
      vertex 346.58447797614 0.5331436674251013 257.40191069978283
      vertex 340.22414034116775 1.517347681764753 257.90800364348775
    endloop
  endfacet
  facet normal -0.14666554033337312 -0.9863441237235037 0.07492989306567578
    outer loop
      vertex 346.58447797614 0.5715901783749984 257.90800364348775
      vertex 340.22414034116775 1.517347681764753 257.90800364348775
      vertex 346.58447797614 0.5331436674251013 257.40191069978283
    endloop
  endfacet
  facet normal 0 0 1
    outer loop
      vertex 316.4601487204399 -3.2920457903561084 243
      vertex 317.71427823261007 -3.2130654620577372 243
      vertex 315.08447797614 -3.37832909034046 243
    endloop
  endfacet
  facet normal 0 0 1
    outer loop
      vertex 317.71427823261007 -3.2130654620577372 243
      vertex 317.7146527447415 -3.2130418758575425 243
      vertex 315.08447797614 -3.37832909034046 243
    endloop
  endfacet
  facet normal 0 0 1
    outer loop
      vertex 317.7146527447415 -3.2130418758575425 243
      vertex 318.00257341052173 -3.194811542922551 243
      vertex 315.08447797614 -3.37832909034046 243
    endloop
  endfacet
  facet normal 0 0 1
    outer loop
      vertex 318.00417014432065 -3.1947103442163236 243
      vertex 318.00609883550635 -3.1945876020925827 243
      vertex 315.08447797614 -3.37832909034046 243
    endloop
  endfacet
  facet normal 0 0 1
    outer loop
      vertex 318.00257341052173 -3.194811542922551 243
      vertex 318.00417014432065 -3.1947103442163236 243
      vertex 315.08447797614 -3.37832909034046 243
    endloop
  endfacet
  facet normal 0 0 1
    outer loop
      vertex 318.00609883550635 -3.1945876020925827 243
      vertex 319.2336494987007 -3.116371358916076 243
      vertex 315.08447797614 -3.37832909034046 243
    endloop
  endfacet
  facet normal 0 0 1
    outer loop
      vertex 319.2336494987007 -3.116371358916076 243
      vertex 319.2340072552468 -3.1163485109647433 243
      vertex 315.08447797614 -3.37832909034046 243
    endloop
  endfacet
  facet normal 0 0 1
    outer loop
      vertex 317.54554480128246 -0.9372819894918915 243
      vertex 315.08447797614 -3.37832909034046 243
      vertex 317.5892493822365 -0.9510565162951535 243
    endloop
  endfacet
  facet normal 0 0 1
    outer loop
      vertex 317.5892493822365 -0.9510565162951535 243
      vertex 315.08447797614 -3.37832909034046 243
      vertex 317.63355295525827 -0.9631625667976582 243
    endloop
  endfacet
  facet normal 0 0 1
    outer loop
      vertex 319.2340072552468 -3.1163485109647433 243
      vertex 320.71676286576434 -3.021483477820034 243
      vertex 315.08447797614 -3.37832909034046 243
    endloop
  endfacet
  facet normal 0 0 1
    outer loop
      vertex 320.71676286576434 -3.021483477820034 243
      vertex 320.71829018267266 -3.0213855106452607 243
      vertex 315.08447797614 -3.37832909034046 243
    endloop
  endfacet
  facet normal 0 0 1
    outer loop
      vertex 320.71829018267266 -3.0213855106452607 243
      vertex 320.99332928790506 -3.0037270949311203 243
      vertex 315.08447797614 -3.37832909034046 243
    endloop
  endfacet
  facet normal 0 0 1
    outer loop
      vertex 320.9936780016402 -3.003704668183048 243
      vertex 320.99517047650886 -3.0036084322601893 243
      vertex 315.08447797614 -3.37832909034046 243
    endloop
  endfacet
  facet normal 0 0 1
    outer loop
      vertex 320.99332928790506 -3.0037270949311203 243
      vertex 320.9936780016402 -3.003704668183048 243
      vertex 315.08447797614 -3.37832909034046 243
    endloop
  endfacet
  facet normal 0 0 1
    outer loop
      vertex 320.99517047650886 -3.0036084322601893 243
      vertex 322.1693540183283 -2.9278946183177235 243
      vertex 315.08447797614 -3.37832909034046 243
    endloop
  endfacet
  facet normal 0 0 1
    outer loop
      vertex 322.1693540183283 -2.9278946183177235 243
      vertex 322.43744108661974 -2.9105623721251157 243
      vertex 315.08447797614 -3.37832909034046 243
    endloop
  endfacet
  facet normal 0 0 1
    outer loop
      vertex 322.43744108661974 -2.9105623721251157 243
      vertex 323.5848383812459 -2.8361885932733224 243
      vertex 315.08447797614 -3.37832909034046 243
    endloop
  endfacet
  facet normal 0 0 1
    outer loop
      vertex 323.5848383812459 -2.8361885932733224 243
      vertex 323.5851769883037 -2.8361666386578332 243
      vertex 315.08447797614 -3.37832909034046 243
    endloop
  endfacet
  facet normal 0 0 1
    outer loop
      vertex 323.84549412839146 -2.819199992740568 243
      vertex 315.08447797614 -3.37832909034046 243
      vertex 323.5851769883037 -2.8361666386578332 243
    endloop
  endfacet
  facet normal 0 0 1
    outer loop
      vertex 323.84695149867497 -2.8191048694964853 243
      vertex 323.8472797332803 -2.8190833633387955 243
      vertex 315.08447797614 -3.37832909034046 243
    endloop
  endfacet
  facet normal 0 0 1
    outer loop
      vertex 323.84549412839146 -2.819199992740568 243
      vertex 323.84695149867497 -2.8191048694964853 243
      vertex 315.08447797614 -3.37832909034046 243
    endloop
  endfacet
  facet normal 0 0 1
    outer loop
      vertex 323.8472797332803 -2.8190833633387955 243
      vertex 324.96768882419735 -2.745574128745077 243
      vertex 315.08447797614 -3.37832909034046 243
    endloop
  endfacet
  facet normal 0 0 1
    outer loop
      vertex 324.96768882419735 -2.745574128745077 243
      vertex 324.96911055508497 -2.7454806751424905 243
      vertex 315.08447797614 -3.37832909034046 243
    endloop
  endfacet
  facet normal 0 0 1
    outer loop
      vertex 324.96911055508497 -2.7454806751424905 243
      vertex 325.2214534348009 -2.7288614973506986 243
      vertex 315.08447797614 -3.37832909034046 243
    endloop
  endfacet
  facet normal 0 0 1
    outer loop
      vertex 325.2214534348009 -2.7288614973506986 243
      vertex 317.63355295525827 -0.9631625667976582 243
      vertex 315.08447797614 -3.37832909034046 243
    endloop
  endfacet
  facet normal 0 0 1
    outer loop
      vertex 317.30009949564777 -0.8211492091337039 243
      vertex 315.08447797614 -3.37832909034046 243
      vertex 317.3386460698106 -0.844327925502015 243
    endloop
  endfacet
  facet normal 0 0 1
    outer loop
      vertex 317.2626591807075 -0.7965299180241964 243
      vertex 315.08447797614 -3.37832909034046 243
      vertex 317.30009949564777 -0.8211492091337039 243
    endloop
  endfacet
  facet normal 0 0 1
    outer loop
      vertex 317.22639080802446 -0.7705132427757894 243
      vertex 315.08447797614 -3.37832909034046 243
      vertex 317.2626591807075 -0.7965299180241964 243
    endloop
  endfacet
  facet normal 0 0 1
    outer loop
      vertex 317.19135800464835 -0.7431448254773942 243
      vertex 315.08447797614 -3.37832909034046 243
      vertex 317.22639080802446 -0.7705132427757894 243
    endloop
  endfacet
  facet normal 0 0 1
    outer loop
      vertex 317.1576222300206 -0.7144726796328034 243
      vertex 315.08447797614 -3.37832909034046 243
      vertex 317.19135800464835 -0.7431448254773942 243
    endloop
  endfacet
  facet normal 0 0 1
    outer loop
      vertex 317.50251588508195 -0.9218631515885004 243
      vertex 315.08447797614 -3.37832909034046 243
      vertex 317.54554480128246 -0.9372819894918915 243
    endloop
  endfacet
  facet normal 0 0 1
    outer loop
      vertex 317.4602381209754 -0.9048270524660196 243
      vertex 315.08447797614 -3.37832909034046 243
      vertex 317.50251588508195 -0.9218631515885004 243
    endloop
  endfacet
  facet normal 0 0 1
    outer loop
      vertex 317.41878567852706 -0.8862035792312147 243
      vertex 315.08447797614 -3.37832909034046 243
      vertex 317.4602381209754 -0.9048270524660196 243
    endloop
  endfacet
  facet normal 0 0 1
    outer loop
      vertex 317.3782312794066 -0.8660254037844386 243
      vertex 315.08447797614 -3.37832909034046 243
      vertex 317.41878567852706 -0.8862035792312147 243
    endloop
  endfacet
  facet normal 0 0 1
    outer loop
      vertex 317.3386460698106 -0.844327925502015 243
      vertex 315.08447797614 -3.37832909034046 243
      vertex 317.3782312794066 -0.8660254037844386 243
    endloop
  endfacet
  facet normal 0 0 1
    outer loop
      vertex 317.1252426681534 -0.6845471059286885 243
      vertex 315.08447797614 -3.37832909034046 243
      vertex 317.1576222300206 -0.7144726796328034 243
    endloop
  endfacet
  facet normal 0 0 1
    outer loop
      vertex 317.0942761238009 -0.6534206039901056 243
      vertex 315.08447797614 -3.37832909034046 243
      vertex 317.1252426681534 -0.6845471059286885 243
    endloop
  endfacet
  facet normal 0 0 1
    outer loop
      vertex 317.06477692280436 -0.6211477802783104 243
      vertex 315.08447797614 -3.37832909034046 243
      vertex 317.0942761238009 -0.6534206039901056 243
    endloop
  endfacet
  facet normal 0 0 1
    outer loop
      vertex 317.0103848923602 -0.553391549243344 243
      vertex 315.08447797614 -3.37832909034046 243
      vertex 317.03679681678625 -0.5877852522924731 243
    endloop
  endfacet
  facet normal 0 0 1
    outer loop
      vertex 317.03679681678625 -0.5877852522924731 243
      vertex 315.08447797614 -3.37832909034046 243
      vertex 317.06477692280436 -0.6211477802783104 243
    endloop
  endfacet
  facet normal 0 0 1
    outer loop
      vertex 316.9855874850166 -0.51802700937313 243
      vertex 315.08447797614 -3.37832909034046 243
      vertex 317.0103848923602 -0.553391549243344 243
    endloop
  endfacet
  facet normal 0 0 1
    outer loop
      vertex 316.92130278139666 -0.4067366430758002 243
      vertex 315.08447797614 -3.37832909034046 243
      vertex 316.94100732516034 -0.44463517918492756 243
    endloop
  endfacet
  facet normal 0 0 1
    outer loop
      vertex 316.90336903500827 -0.36812455268467786 243
      vertex 315.08447797614 -3.37832909034046 243
      vertex 316.92130278139666 -0.4067366430758002 243
    endloop
  endfacet
  facet normal 0 0 1
    outer loop
      vertex 316.88723754788026 -0.32886664673858307 243
      vertex 315.08447797614 -3.37832909034046 243
      vertex 316.90336903500827 -0.36812455268467786 243
    endloop
  endfacet
  facet normal 0 0 1
    outer loop
      vertex 316.87293662012246 -0.2890317969444718 243
      vertex 315.08447797614 -3.37832909034046 243
      vertex 316.88723754788026 -0.32886664673858307 243
    endloop
  endfacet
  facet normal 0 0 1
    outer loop
      vertex 316.86049134042196 -0.24868988716485485 243
      vertex 315.08447797614 -3.37832909034046 243
      vertex 316.87293662012246 -0.2890317969444718 243
    endloop
  endfacet
  facet normal 0 0 1
    outer loop
      vertex 316.96244809783394 -0.4817536741017154 243
      vertex 315.08447797614 -3.37832909034046 243
      vertex 316.9855874850166 -0.51802700937313 243
    endloop
  endfacet
  facet normal 0 0 1
    outer loop
      vertex 316.94100732516034 -0.44463517918492756 243
      vertex 315.08447797614 -3.37832909034046 243
      vertex 316.96244809783394 -0.4817536741017154 243
    endloop
  endfacet
  facet normal 0 0 1
    outer loop
      vertex 315.08447797614 -3.37832909034046 243
      vertex 316.86049134042196 -0.24868988716485485 243
      vertex 315.08447797614 4.081811701429645 243
    endloop
  endfacet
  facet normal 0 0 1
    outer loop
      vertex 325.2214534348009 -2.7288614973506986 243
      vertex 317.76927595706076 -0.9892723329629883 243
      vertex 317.72364526893625 -0.9822872507286886 243
    endloop
  endfacet
  facet normal 0 0 1
    outer loop
      vertex 325.2214534348009 -2.7288614973506986 243
      vertex 317.72364526893625 -0.9822872507286886 243
      vertex 317.678377796826 -0.9735789028731603 243
    endloop
  endfacet
  facet normal 0 0 1
    outer loop
      vertex 325.2214534348009 -2.7288614973506986 243
      vertex 317.678377796826 -0.9735789028731603 243
      vertex 317.63355295525827 -0.9631625667976582 243
    endloop
  endfacet
  facet normal 0 0 1
    outer loop
      vertex 325.2214534348009 -2.7288614973506986 243
      vertex 317.8151898094673 -0.9945218953682733 243
      vertex 317.76927595706076 -0.9892723329629883 243
    endloop
  endfacet
  facet normal 0 0 1
    outer loop
      vertex 325.2214534348009 -2.7288614973506986 243
      vertex 317.86130627765704 -0.9980267284282716 243
      vertex 317.8151898094673 -0.9945218953682733 243
    endloop
  endfacet
  facet normal 0 0 1
    outer loop
      vertex 325.2214534348009 -2.7288614973506986 243
      vertex 317.9075444576743 -0.9997806834748455 243
      vertex 317.86130627765704 -0.9980267284282716 243
    endloop
  endfacet
  facet normal 0 0 1
    outer loop
      vertex 325.2214534348009 -2.7288614973506986 243
      vertex 317.9538232320395 -0.9997806834748455 243
      vertex 317.9075444576743 -0.9997806834748455 243
    endloop
  endfacet
  facet normal 0 0 1
    outer loop
      vertex 325.2214534348009 -2.7288614973506986 243
      vertex 318.00006141205677 -0.9980267284282716 243
      vertex 317.9538232320395 -0.9997806834748455 243
    endloop
  endfacet
  facet normal 0 0 1
    outer loop
      vertex 325.2214534348009 -2.7288614973506986 243
      vertex 318.0461778802465 -0.9945218953682733 243
      vertex 318.00006141205677 -0.9980267284282716 243
    endloop
  endfacet
  facet normal 0 0 1
    outer loop
      vertex 325.2214534348009 -2.7288614973506986 243
      vertex 318.092091732653 -0.9892723329629883 243
      vertex 318.0461778802465 -0.9945218953682733 243
    endloop
  endfacet
  facet normal 0 0 1
    outer loop
      vertex 325.2214534348009 -2.7288614973506986 243
      vertex 318.1377224207776 -0.9822872507286886 243
      vertex 318.092091732653 -0.9892723329629883 243
    endloop
  endfacet
  facet normal 0 0 1
    outer loop
      vertex 325.2214534348009 -2.7288614973506986 243
      vertex 318.18298989288775 -0.9735789028731603 243
      vertex 318.1377224207776 -0.9822872507286886 243
    endloop
  endfacet
  facet normal 0 0 1
    outer loop
      vertex 325.2214534348009 -2.7288614973506986 243
      vertex 318.2278147344556 -0.9631625667976581 243
      vertex 318.18298989288775 -0.9735789028731603 243
    endloop
  endfacet
  facet normal 0 0 1
    outer loop
      vertex 325.2214534348009 -2.7288614973506986 243
      vertex 318.27211830747723 -0.9510565162951535 243
      vertex 318.2278147344556 -0.9631625667976581 243
    endloop
  endfacet
  facet normal 0 0 1
    outer loop
      vertex 325.2214534348009 -2.7288614973506986 243
      vertex 318.3158228884313 -0.9372819894918917 243
      vertex 318.27211830747723 -0.9510565162951535 243
    endloop
  endfacet
  facet normal 0 0 1
    outer loop
      vertex 325.2214534348009 -2.7288614973506986 243
      vertex 318.35885180463174 -0.9218631515885004 243
      vertex 318.3158228884313 -0.9372819894918917 243
    endloop
  endfacet
  facet normal 0 0 1
    outer loop
      vertex 325.2214534348009 -2.7288614973506986 243
      vertex 318.40112956873827 -0.9048270524660196 243
      vertex 318.35885180463174 -0.9218631515885004 243
    endloop
  endfacet
  facet normal 0 0 1
    outer loop
      vertex 325.2214534348009 -2.7288614973506986 243
      vertex 318.4425820111867 -0.8862035792312145 243
      vertex 318.40112956873827 -0.9048270524660196 243
    endloop
  endfacet
  facet normal 0 0 1
    outer loop
      vertex 326.3147803239605 -2.6566241519615144 243
      vertex 318.48313641030717 -0.8660254037844386 243
      vertex 318.4425820111867 -0.8862035792312145 243
    endloop
  endfacet
  facet normal 0 0 1
    outer loop
      vertex 326.3147803239605 -2.6566241519615144 243
      vertex 318.52272161990317 -0.8443279255020153 243
      vertex 318.48313641030717 -0.8660254037844386 243
    endloop
  endfacet
  facet normal 0 0 1
    outer loop
      vertex 326.5615775600796 -2.6402038400789194 243
      vertex 318.561268194066 -0.8211492091337039 243
      vertex 318.52272161990317 -0.8443279255020153 243
    endloop
  endfacet
  facet normal 0 0 1
    outer loop
      vertex 326.5615775600796 -2.6402038400789194 243
      vertex 318.59870850900626 -0.7965299180241964 243
      vertex 318.561268194066 -0.8211492091337039 243
    endloop
  endfacet
  facet normal 0 0 1
    outer loop
      vertex 326.5615775600796 -2.6402038400789194 243
      vertex 318.63497688168934 -0.770513242775789 243
      vertex 318.59870850900626 -0.7965299180241964 243
    endloop
  endfacet
  facet normal 0 0 1
    outer loop
      vertex 326.5615775600796 -2.6402038400789194 243
      vertex 318.6700096850654 -0.7431448254773942 243
      vertex 318.63497688168934 -0.770513242775789 243
    endloop
  endfacet
  facet normal 0 0 1
    outer loop
      vertex 326.5615775600796 -2.6402038400789194 243
      vertex 318.70374545969315 -0.7144726796328036 243
      vertex 318.6700096850654 -0.7431448254773942 243
    endloop
  endfacet
  facet normal 0 0 1
    outer loop
      vertex 326.5615775600796 -2.6402038400789194 243
      vertex 318.7361250215604 -0.6845471059286885 243
      vertex 318.70374545969315 -0.7144726796328036 243
    endloop
  endfacet
  facet normal 0 0 1
    outer loop
      vertex 326.5615775600796 -2.6402038400789194 243
      vertex 318.7670915659129 -0.6534206039901056 243
      vertex 318.7361250215604 -0.6845471059286885 243
    endloop
  endfacet
  facet normal 0 0 1
    outer loop
      vertex 326.5615775600796 -2.6402038400789194 243
      vertex 318.7965907669094 -0.6211477802783101 243
      vertex 318.7670915659129 -0.6534206039901056 243
    endloop
  endfacet
  facet normal 0 0 1
    outer loop
      vertex 327.6276884022847 -2.5687344658925064 243
      vertex 318.82457087292755 -0.5877852522924731 243
      vertex 318.7965907669094 -0.6211477802783101 243
    endloop
  endfacet
  facet normal 0 0 1
    outer loop
      vertex 327.6276884022847 -2.5687344658925064 243
      vertex 318.85098279735354 -0.5533915492433443 243
      vertex 318.82457087292755 -0.5877852522924731 243
    endloop
  endfacet
  facet normal 0 0 1
    outer loop
      vertex 327.6276884022847 -2.5687344658925064 243
      vertex 318.8757802046972 -0.51802700937313 243
      vertex 318.85098279735354 -0.5533915492433443 243
    endloop
  endfacet
  facet normal 0 0 1
    outer loop
      vertex 327.6276884022847 -2.5687344658925064 243
      vertex 318.8989195918798 -0.4817536741017154 243
      vertex 318.8757802046972 -0.51802700937313 243
    endloop
  endfacet
  facet normal 0 0 1
    outer loop
      vertex 327.6276884022847 -2.5687344658925064 243
      vertex 318.9203603645534 -0.4446351791849271 243
      vertex 318.8989195918798 -0.4817536741017154 243
    endloop
  endfacet
  facet normal 0 0 1
    outer loop
      vertex 327.6276884022847 -2.5687344658925064 243
      vertex 318.94006490831714 -0.4067366430758002 243
      vertex 318.9203603645534 -0.4446351791849271 243
    endloop
  endfacet
  facet normal 0 0 1
    outer loop
      vertex 327.6276884022847 -2.5687344658925064 243
      vertex 318.95799865470553 -0.36812455268467836 243
      vertex 318.94006490831714 -0.4067366430758002 243
    endloop
  endfacet
  facet normal 0 0 1
    outer loop
      vertex 318.70374545969315 0.7144726796328034 243
      vertex 322.35030436845926 0 243
      vertex 318.6700096850654 0.7431448254773942 243
    endloop
  endfacet
  facet normal 0 0 1
    outer loop
      vertex 319.03461978623307 -0.04187565372919923 243
      vertex 322.53491054686316 -0.553391549243344 243
      vertex 319.0355889757575 0 243
    endloop
  endfacet
  facet normal 0 0 1
    outer loop
      vertex 319.0355889757575 0 243
      vertex 322.53491054686316 -0.553391549243344 243
      vertex 319.034619786233 0.04187565372919962 243
    endloop
  endfacet
  facet normal 0 0 1
    outer loop
      vertex 319.034619786233 0.04187565372919962 243
      vertex 322.53491054686316 -0.553391549243344 243
      vertex 319.03171391794746 0.08367784333231548 243
    endloop
  endfacet
  facet normal 0 0 1
    outer loop
      vertex 319.03171391794746 0.08367784333231548 243
      vertex 322.53491054686316 -0.553391549243344 243
      vertex 319.02687646878115 0.12533323356430426 243
    endloop
  endfacet
  facet normal 0 0 1
    outer loop
      vertex 319.02687646878115 0.12533323356430426 243
      vertex 322.53491054686316 -0.553391549243344 243
      vertex 319.0201159252637 0.16676874671610226 243
    endloop
  endfacet
  facet normal 0 0 1
    outer loop
      vertex 322.64976832265637 -0.6845471059286885 243
      vertex 319.03461978623307 -0.04187565372919923 243
      vertex 322.6821478845236 -0.7144726796328034 243
    endloop
  endfacet
  facet normal 0 0 1
    outer loop
      vertex 322.6188017783038 -0.6534206039901056 243
      vertex 319.03461978623307 -0.04187565372919923 243
      vertex 322.64976832265637 -0.6845471059286885 243
    endloop
  endfacet
  facet normal 0 0 1
    outer loop
      vertex 322.58930257730725 -0.6211477802783104 243
      vertex 319.03461978623307 -0.04187565372919923 243
      vertex 322.6188017783038 -0.6534206039901056 243
    endloop
  endfacet
  facet normal 0 0 1
    outer loop
      vertex 322.56132247128915 -0.5877852522924731 243
      vertex 319.03461978623307 -0.04187565372919923 243
      vertex 322.58930257730725 -0.6211477802783104 243
    endloop
  endfacet
  facet normal 0 0 1
    outer loop
      vertex 322.53491054686316 -0.553391549243344 243
      vertex 319.03461978623307 -0.04187565372919923 243
      vertex 322.56132247128915 -0.5877852522924731 243
    endloop
  endfacet
  facet normal 0 0 1
    outer loop
      vertex 322.6821478845236 -0.7144726796328034 243
      vertex 319.03461978623307 -0.04187565372919923 243
      vertex 322.69086566541307 -0.7218819502917014 243
    endloop
  endfacet
  facet normal 0 0 1
    outer loop
      vertex 322.5101131395195 -0.51802700937313 243
      vertex 319.0114441476858 0.20791169081775934 243
      vertex 322.53491054686316 -0.553391549243344 243
    endloop
  endfacet
  facet normal 0 0 1
    outer loop
      vertex 322.4655329796633 -0.44463517918492756 243
      vertex 319.00087634929184 0.2486898871648548 243
      vertex 322.4869737523369 -0.4817536741017154 243
    endloop
  endfacet
  facet normal 0 0 1
    outer loop
      vertex 322.4869737523369 -0.4817536741017154 243
      vertex 319.0114441476858 0.20791169081775934 243
      vertex 322.5101131395195 -0.51802700937313 243
    endloop
  endfacet
  facet normal 0 0 1
    outer loop
      vertex 322.44582843589956 -0.4067366430758002 243
      vertex 319.00087634929184 0.2486898871648548 243
      vertex 322.4655329796633 -0.44463517918492756 243
    endloop
  endfacet
  facet normal 0 0 1
    outer loop
      vertex 322.42789468951116 -0.36812455268467786 243
      vertex 319.00087634929184 0.2486898871648548 243
      vertex 322.44582843589956 -0.4067366430758002 243
    endloop
  endfacet
  facet normal 0 0 1
    outer loop
      vertex 322.41176320238316 -0.32886664673858307 243
      vertex 319.00087634929184 0.2486898871648548 243
      vertex 322.42789468951116 -0.36812455268467786 243
    endloop
  endfacet
  facet normal 0 0 1
    outer loop
      vertex 322.3974622746254 -0.2890317969444718 243
      vertex 319.00087634929184 0.2486898871648548 243
      vertex 322.41176320238316 -0.32886664673858307 243
    endloop
  endfacet
  facet normal 0 0 1
    outer loop
      vertex 322.3850169949249 -0.24868988716485485 243
      vertex 319.00087634929184 0.2486898871648548 243
      vertex 322.3974622746254 -0.2890317969444718 243
    endloop
  endfacet
  facet normal 0 0 1
    outer loop
      vertex 319.0114441476858 0.20791169081775934 243
      vertex 322.4869737523369 -0.4817536741017154 243
      vertex 319.00087634929184 0.2486898871648548 243
    endloop
  endfacet
  facet normal 0 0 1
    outer loop
      vertex 319.0201159252637 0.16676874671610226 243
      vertex 322.53491054686316 -0.553391549243344 243
      vertex 319.0114441476858 0.20791169081775934 243
    endloop
  endfacet
  facet normal 0 0 1
    outer loop
      vertex 319.00087634929184 0.2486898871648548 243
      vertex 322.3850169949249 -0.24868988716485485 243
      vertex 318.98843106959123 0.2890317969444716 243
    endloop
  endfacet
  facet normal 0 0 1
    outer loop
      vertex 318.98843106959123 0.2890317969444716 243
      vertex 322.3850169949249 -0.24868988716485485 243
      vertex 318.97413014183354 0.32886664673858323 243
    endloop
  endfacet
  facet normal 0 0 1
    outer loop
      vertex 318.97413014183354 0.32886664673858323 243
      vertex 322.3850169949249 -0.24868988716485485 243
      vertex 318.95799865470553 0.368124552684678 243
    endloop
  endfacet
  facet normal 0 0 1
    outer loop
      vertex 318.95799865470553 0.368124552684678 243
      vertex 322.3850169949249 -0.24868988716485485 243
      vertex 318.94006490831714 0.4067366430758002 243
    endloop
  endfacet
  facet normal 0 0 1
    outer loop
      vertex 318.94006490831714 0.4067366430758002 243
      vertex 322.3850169949249 -0.24868988716485485 243
      vertex 318.9203603645534 0.44463517918492745 243
    endloop
  endfacet
  facet normal 0 0 1
    outer loop
      vertex 318.9203603645534 0.44463517918492745 243
      vertex 322.3850169949249 -0.24868988716485485 243
      vertex 318.8989195918798 0.4817536741017153 243
    endloop
  endfacet
  facet normal 0 0 1
    outer loop
      vertex 318.8757802046972 0.5180270093731302 243
      vertex 318.8989195918798 0.4817536741017153 243
      vertex 322.3744491965309 -0.20791169081775934 243
    endloop
  endfacet
  facet normal 0 0 1
    outer loop
      vertex 318.8757802046972 0.5180270093731302 243
      vertex 322.35030436845926 0 243
      vertex 318.85098279735354 0.5533915492433441 243
    endloop
  endfacet
  facet normal 0 0 1
    outer loop
      vertex 318.85098279735354 0.5533915492433441 243
      vertex 322.35030436845926 0 243
      vertex 318.82457087292755 0.5877852522924731 243
    endloop
  endfacet
  facet normal 0 0 1
    outer loop
      vertex 318.7965907669094 0.6211477802783103 243
      vertex 322.35030436845926 0 243
      vertex 318.7670915659129 0.6534206039901054 243
    endloop
  endfacet
  facet normal 0 0 1
    outer loop
      vertex 318.82457087292755 0.5877852522924731 243
      vertex 322.35030436845926 0 243
      vertex 318.7965907669094 0.6211477802783103 243
    endloop
  endfacet
  facet normal 0 0 1
    outer loop
      vertex 318.7670915659129 0.6534206039901054 243
      vertex 322.35030436845926 0 243
      vertex 318.7361250215604 0.6845471059286887 243
    endloop
  endfacet
  facet normal 0 0 1
    outer loop
      vertex 318.7361250215604 0.6845471059286887 243
      vertex 322.35030436845926 0 243
      vertex 318.70374545969315 0.7144726796328034 243
    endloop
  endfacet
  facet normal 0 0 1
    outer loop
      vertex 322.3590168754356 -0.12533323356430406 243
      vertex 318.8757802046972 0.5180270093731302 243
      vertex 322.365777418953 -0.16676874671610217 243
    endloop
  endfacet
  facet normal 0 0 1
    outer loop
      vertex 322.3744491965309 -0.20791169081775934 243
      vertex 318.8989195918798 0.4817536741017153 243
      vertex 322.3850169949249 -0.24868988716485485 243
    endloop
  endfacet
  facet normal 0 0 1
    outer loop
      vertex 322.365777418953 -0.16676874671610217 243
      vertex 318.8757802046972 0.5180270093731302 243
      vertex 322.3744491965309 -0.20791169081775934 243
    endloop
  endfacet
  facet normal 0 0 1
    outer loop
      vertex 322.35417942626924 -0.08367784333231569 243
      vertex 318.8757802046972 0.5180270093731302 243
      vertex 322.3590168754356 -0.12533323356430406 243
    endloop
  endfacet
  facet normal 0 0 1
    outer loop
      vertex 322.35417942626924 -0.08367784333231569 243
      vertex 322.35127355798363 -0.04187565372919973 243
      vertex 318.8757802046972 0.5180270093731302 243
    endloop
  endfacet
  facet normal 0 0 1
    outer loop
      vertex 322.35030436845926 0 243
      vertex 318.8757802046972 0.5180270093731302 243
      vertex 322.35127355798363 -0.04187565372919973 243
    endloop
  endfacet
  facet normal 0 0 1
    outer loop
      vertex 322.35127355798363 0.04187565372919973 243
      vertex 318.63497688168934 0.7705132427757891 243
      vertex 322.35030436845926 0 243
    endloop
  endfacet
  facet normal 0 0 1
    outer loop
      vertex 322.35417942626924 0.08367784333231569 243
      vertex 318.561268194066 0.821149209133704 243
      vertex 322.35127355798363 0.04187565372919973 243
    endloop
  endfacet
  facet normal 0 0 1
    outer loop
      vertex 322.3590168754356 0.12533323356430406 243
      vertex 318.561268194066 0.821149209133704 243
      vertex 322.35417942626924 0.08367784333231569 243
    endloop
  endfacet
  facet normal 0 0 1
    outer loop
      vertex 322.365777418953 0.16676874671610217 243
      vertex 318.561268194066 0.821149209133704 243
      vertex 322.3590168754356 0.12533323356430406 243
    endloop
  endfacet
  facet normal 0 0 1
    outer loop
      vertex 322.374449196531 0.20791169081775934 243
      vertex 318.561268194066 0.821149209133704 243
      vertex 322.365777418953 0.16676874671610217 243
    endloop
  endfacet
  facet normal 0 0 1
    outer loop
      vertex 322.3850169949249 0.24868988716485485 243
      vertex 318.561268194066 0.821149209133704 243
      vertex 322.374449196531 0.20791169081775934 243
    endloop
  endfacet
  facet normal 0 0 1
    outer loop
      vertex 325.2214534348009 -2.7288614973506986 243
      vertex 326.3144632598984 -2.6566451388372276 243
      vertex 318.4425820111867 -0.8862035792312145 243
    endloop
  endfacet
  facet normal 0 0 1
    outer loop
      vertex 326.3144632598984 -2.6566451388372276 243
      vertex 326.3147803239605 -2.6566241519615144 243
      vertex 318.4425820111867 -0.8862035792312145 243
    endloop
  endfacet
  facet normal 0 0 1
    outer loop
      vertex 326.3147803239605 -2.6566241519615144 243
      vertex 326.55853538397736 -2.640407099189645 243
      vertex 318.52272161990317 -0.8443279255020153 243
    endloop
  endfacet
  facet normal 0 0 1
    outer loop
      vertex 326.56022710657896 -2.6402942074529343 243
      vertex 326.5615775600796 -2.6402038400789194 243
      vertex 318.52272161990317 -0.8443279255020153 243
    endloop
  endfacet
  facet normal 0 0 1
    outer loop
      vertex 326.559921745084 -2.640314630897008 243
      vertex 326.56022710657896 -2.6402942074529343 243
      vertex 318.52272161990317 -0.8443279255020153 243
    endloop
  endfacet
  facet normal 0 0 1
    outer loop
      vertex 326.55853538397736 -2.640407099189645 243
      vertex 326.559921745084 -2.640314630897008 243
      vertex 318.52272161990317 -0.8443279255020153 243
    endloop
  endfacet
  facet normal 0 0 1
    outer loop
      vertex 326.5615775600796 -2.6402038400789194 243
      vertex 327.62739527596494 -2.5687541735443684 243
      vertex 318.7965907669094 -0.6211477802783101 243
    endloop
  endfacet
  facet normal 0 0 1
    outer loop
      vertex 327.62739527596494 -2.5687541735443684 243
      vertex 327.6276884022847 -2.5687344658925064 243
      vertex 318.7965907669094 -0.6211477802783101 243
    endloop
  endfacet
  facet normal 0 0 1
    outer loop
      vertex 327.6276884022847 -2.5687344658925064 243
      vertex 328.90065895843105 -2.4831284636165294 243
      vertex 318.95799865470553 -0.36812455268467836 243
    endloop
  endfacet
  facet normal 0 0 1
    outer loop
      vertex 328.90065895843105 -2.4831284636165294 243
      vertex 318.9741301418336 -0.32886664673858307 243
      vertex 318.95799865470553 -0.36812455268467836 243
    endloop
  endfacet
  facet normal 0 0 1
    outer loop
      vertex 328.90065895843105 -2.4831284636165294 243
      vertex 318.98843106959123 -0.2890317969444718 243
      vertex 318.9741301418336 -0.32886664673858307 243
    endloop
  endfacet
  facet normal 0 0 1
    outer loop
      vertex 329.12732519755673 -2.467812021635416 243
      vertex 319.00087634929184 -0.24868988716485443 243
      vertex 318.98843106959123 -0.2890317969444718 243
    endloop
  endfacet
  facet normal 0 0 1
    outer loop
      vertex 329.12732519755673 -2.467812021635416 243
      vertex 319.0114441476858 -0.20791169081775934 243
      vertex 319.00087634929184 -0.24868988716485443 243
    endloop
  endfacet
  facet normal 0 0 1
    outer loop
      vertex 329.12732519755673 -2.467812021635416 243
      vertex 319.0201159252637 -0.16676874671610267 243
      vertex 319.0114441476858 -0.20791169081775934 243
    endloop
  endfacet
  facet normal 0 0 1
    outer loop
      vertex 329.12732519755673 -2.467812021635416 243
      vertex 319.02687646878115 -0.12533323356430406 243
      vertex 319.0201159252637 -0.16676874671610267 243
    endloop
  endfacet
  facet normal 0 0 1
    outer loop
      vertex 329.12732519755673 -2.467812021635416 243
      vertex 319.03171391794746 -0.08367784333231569 243
      vertex 319.02687646878115 -0.12533323356430406 243
    endloop
  endfacet
  facet normal 0 0 1
    outer loop
      vertex 330.1380115234677 -2.398972049136438 243
      vertex 319.03461978623307 -0.04187565372919923 243
      vertex 319.03171391794746 -0.08367784333231569 243
    endloop
  endfacet
  facet normal 0 0 1
    outer loop
      vertex 328.90065895843105 -2.4831284636165294 243
      vertex 329.1260109132317 -2.4679010948685103 243
      vertex 318.98843106959123 -0.2890317969444718 243
    endloop
  endfacet
  facet normal 0 0 1
    outer loop
      vertex 329.1260109132317 -2.4679010948685103 243
      vertex 329.12732519755673 -2.467812021635416 243
      vertex 318.98843106959123 -0.2890317969444718 243
    endloop
  endfacet
  facet normal 0 0 1
    outer loop
      vertex 330.355030960057 -2.3840916532868643 243
      vertex 322.69086566541307 -0.7218819502917014 243
      vertex 319.03461978623307 -0.04187565372919923 243
    endloop
  endfacet
  facet normal 0 0 1
    outer loop
      vertex 330.355030960057 -2.3840916532868643 243
      vertex 322.69086566541307 0.7218819502917014 243
      vertex 322.69086566541307 -0.7218819502917014 243
    endloop
  endfacet
  facet normal 0 0 1
    outer loop
      vertex 329.12732519755673 -2.467812021635416 243
      vertex 330.1377308974121 -2.398991195513039 243
      vertex 319.03171391794746 -0.08367784333231569 243
    endloop
  endfacet
  facet normal 0 0 1
    outer loop
      vertex 330.1377308974121 -2.398991195513039 243
      vertex 330.1380115234677 -2.398972049136438 243
      vertex 319.03171391794746 -0.08367784333231569 243
    endloop
  endfacet
  facet normal 0 0 1
    outer loop
      vertex 330.1380115234677 -2.398972049136438 243
      vertex 330.3537533766585 -2.3841794351792545 243
      vertex 319.03461978623307 -0.04187565372919923 243
    endloop
  endfacet
  facet normal 0 0 1
    outer loop
      vertex 330.3537533766585 -2.3841794351792545 243
      vertex 330.355030960057 -2.3840916532868643 243
      vertex 319.03461978623307 -0.04187565372919923 243
    endloop
  endfacet
  facet normal 0 0 1
    outer loop
      vertex 330.355030960057 -2.3840916532868643 243
      vertex 331.3372212211485 -2.3162731412877964 243
      vertex 322.69086566541307 0.7218819502917014 243
    endloop
  endfacet
  facet normal 0 0 1
    outer loop
      vertex 331.3372212211485 -2.3162731412877964 243
      vertex 331.33748908107543 -2.316254552765714 243
      vertex 322.69086566541307 0.7218819502917014 243
    endloop
  endfacet
  facet normal 0 0 1
    outer loop
      vertex 331.33748908107543 -2.316254552765714 243
      vertex 331.5434164353553 -2.301894132779228 243
      vertex 322.69086566541307 0.7218819502917014 243
    endloop
  endfacet
  facet normal 0 0 1
    outer loop
      vertex 331.5434164353553 -2.301894132779228 243
      vertex 331.54465705526013 -2.3018070239870614 243
      vertex 322.69086566541307 0.7218819502917014 243
    endloop
  endfacet
  facet normal 0 0 1
    outer loop
      vertex 331.54465705526013 -2.3018070239870614 243
      vertex 332.49842990452146 -2.2345155910305774 243
      vertex 322.69086566541307 0.7218819502917014 243
    endloop
  endfacet
  facet normal 0 0 1
    outer loop
      vertex 332.49842990452146 -2.2345155910305774 243
      vertex 332.4986844666545 -2.2344975343133093 243
      vertex 322.69086566541307 0.7218819502917014 243
    endloop
  endfacet
  facet normal 0 0 1
    outer loop
      vertex 332.4986844666545 -2.2344975343133093 243
      vertex 332.69438857317414 -2.220549419361661 243
      vertex 322.69086566541307 0.7218819502917014 243
    endloop
  endfacet
  facet normal 0 0 1
    outer loop
      vertex 332.69438857317414 -2.220549419361661 243
      vertex 332.6955919613328 -2.220463415469522 243
      vertex 322.69086566541307 0.7218819502917014 243
    endloop
  endfacet
  facet normal 0 0 1
    outer loop
      vertex 332.6955919613328 -2.220463415469522 243
      vertex 333.62074124414534 -2.15403109890414 243
      vertex 322.69086566541307 0.7218819502917014 243
    endloop
  endfacet
  facet normal 0 0 1
    outer loop
      vertex 333.62074124414534 -2.15403109890414 243
      vertex 333.62098224151083 -2.1540137761288825 243
      vertex 322.69086566541307 0.7218819502917014 243
    endloop
  endfacet
  facet normal 0 0 1
    outer loop
      vertex 333.62098224151083 -2.1540137761288825 243
      vertex 333.80625788736194 -2.1406334386190387 243
      vertex 322.69086566541307 0.7218819502917014 243
    endloop
  endfacet
  facet normal 0 0 1
    outer loop
      vertex 333.80625788736194 -2.1406334386190387 243
      vertex 333.8074235086149 -2.1405491685720817 243
      vertex 322.69086566541307 0.7218819502917014 243
    endloop
  endfacet
  facet normal 0 0 1
    outer loop
      vertex 337.70912839623935 -1.8473579962392936 243
      vertex 337.70931487081975 -1.8473432000438903 243
      vertex 315.08447797614 4.081811701429645 243
    endloop
  endfacet
  facet normal 0 0 1
    outer loop
      vertex 316.8412517644501 -0.16676874671610217 243
      vertex 315.08447797614 4.081811701429645 243
      vertex 316.849923542028 -0.20791169081775934 243
    endloop
  endfacet
  facet normal 0 0 1
    outer loop
      vertex 316.849923542028 -0.20791169081775934 243
      vertex 315.08447797614 4.081811701429645 243
      vertex 316.86049134042196 -0.24868988716485485 243
    endloop
  endfacet
  facet normal 0 0 1
    outer loop
      vertex 316.8344912209326 -0.12533323356430406 243
      vertex 315.08447797614 4.081811701429645 243
      vertex 316.8412517644501 -0.16676874671610217 243
    endloop
  endfacet
  facet normal 0 0 1
    outer loop
      vertex 316.8296537717663 -0.08367784333231569 243
      vertex 315.08447797614 4.081811701429645 243
      vertex 316.8344912209326 -0.12533323356430406 243
    endloop
  endfacet
  facet normal 0 0 1
    outer loop
      vertex 316.82674790348074 -0.04187565372919973 243
      vertex 315.08447797614 4.081811701429645 243
      vertex 316.8296537717663 -0.08367784333231569 243
    endloop
  endfacet
  facet normal 0 0 1
    outer loop
      vertex 316.8257787139563 0 243
      vertex 315.08447797614 4.081811701429645 243
      vertex 316.82674790348074 -0.04187565372919973 243
    endloop
  endfacet
  facet normal 0 0 1
    outer loop
      vertex 316.82674790348074 0.04187565372919973 243
      vertex 315.08447797614 4.081811701429645 243
      vertex 316.8257787139563 0 243
    endloop
  endfacet
  facet normal 0 0 1
    outer loop
      vertex 316.82965377176635 0.08367784333231569 243
      vertex 315.08447797614 4.081811701429645 243
      vertex 316.82674790348074 0.04187565372919973 243
    endloop
  endfacet
  facet normal 0 0 1
    outer loop
      vertex 316.8344912209326 0.12533323356430406 243
      vertex 315.08447797614 4.081811701429645 243
      vertex 316.82965377176635 0.08367784333231569 243
    endloop
  endfacet
  facet normal 0 0 1
    outer loop
      vertex 316.8412517644501 0.16676874671610217 243
      vertex 315.08447797614 4.081811701429645 243
      vertex 316.8344912209326 0.12533323356430406 243
    endloop
  endfacet
  facet normal 0 0 1
    outer loop
      vertex 316.849923542028 0.20791169081775934 243
      vertex 315.08447797614 4.081811701429645 243
      vertex 316.8412517644501 0.16676874671610217 243
    endloop
  endfacet
  facet normal 0 0 1
    outer loop
      vertex 316.86049134042196 0.24868988716485485 243
      vertex 315.08447797614 4.081811701429645 243
      vertex 316.849923542028 0.20791169081775934 243
    endloop
  endfacet
  facet normal 0 0 1
    outer loop
      vertex 316.8729366201225 0.2890317969444718 243
      vertex 315.08447797614 4.081811701429645 243
      vertex 316.86049134042196 0.24868988716485485 243
    endloop
  endfacet
  facet normal 0 0 1
    outer loop
      vertex 316.88723754788026 0.32886664673858307 243
      vertex 315.08447797614 4.081811701429645 243
      vertex 316.8729366201225 0.2890317969444718 243
    endloop
  endfacet
  facet normal 0 0 1
    outer loop
      vertex 316.90336903500827 0.36812455268467786 243
      vertex 315.08447797614 4.081811701429645 243
      vertex 316.88723754788026 0.32886664673858307 243
    endloop
  endfacet
  facet normal 0 0 1
    outer loop
      vertex 316.9213027813966 0.4067366430758002 243
      vertex 315.08447797614 4.081811701429645 243
      vertex 316.90336903500827 0.36812455268467786 243
    endloop
  endfacet
  facet normal 0 0 1
    outer loop
      vertex 316.94100732516034 0.44463517918492756 243
      vertex 315.08447797614 4.081811701429645 243
      vertex 316.9213027813966 0.4067366430758002 243
    endloop
  endfacet
  facet normal 0 0 1
    outer loop
      vertex 316.96244809783394 0.4817536741017154 243
      vertex 315.08447797614 4.081811701429645 243
      vertex 316.94100732516034 0.44463517918492756 243
    endloop
  endfacet
  facet normal 0 0 1
    outer loop
      vertex 316.96244809783394 0.4817536741017154 243
      vertex 316.9855874850166 0.51802700937313 243
      vertex 315.08447797614 4.081811701429645 243
    endloop
  endfacet
  facet normal 0 0 1
    outer loop
      vertex 317.0103848923602 0.553391549243344 243
      vertex 315.08447797614 4.081811701429645 243
      vertex 316.9855874850166 0.51802700937313 243
    endloop
  endfacet
  facet normal 0 0 1
    outer loop
      vertex 317.03679681678625 0.5877852522924731 243
      vertex 315.08447797614 4.081811701429645 243
      vertex 317.0103848923602 0.553391549243344 243
    endloop
  endfacet
  facet normal 0 0 1
    outer loop
      vertex 317.06477692280436 0.6211477802783104 243
      vertex 315.08447797614 4.081811701429645 243
      vertex 317.03679681678625 0.5877852522924731 243
    endloop
  endfacet
  facet normal 0 0 1
    outer loop
      vertex 317.0942761238009 0.6534206039901056 243
      vertex 315.08447797614 4.081811701429645 243
      vertex 317.06477692280436 0.6211477802783104 243
    endloop
  endfacet
  facet normal 0 0 1
    outer loop
      vertex 317.1252426681534 0.6845471059286885 243
      vertex 315.08447797614 4.081811701429645 243
      vertex 317.0942761238009 0.6534206039901056 243
    endloop
  endfacet
  facet normal 0 0 1
    outer loop
      vertex 317.1576222300206 0.7144726796328034 243
      vertex 315.08447797614 4.081811701429645 243
      vertex 317.1252426681534 0.6845471059286885 243
    endloop
  endfacet
  facet normal 0 0 1
    outer loop
      vertex 317.19135800464835 0.7431448254773942 243
      vertex 315.08447797614 4.081811701429645 243
      vertex 317.1576222300206 0.7144726796328034 243
    endloop
  endfacet
  facet normal 0 0 1
    outer loop
      vertex 317.22639080802446 0.7705132427757894 243
      vertex 315.08447797614 4.081811701429645 243
      vertex 317.19135800464835 0.7431448254773942 243
    endloop
  endfacet
  facet normal 0 0 1
    outer loop
      vertex 317.2626591807075 0.7965299180241963 243
      vertex 315.08447797614 4.081811701429645 243
      vertex 317.22639080802446 0.7705132427757894 243
    endloop
  endfacet
  facet normal 0 0 1
    outer loop
      vertex 317.30009949564777 0.821149209133704 243
      vertex 315.08447797614 4.081811701429645 243
      vertex 317.2626591807075 0.7965299180241963 243
    endloop
  endfacet
  facet normal 0 0 1
    outer loop
      vertex 317.3386460698106 0.844327925502015 243
      vertex 315.08447797614 4.081811701429645 243
      vertex 317.30009949564777 0.821149209133704 243
    endloop
  endfacet
  facet normal 0 0 1
    outer loop
      vertex 317.3782312794066 0.8660254037844386 243
      vertex 315.08447797614 4.081811701429645 243
      vertex 317.3386460698106 0.844327925502015 243
    endloop
  endfacet
  facet normal 0 0 1
    outer loop
      vertex 317.41878567852706 0.8862035792312147 243
      vertex 315.08447797614 4.081811701429645 243
      vertex 317.3782312794066 0.8660254037844386 243
    endloop
  endfacet
  facet normal 0 0 1
    outer loop
      vertex 317.4602381209754 0.9048270524660195 243
      vertex 315.08447797614 4.081811701429645 243
      vertex 317.41878567852706 0.8862035792312147 243
    endloop
  endfacet
  facet normal 0 0 1
    outer loop
      vertex 317.50251588508195 0.9218631515885005 243
      vertex 315.08447797614 4.081811701429645 243
      vertex 317.4602381209754 0.9048270524660195 243
    endloop
  endfacet
  facet normal 0 0 1
    outer loop
      vertex 317.54554480128246 0.9372819894918915 243
      vertex 315.08447797614 4.081811701429645 243
      vertex 317.50251588508195 0.9218631515885005 243
    endloop
  endfacet
  facet normal 0 0 1
    outer loop
      vertex 317.5892493822366 0.9510565162951535 243
      vertex 315.08447797614 4.081811701429645 243
      vertex 317.54554480128246 0.9372819894918915 243
    endloop
  endfacet
  facet normal 0 0 1
    outer loop
      vertex 317.6335529552582 0.9631625667976582 243
      vertex 315.08447797614 4.081811701429645 243
      vertex 317.5892493822366 0.9510565162951535 243
    endloop
  endfacet
  facet normal 0 0 1
    outer loop
      vertex 317.67837779682606 0.9735789028731603 243
      vertex 315.08447797614 4.081811701429645 243
      vertex 317.6335529552582 0.9631625667976582 243
    endloop
  endfacet
  facet normal 0 0 1
    outer loop
      vertex 317.72364526893625 0.9822872507286887 243
      vertex 315.08447797614 4.081811701429645 243
      vertex 317.67837779682606 0.9735789028731603 243
    endloop
  endfacet
  facet normal 0 0 1
    outer loop
      vertex 317.7692759570608 0.9892723329629883 243
      vertex 315.08447797614 4.081811701429645 243
      vertex 317.72364526893625 0.9822872507286887 243
    endloop
  endfacet
  facet normal 0 0 1
    outer loop
      vertex 317.8151898094673 0.9945218953682733 243
      vertex 315.08447797614 4.081811701429645 243
      vertex 317.7692759570608 0.9892723329629883 243
    endloop
  endfacet
  facet normal 0 0 1
    outer loop
      vertex 317.861306277657 0.9980267284282716 243
      vertex 315.08447797614 4.081811701429645 243
      vertex 317.8151898094673 0.9945218953682733 243
    endloop
  endfacet
  facet normal 0 0 1
    outer loop
      vertex 317.9075444576743 0.9997806834748455 243
      vertex 315.08447797614 4.081811701429645 243
      vertex 317.861306277657 0.9980267284282716 243
    endloop
  endfacet
  facet normal 0 0 1
    outer loop
      vertex 317.9538232320395 0.9997806834748455 243
      vertex 315.08447797614 4.081811701429645 243
      vertex 317.9075444576743 0.9997806834748455 243
    endloop
  endfacet
  facet normal 0 0 1
    outer loop
      vertex 318.0000614120567 0.9980267284282716 243
      vertex 315.08447797614 4.081811701429645 243
      vertex 317.9538232320395 0.9997806834748455 243
    endloop
  endfacet
  facet normal 0 0 1
    outer loop
      vertex 318.0461778802465 0.9945218953682733 243
      vertex 315.08447797614 4.081811701429645 243
      vertex 318.0000614120567 0.9980267284282716 243
    endloop
  endfacet
  facet normal 0 0 1
    outer loop
      vertex 318.092091732653 0.9892723329629883 243
      vertex 315.08447797614 4.081811701429645 243
      vertex 318.0461778802465 0.9945218953682733 243
    endloop
  endfacet
  facet normal 0 0 1
    outer loop
      vertex 318.13772242077755 0.9822872507286887 243
      vertex 315.08447797614 4.081811701429645 243
      vertex 318.092091732653 0.9892723329629883 243
    endloop
  endfacet
  facet normal 0 0 1
    outer loop
      vertex 318.6700096850654 0.7431448254773942 243
      vertex 322.35030436845926 0 243
      vertex 318.63497688168934 0.7705132427757891 243
    endloop
  endfacet
  facet normal 0 0 1
    outer loop
      vertex 318.59870850900626 0.7965299180241963 243
      vertex 322.35127355798363 0.04187565372919973 243
      vertex 318.561268194066 0.821149209133704 243
    endloop
  endfacet
  facet normal 0 0 1
    outer loop
      vertex 318.63497688168934 0.7705132427757891 243
      vertex 322.35127355798363 0.04187565372919973 243
      vertex 318.59870850900626 0.7965299180241963 243
    endloop
  endfacet
  facet normal 0 0 1
    outer loop
      vertex 318.561268194066 0.821149209133704 243
      vertex 322.3850169949249 0.24868988716485485 243
      vertex 318.5227216199032 0.8443279255020151 243
    endloop
  endfacet
  facet normal 0 0 1
    outer loop
      vertex 318.18298989288775 0.9735789028731603 243
      vertex 322.3850169949249 0.24868988716485485 243
      vertex 318.13772242077755 0.9822872507286887 243
    endloop
  endfacet
  facet normal 0 0 1
    outer loop
      vertex 318.27211830747723 0.9510565162951535 243
      vertex 322.3850169949249 0.24868988716485485 243
      vertex 318.2278147344556 0.9631625667976582 243
    endloop
  endfacet
  facet normal 0 0 1
    outer loop
      vertex 318.2278147344556 0.9631625667976582 243
      vertex 322.3850169949249 0.24868988716485485 243
      vertex 318.18298989288775 0.9735789028731603 243
    endloop
  endfacet
  facet normal 0 0 1
    outer loop
      vertex 318.3158228884313 0.9372819894918915 243
      vertex 322.3850169949249 0.24868988716485485 243
      vertex 318.27211830747723 0.9510565162951535 243
    endloop
  endfacet
  facet normal 0 0 1
    outer loop
      vertex 318.48313641030717 0.8660254037844386 243
      vertex 322.3850169949249 0.24868988716485485 243
      vertex 318.4425820111867 0.8862035792312147 243
    endloop
  endfacet
  facet normal 0 0 1
    outer loop
      vertex 318.4011295687383 0.9048270524660195 243
      vertex 322.3850169949249 0.24868988716485485 243
      vertex 318.3588518046318 0.9218631515885005 243
    endloop
  endfacet
  facet normal 0 0 1
    outer loop
      vertex 318.3588518046318 0.9218631515885005 243
      vertex 322.3850169949249 0.24868988716485485 243
      vertex 318.3158228884313 0.9372819894918915 243
    endloop
  endfacet
  facet normal 0 0 1
    outer loop
      vertex 318.4425820111867 0.8862035792312147 243
      vertex 322.3850169949249 0.24868988716485485 243
      vertex 318.4011295687383 0.9048270524660195 243
    endloop
  endfacet
  facet normal 0 0 1
    outer loop
      vertex 318.5227216199032 0.8443279255020151 243
      vertex 322.3850169949249 0.24868988716485485 243
      vertex 318.48313641030717 0.8660254037844386 243
    endloop
  endfacet
  facet normal 0 0 1
    outer loop
      vertex 322.3974622746254 0.2890317969444718 243
      vertex 315.08447797614 4.081811701429645 243
      vertex 322.3850169949249 0.24868988716485485 243
    endloop
  endfacet
  facet normal 0 0 1
    outer loop
      vertex 322.41176320238316 0.32886664673858307 243
      vertex 315.08447797614 4.081811701429645 243
      vertex 322.3974622746254 0.2890317969444718 243
    endloop
  endfacet
  facet normal 0 0 1
    outer loop
      vertex 322.42789468951116 0.36812455268467786 243
      vertex 315.08447797614 4.081811701429645 243
      vertex 322.41176320238316 0.32886664673858307 243
    endloop
  endfacet
  facet normal 0 0 1
    outer loop
      vertex 322.44582843589956 0.4067366430758002 243
      vertex 315.08447797614 4.081811701429645 243
      vertex 322.42789468951116 0.36812455268467786 243
    endloop
  endfacet
  facet normal 0 0 1
    outer loop
      vertex 318.13772242077755 0.9822872507286887 243
      vertex 322.3850169949249 0.24868988716485485 243
      vertex 315.08447797614 4.081811701429645 243
    endloop
  endfacet
  facet normal 0 0 1
    outer loop
      vertex 322.4655329796633 0.44463517918492756 243
      vertex 315.08447797614 4.081811701429645 243
      vertex 322.44582843589956 0.4067366430758002 243
    endloop
  endfacet
  facet normal 0 0 1
    outer loop
      vertex 322.4869737523369 0.4817536741017154 243
      vertex 315.08447797614 4.081811701429645 243
      vertex 322.4655329796633 0.44463517918492756 243
    endloop
  endfacet
  facet normal 0 0 1
    outer loop
      vertex 322.4869737523369 0.4817536741017154 243
      vertex 322.5101131395195 0.51802700937313 243
      vertex 315.08447797614 4.081811701429645 243
    endloop
  endfacet
  facet normal 0 0 1
    outer loop
      vertex 322.53491054686316 0.553391549243344 243
      vertex 315.08447797614 4.081811701429645 243
      vertex 322.5101131395195 0.51802700937313 243
    endloop
  endfacet
  facet normal 0 0 1
    outer loop
      vertex 322.56132247128915 0.5877852522924731 243
      vertex 315.08447797614 4.081811701429645 243
      vertex 322.53491054686316 0.553391549243344 243
    endloop
  endfacet
  facet normal 0 0 1
    outer loop
      vertex 322.58930257730725 0.6211477802783104 243
      vertex 315.08447797614 4.081811701429645 243
      vertex 322.56132247128915 0.5877852522924731 243
    endloop
  endfacet
  facet normal 0 0 1
    outer loop
      vertex 322.6188017783038 0.6534206039901056 243
      vertex 315.08447797614 4.081811701429645 243
      vertex 322.58930257730725 0.6211477802783104 243
    endloop
  endfacet
  facet normal 0 0 1
    outer loop
      vertex 322.64976832265637 0.6845471059286885 243
      vertex 315.08447797614 4.081811701429645 243
      vertex 322.6188017783038 0.6534206039901056 243
    endloop
  endfacet
  facet normal 0 0 1
    outer loop
      vertex 322.6821478845236 0.7144726796328034 243
      vertex 315.08447797614 4.081811701429645 243
      vertex 322.64976832265637 0.6845471059286885 243
    endloop
  endfacet
  facet normal 0 0 1
    outer loop
      vertex 322.69086566541307 0.7218819502917014 243
      vertex 315.08447797614 4.081811701429645 243
      vertex 322.6821478845236 0.7144726796328034 243
    endloop
  endfacet
  facet normal 0 0 1
    outer loop
      vertex 337.70912839623935 -1.8473579962392936 243
      vertex 315.08447797614 4.081811701429645 243
      vertex 322.69086566541307 0.7218819502917014 243
    endloop
  endfacet
  facet normal 0 0 1
    outer loop
      vertex 333.8074235086149 -2.1405491685720817 243
      vertex 334.70353790771964 -2.0754596404037517 243
      vertex 322.69086566541307 0.7218819502917014 243
    endloop
  endfacet
  facet normal 0 0 1
    outer loop
      vertex 334.70353790771964 -2.0754596404037517 243
      vertex 334.70376534029 -2.075443056681521 243
      vertex 322.69086566541307 0.7218819502917014 243
    endloop
  endfacet
  facet normal 0 0 1
    outer loop
      vertex 334.70376534029 -2.075443056681521 243
      vertex 334.8786125051934 -2.06263442596977 243
      vertex 322.69086566541307 0.7218819502917014 243
    endloop
  endfacet
  facet normal 0 0 1
    outer loop
      vertex 334.8786125051934 -2.06263442596977 243
      vertex 334.87973929884333 -2.0625513443722427 243
      vertex 322.69086566541307 0.7218819502917014 243
    endloop
  endfacet
  facet normal 0 0 1
    outer loop
      vertex 334.87973929884333 -2.0625513443722427 243
      vertex 335.7460032586007 -1.9983855797678216 243
      vertex 322.69086566541307 0.7218819502917014 243
    endloop
  endfacet
  facet normal 0 0 1
    outer loop
      vertex 335.7460032586007 -1.9983855797678216 243
      vertex 335.74621712690845 -1.998369634066799 243
      vertex 322.69086566541307 0.7218819502917014 243
    endloop
  endfacet
  facet normal 0 0 1
    outer loop
      vertex 335.74621712690845 -1.998369634066799 243
      vertex 335.9106361965049 -1.9860550367179703 243
      vertex 322.69086566541307 0.7218819502917014 243
    endloop
  endfacet
  facet normal 0 0 1
    outer loop
      vertex 335.9106361965049 -1.9860550367179703 243
      vertex 335.91172416411456 -1.9859728645560992 243
      vertex 322.69086566541307 0.7218819502917014 243
    endloop
  endfacet
  facet normal 0 0 1
    outer loop
      vertex 335.91172416411456 -1.9859728645560992 243
      vertex 336.74813882204535 -1.9225163574409998 243
      vertex 322.69086566541307 0.7218819502917014 243
    endloop
  endfacet
  facet normal 0 0 1
    outer loop
      vertex 336.74813882204535 -1.9225163574409998 243
      vertex 336.7483388604203 -1.9225010076392535 243
      vertex 322.69086566541307 0.7218819502917014 243
    endloop
  endfacet
  facet normal 0 0 1
    outer loop
      vertex 336.7483388604203 -1.9225010076392535 243
      vertex 336.9021255909661 -1.9106481293818731 243
      vertex 322.69086566541307 0.7218819502917014 243
    endloop
  endfacet
  facet normal 0 0 1
    outer loop
      vertex 336.9021255909661 -1.9106481293818731 243
      vertex 336.903173938055 -1.9105662667244099 243
      vertex 322.69086566541307 0.7218819502917014 243
    endloop
  endfacet
  facet normal 0 0 1
    outer loop
      vertex 336.903173938055 -1.9105662667244099 243
      vertex 337.70912839623935 -1.8473579962392936 243
      vertex 322.69086566541307 0.7218819502917014 243
    endloop
  endfacet
  facet normal 0 0 1
    outer loop
      vertex 337.70931487081975 -1.8473432000438903 243
      vertex 337.85267385622797 -1.8359194569175927 243
      vertex 315.08447797614 4.081811701429645 243
    endloop
  endfacet
  facet normal 0 0 1
    outer loop
      vertex 337.85267385622797 -1.8359194569175927 243
      vertex 337.8536817814607 -1.8358385759770255 243
      vertex 315.08447797614 4.081811701429645 243
    endloop
  endfacet
  facet normal 0 0 1
    outer loop
      vertex 337.8536817814607 -1.8358385759770255 243
      vertex 338.62856009439884 -1.7733955471809397 243
      vertex 315.08447797614 4.081811701429645 243
    endloop
  endfacet
  facet normal 0 0 1
    outer loop
      vertex 338.62856009439884 -1.7733955471809397 243
      vertex 338.6287330036609 -1.7733815833441693 243
      vertex 315.08447797614 4.081811701429645 243
    endloop
  endfacet
  facet normal 0 0 1
    outer loop
      vertex 338.76166312267526 -1.7626012805001392 243
      vertex 315.08447797614 4.081811701429645 243
      vertex 338.6287330036609 -1.7733815833441693 243
    endloop
  endfacet
  facet normal 0 0 1
    outer loop
      vertex 338.76166312267526 -1.7626012805001392 243
      vertex 338.7626303532129 -1.7625226704435986 243
      vertex 315.08447797614 4.081811701429645 243
    endloop
  endfacet
  facet normal 0 0 1
    outer loop
      vertex 338.7626303532129 -1.7625226704435986 243
      vertex 339.5062229949086 -1.7018360658598242 243
      vertex 315.08447797614 4.081811701429645 243
    endloop
  endfacet
  facet normal 0 0 1
    outer loop
      vertex 339.5062229949086 -1.7018360658598242 243
      vertex 339.50638260484465 -1.7018229214712572 243
      vertex 315.08447797614 4.081811701429645 243
    endloop
  endfacet
  facet normal 0 0 1
    outer loop
      vertex 339.50638260484465 -1.7018229214712572 243
      vertex 339.6290883500257 -1.691676064291957 243
      vertex 315.08447797614 4.081811701429645 243
    endloop
  endfacet
  facet normal 0 0 1
    outer loop
      vertex 339.6290883500257 -1.691676064291957 243
      vertex 339.6300135637607 -1.69159835606814 243
      vertex 315.08447797614 4.081811701429645 243
    endloop
  endfacet
  facet normal 0 0 1
    outer loop
      vertex 339.6300135637607 -1.69159835606814 243
      vertex 340.3413038510078 -1.631615992438656 243
      vertex 315.08447797614 4.081811701429645 243
    endloop
  endfacet
  facet normal 0 0 1
    outer loop
      vertex 340.3413038510078 -1.631615992438656 243
      vertex 340.3414504287462 -1.6316034330070217 243
      vertex 315.08447797614 4.081811701429645 243
    endloop
  endfacet
  facet normal 0 0 1
    outer loop
      vertex 340.3414504287462 -1.6316034330070217 243
      vertex 340.45413712614527 -1.621909675233186 243
      vertex 315.08447797614 4.081811701429645 243
    endloop
  endfacet
  facet normal 0 0 1
    outer loop
      vertex 340.45413712614527 -1.621909675233186 243
      vertex 340.4550195284146 -1.6218323080636876 243
      vertex 315.08447797614 4.081811701429645 243
    endloop
  endfacet
  facet normal 0 0 1
    outer loop
      vertex 340.4550195284146 -1.6218323080636876 243
      vertex 341.13339642317214 -1.5621232653392418 243
      vertex 315.08447797614 4.081811701429645 243
    endloop
  endfacet
  facet normal 0 0 1
    outer loop
      vertex 341.13339642317214 -1.5621232653392418 243
      vertex 341.1335302350755 -1.5621112093238607 243
      vertex 315.08447797614 4.081811701429645 243
    endloop
  endfacet
  facet normal 0 0 1
    outer loop
      vertex 341.1335302350755 -1.5621112093238607 243
      vertex 341.2364026495623 -1.5528077933072317 243
      vertex 315.08447797614 4.081811701429645 243
    endloop
  endfacet
  facet normal 0 0 1
    outer loop
      vertex 341.2364026495623 -1.5528077933072317 243
      vertex 341.23724197957654 -1.5527298194930912 243
      vertex 315.08447797614 4.081811701429645 243
    endloop
  endfacet
  facet normal 0 0 1
    outer loop
      vertex 341.23724197957654 -1.5527298194930912 243
      vertex 341.8825048159947 -1.4925655744589912 243
      vertex 315.08447797614 4.081811701429645 243
    endloop
  endfacet
  facet normal 0 0 1
    outer loop
      vertex 341.8825048159947 -1.4925655744589912 243
      vertex 341.8826255962336 -1.4925540082644795 243
      vertex 315.08447797614 4.081811701429645 243
    endloop
  endfacet
  facet normal 0 0 1
    outer loop
      vertex 341.8826255962336 -1.4925540082644795 243
      vertex 341.9754793556473 -1.4836305509113072 243
      vertex 315.08447797614 4.081811701429645 243
    endloop
  endfacet
  facet normal 0 0 1
    outer loop
      vertex 341.9754793556473 -1.4836305509113072 243
      vertex 341.97627508173565 -1.4835519454250239 243
      vertex 315.08447797614 4.081811701429645 243
    endloop
  endfacet
  facet normal 0 0 1
    outer loop
      vertex 341.97627508173565 -1.4835519454250239 243
      vertex 342.58801510690915 -1.4229133950166655 243
      vertex 315.08447797614 4.081811701429645 243
    endloop
  endfacet
  facet normal 0 0 1
    outer loop
      vertex 342.58801510690915 -1.4229133950166655 243
      vertex 342.5881233871542 -1.422902343670524 243
      vertex 315.08447797614 4.081811701429645 243
    endloop
  endfacet
  facet normal 0 0 1
    outer loop
      vertex 342.67136724439996 -1.4143779480454126 243
      vertex 315.08447797614 4.081811701429645 243
      vertex 342.5881233871542 -1.422902343670524 243
    endloop
  endfacet
  facet normal 0 0 1
    outer loop
      vertex 342.67136724439996 -1.4143779480454126 243
      vertex 342.6721185681221 -1.4142988502227063 243
      vertex 315.08447797614 4.081811701429645 243
    endloop
  endfacet
  facet normal 0 0 1
    outer loop
      vertex 342.6721185681221 -1.4142988502227063 243
      vertex 343.249721966116 -1.3532933230980697 243
      vertex 315.08447797614 4.081811701429645 243
    endloop
  endfacet
  facet normal 0 0 1
    outer loop
      vertex 343.249721966116 -1.3532933230980697 243
      vertex 343.249817745431 -1.353282960113354 243
      vertex 315.08447797614 4.081811701429645 243
    endloop
  endfacet
  facet normal 0 0 1
    outer loop
      vertex 343.3234510120484 -1.3452910232932818 243
      vertex 315.08447797614 4.081811701429645 243
      vertex 343.249817745431 -1.353282960113354 243
    endloop
  endfacet
  facet normal 0 0 1
    outer loop
      vertex 343.3234510120484 -1.3452910232932818 243
      vertex 343.3241571292091 -1.3452126353233584 243
      vertex 315.08447797614 4.081811701429645 243
    endloop
  endfacet
  facet normal 0 0 1
    outer loop
      vertex 343.3241571292091 -1.3452126353233584 243
      vertex 343.86700585169666 -1.284764583374501 243
      vertex 315.08447797614 4.081811701429645 243
    endloop
  endfacet
  facet normal 0 0 1
    outer loop
      vertex 343.86700585169666 -1.284764583374501 243
      vertex 343.8670899273706 -1.2847549828420166 243
      vertex 315.08447797614 4.081811701429645 243
    endloop
  endfacet
  facet normal 0 0 1
    outer loop
      vertex 343.9317255724665 -1.2773522587771844 243
      vertex 315.08447797614 4.081811701429645 243
      vertex 343.8670899273706 -1.2847549828420166 243
    endloop
  endfacet
  facet normal 0 0 1
    outer loop
      vertex 343.9317255724665 -1.2773522587771844 243
      vertex 343.9323854183303 -1.2772747963544182 243
      vertex 315.08447797614 4.081811701429645 243
    endloop
  endfacet
  facet normal 0 0 1
    outer loop
      vertex 343.9323854183303 -1.2772747963544182 243
      vertex 344.439660935529 -1.2175503219294368 243
      vertex 315.08447797614 4.081811701429645 243
    endloop
  endfacet
  facet normal 0 0 1
    outer loop
      vertex 344.439660935529 -1.2175503219294368 243
      vertex 344.4397335729404 -1.2175415810275116 243
      vertex 315.08447797614 4.081811701429645 243
    endloop
  endfacet
  facet normal 0 0 1
    outer loop
      vertex 344.4397335729404 -1.2175415810275116 243
      vertex 344.49557563703763 -1.2108027114940423 243
      vertex 315.08447797614 4.081811701429645 243
    endloop
  endfacet
  facet normal 0 0 1
    outer loop
      vertex 344.49557563703763 -1.2108027114940423 243
      vertex 344.49618840749804 -1.2107273603810709 243
      vertex 315.08447797614 4.081811701429645 243
    endloop
  endfacet
  facet normal 0 0 1
    outer loop
      vertex 344.49618840749804 -1.2107273603810709 243
      vertex 344.96727273625794 -1.1526382866036735 243
      vertex 315.08447797614 4.081811701429645 243
    endloop
  endfacet
  facet normal 0 0 1
    outer loop
      vertex 344.96727273625794 -1.1526382866036735 243
      vertex 344.96733473260736 -1.1526304958021367 243
      vertex 315.08447797614 4.081811701429645 243
    endloop
  endfacet
  facet normal 0 0 1
    outer loop
      vertex 345.01499611982445 -1.14662482696643 243
      vertex 345.01556101642166 -1.146551726403731 243
      vertex 315.08447797614 4.081811701429645 243
    endloop
  endfacet
  facet normal 0 0 1
    outer loop
      vertex 345.01499611982445 -1.14662482696643 243
      vertex 315.08447797614 4.081811701429645 243
      vertex 344.96733473260736 -1.1526304958021367 243
    endloop
  endfacet
  facet normal 0 0 1
    outer loop
      vertex 345.01556101642166 -1.146551726403731 243
      vertex 345.4498403259552 -1.090205308714407 243
      vertex 315.08447797614 4.081811701429645 243
    endloop
  endfacet
  facet normal 0 0 1
    outer loop
      vertex 345.4498403259552 -1.090205308714407 243
      vertex 345.44989221381087 -1.090198326706899 243
      vertex 315.08447797614 4.081811701429645 243
    endloop
  endfacet
  facet normal 0 0 1
    outer loop
      vertex 345.48978233702803 -1.0848170839314608 243
      vertex 345.4902985695728 -1.0847448476522425 243
      vertex 315.08447797614 4.081811701429645 243
    endloop
  endfacet
  facet normal 0 0 1
    outer loop
      vertex 345.44989221381087 -1.090198326706899 243
      vertex 345.48978233702803 -1.0848170839314608 243
      vertex 315.08447797614 4.081811701429645 243
    endloop
  endfacet
  facet normal 0 0 1
    outer loop
      vertex 345.4902985695728 -1.0847448476522425 243
      vertex 345.88716511242023 -1.0290755293841345 243
      vertex 315.08447797614 4.081811701429645 243
    endloop
  endfacet
  facet normal 0 0 1
    outer loop
      vertex 345.88716511242023 -1.0290755293841345 243
      vertex 345.88720715709366 -1.0290694620732144 243
      vertex 315.08447797614 4.081811701429645 243
    endloop
  endfacet
  facet normal 0 0 1
    outer loop
      vertex 345.9195300069873 -1.0243939943407854 243
      vertex 345.91999676325526 -1.0243253163568218 243
      vertex 315.08447797614 4.081811701429645 243
    endloop
  endfacet
  facet normal 0 0 1
    outer loop
      vertex 345.9195300069873 -1.0243939943407854 243
      vertex 315.08447797614 4.081811701429645 243
      vertex 345.88720715709366 -1.0290694620732144 243
    endloop
  endfacet
  facet normal 0 0 1
    outer loop
      vertex 345.91999676325526 -1.0243253163568218 243
      vertex 346.278826587107 -0.9714044646495428 243
      vertex 315.08447797614 4.081811701429645 243
    endloop
  endfacet
  facet normal 0 0 1
    outer loop
      vertex 346.30443240431316 -0.9675676095878717 243
      vertex 346.3048738899156 -0.9675008426083818 243
      vertex 315.08447797614 4.081811701429645 243
    endloop
  endfacet
  facet normal 0 0 1
    outer loop
      vertex 346.30443240431316 -0.9675676095878717 243
      vertex 315.08447797614 4.081811701429645 243
      vertex 346.2788598512207 -0.9713994916483747 243
    endloop
  endfacet
  facet normal 0 0 1
    outer loop
      vertex 346.278826587107 -0.9714044646495428 243
      vertex 346.2788598512207 -0.9713994916483747 243
      vertex 315.08447797614 4.081811701429645 243
    endloop
  endfacet
  facet normal 0 0 1
    outer loop
      vertex 346.3048738899156 -0.9675008426083818 243
      vertex 346.58447797614 -0.9251437746017092 243
      vertex 315.08447797614 4.081811701429645 243
    endloop
  endfacet
  facet normal 0 0 1
    outer loop
      vertex 315.08447797614 4.081811701429645 243
      vertex 346.58447797614 -0.9251437746017092 243
      vertex 346.58447797614 -0.5697065471298093 243
    endloop
  endfacet
endsolid OpenSCAD_Model
