solid OpenSCAD_Model
  facet normal -0.42529437434833095 6.7825294251576526e-15 0.9050550785160326
    outer loop
      vertex 313.7646320532483 -4 -330.01264251777854
      vertex 321.9101277598926 -4 -326.18499314864357
      vertex 315.8205996348612 -0.9735789028731603 -329.04652292234334
    endloop
  endfacet
  facet normal 0 -1 0
    outer loop
      vertex 313.7646320532483 -4 -330.01264251777854
      vertex 314.1899264275966 -4 -330.9176975962946
      vertex 315.08447797614 -4 -332.00800364348777
    endloop
  endfacet
  facet normal 0 -1 0
    outer loop
      vertex 313.7646320532483 -4 -330.01264251777854
      vertex 315.08447797614 -4 -332.00800364348777
      vertex 315.08447797614 -4 -331.90800364348775
    endloop
  endfacet
  facet normal 0 -1 0
    outer loop
      vertex 313.7646320532483 -4 -330.01264251777854
      vertex 315.08447797614 -4 -331.90800364348775
      vertex 321.9101277598926 -4 -326.18499314864357
    endloop
  endfacet
  facet normal -0.4252943743491597 -2.0099970706139572e-12 0.905055078515643
    outer loop
      vertex 321.9101277598926 -4 -326.18499314864357
      vertex 315.8576793391536 -0.9822872507286886 -329.029098800859
      vertex 315.8205996348612 -0.9735789028731603 -329.04652292234334
    endloop
  endfacet
  facet normal -0.4252943743487079 2.7836285854437493e-13 0.9050550785158553
    outer loop
      vertex 313.7646320532483 -4 -330.01264251777854
      vertex 315.6419160393805 -0.9048270524660196 -329.13048811932435
      vertex 315.6079613200968 -0.8862035792312147 -329.1464437793021
    endloop
  endfacet
  facet normal -0.4252943743486137 2.0938148078917582e-13 0.9050550785158996
    outer loop
      vertex 313.7646320532483 -4 -330.01264251777854
      vertex 315.6765468000158 -0.9218631515885004 -329.1142147807981
      vertex 315.6419160393805 -0.9048270524660196 -329.13048811932435
    endloop
  endfacet
  facet normal -0.42529437434850176 1.3003813270597965e-13 0.9050550785159522
    outer loop
      vertex 313.7646320532483 -4 -330.01264251777854
      vertex 315.6079613200968 -0.8862035792312147 -329.1464437793021
      vertex 315.57474221028036 -0.8660254037844386 -329.1620537690819
    endloop
  endfacet
  facet normal -0.425294374347919 -2.795611404059976e-13 0.905055078516226
    outer loop
      vertex 313.7646320532483 -4 -330.01264251777854
      vertex 315.57474221028036 -0.8660254037844386 -329.1620537690819
      vertex 315.5423169875377 -0.844327925502015 -329.1772907034374
    endloop
  endfacet
  facet normal -0.4252943743478852 -3.519588313416451e-13 0.9050550785162421
    outer loop
      vertex 313.7646320532483 -4 -330.01264251777854
      vertex 315.7475923494316 -0.9510565162951535 -329.0808297711934
      vertex 315.71179284788104 -0.9372819894918915 -329.09765231268875
    endloop
  endfacet
  facet normal -0.42529437434844186 9.402461624007356e-14 0.9050550785159804
    outer loop
      vertex 313.7646320532483 -4 -330.01264251777854
      vertex 315.78388250017696 -0.9631625667976582 -329.06377666876614
      vertex 315.7475923494316 -0.9510565162951535 -329.0808297711934
    endloop
  endfacet
  facet normal -0.42529437434800227 -2.653478801650383e-13 0.9050550785161869
    outer loop
      vertex 313.7646320532483 -4 -330.01264251777854
      vertex 315.8205996348612 -0.9735789028731603 -329.04652292234334
      vertex 315.78388250017696 -0.9631625667976582 -329.06377666876614
    endloop
  endfacet
  facet normal -0.42529437434834794 8.739298811888502e-15 0.9050550785160246
    outer loop
      vertex 313.7646320532483 -4 -330.01264251777854
      vertex 315.71179284788104 -0.9372819894918915 -329.09765231268875
      vertex 315.6765468000158 -0.9218631515885004 -329.1142147807981
    endloop
  endfacet
  facet normal -0.42529437434892076 3.7806318087172963e-13 0.9050550785157554
    outer loop
      vertex 313.7646320532483 -4 -330.01264251777854
      vertex 315.4800742501659 -0.7965299180241964 -329.20653918419464
      vertex 315.4503659304484 -0.7705132427757894 -329.2204994188225
    endloop
  endfacet
  facet normal -0.42529437434840767 5.211911747037097e-14 0.9050550785159965
    outer loop
      vertex 313.7646320532483 -4 -330.01264251777854
      vertex 315.4503659304484 -0.7705132427757894 -329.2204994188225
      vertex 315.4216696960628 -0.7431448254773942 -329.23398406449644
    endloop
  endfacet
  facet normal -0.4252943743483734 3.2817658821052424e-14 0.9050550785160124
    outer loop
      vertex 313.7646320532483 -4 -330.01264251777854
      vertex 315.5423169875377 -0.844327925502015 -329.1772907034374
      vertex 315.5107425367276 -0.8211492091337039 -329.1921278516082
    endloop
  endfacet
  facet normal -0.4252943743476822 -4.3203023666394453e-13 0.9050550785163373
    outer loop
      vertex 313.7646320532483 -4 -330.01264251777854
      vertex 315.5107425367276 -0.8211492091337039 -329.1921278516082
      vertex 315.4800742501659 -0.7965299180241964 -329.20653918419464
    endloop
  endfacet
  facet normal -0.4252943743483727 3.105323961649985e-14 0.905055078516013
    outer loop
      vertex 313.7646320532483 -4 -330.01264251777854
      vertex 315.39403588995526 -0.7144726796328034 -329.24696946456584
      vertex 315.3675129912118 -0.6845471059286885 -329.2594328382265
    endloop
  endfacet
  facet normal -0.42529437434841993 5.845754003832448e-14 0.9050550785159908
    outer loop
      vertex 313.7646320532483 -4 -330.01264251777854
      vertex 315.4216696960628 -0.7431448254773942 -329.23398406449644
      vertex 315.39403588995526 -0.7144726796328034 -329.24696946456584
    endloop
  endfacet
  facet normal -0.42529437434782597 -2.939670794770838e-13 0.9050550785162699
    outer loop
      vertex 313.7646320532483 -4 -330.01264251777854
      vertex 315.3675129912118 -0.6845471059286885 -329.2594328382265
      vertex 315.34214753000924 -0.6534206039901056 -329.2713523204859
    endloop
  endfacet
  facet normal -0.42529437434893197 3.446571187649049e-13 0.90505507851575
    outer loop
      vertex 313.7646320532483 -4 -330.01264251777854
      vertex 315.34214753000924 -0.6534206039901056 -329.2713523204859
      vertex 315.31798400598586 -0.6211477802783104 -329.282707000522
    endloop
  endfacet
  facet normal -0.4252943743480711 5.567939480531897e-13 0.9050550785161546
    outer loop
      vertex 321.9101277598926 -4 -326.18499314864357
      vertex 316.5122225115391 -0.8443279255020153 -328.7215224603781
      vertex 316.4797972887964 -0.8660254037844386 -328.73675939473355
    endloop
  endfacet
  facet normal -0.4252943743468198 3.681399198931958e-12 0.9050550785167426
    outer loop
      vertex 321.9101277598926 -4 -326.18499314864357
      vertex 315.9704408709557 -0.9980267284282716 -328.976111036626
      vertex 315.93266573300855 -0.9945218953682733 -328.9938619492947
    endloop
  endfacet
  facet normal -0.42529437434923045 -2.1481401752995984e-12 0.9050550785156097
    outer loop
      vertex 321.9101277598926 -4 -326.18499314864357
      vertex 316.0083157060665 -0.9997806834748455 -328.95831327526935
      vertex 315.9704408709557 -0.9980267284282716 -328.976111036626
    endloop
  endfacet
  facet normal -0.4252943743471178 2.940246124386838e-12 0.9050550785166026
    outer loop
      vertex 321.9101277598926 -4 -326.18499314864357
      vertex 316.04622379301026 -0.9997806834748455 -328.9404998885461
      vertex 316.0083157060665 -0.9997806834748455 -328.95831327526935
    endloop
  endfacet
  facet normal -0.42529437434872974 -9.37090101150877e-13 0.9050550785158451
    outer loop
      vertex 321.9101277598926 -4 -326.18499314864357
      vertex 316.1218737660683 -0.9945218953682733 -328.9049512145207
      vertex 316.08409862812107 -0.9980267284282716 -328.9227021271895
    endloop
  endfacet
  facet normal -0.4252943743490865 -1.7644538769133637e-12 0.9050550785156775
    outer loop
      vertex 321.9101277598926 -4 -326.18499314864357
      vertex 316.08409862812107 -0.9980267284282716 -328.9227021271895
      vertex 316.04622379301026 -0.9997806834748455 -328.9404998885461
    endloop
  endfacet
  facet normal -0.4252943743482735 1.4739757221737164e-13 0.9050550785160596
    outer loop
      vertex 321.9101277598926 -4 -326.18499314864357
      vertex 316.19686015992323 -0.9822872507286886 -328.8697143629564
      vertex 316.1594829364238 -0.9892723329629883 -328.8872782916724
    endloop
  endfacet
  facet normal -0.4252943743480084 7.734755634832056e-13 0.9050550785161842
    outer loop
      vertex 321.9101277598926 -4 -326.18499314864357
      vertex 316.1594829364238 -0.9892723329629883 -328.8872782916724
      vertex 316.1218737660683 -0.9945218953682733 -328.9049512145207
    endloop
  endfacet
  facet normal -0.42529437434823064 2.585862924248334e-13 0.9050550785160797
    outer loop
      vertex 321.9101277598926 -4 -326.18499314864357
      vertex 316.2339398642156 -0.9735789028731603 -328.85229024147213
      vertex 316.19686015992323 -0.9822872507286886 -328.8697143629564
    endloop
  endfacet
  facet normal -0.4252943743472598 2.6446619070396233e-12 0.9050550785165359
    outer loop
      vertex 321.9101277598926 -4 -326.18499314864357
      vertex 315.895056562653 -0.9892723329629883 -329.0115348721431
      vertex 315.8576793391536 -0.9822872507286886 -329.029098800859
    endloop
  endfacet
  facet normal -0.4252943743501383 -4.370973658533047e-12 0.9050550785151833
    outer loop
      vertex 321.9101277598926 -4 -326.18499314864357
      vertex 315.93266573300855 -0.9945218953682733 -328.9938619492947
      vertex 315.895056562653 -0.9892723329629883 -329.0115348721431
    endloop
  endfacet
  facet normal -0.42529437434847944 -3.2107442448630705e-13 0.9050550785159627
    outer loop
      vertex 321.9101277598926 -4 -326.18499314864357
      vertex 316.2706569988999 -0.9631625667976581 -328.8350364950493
      vertex 316.2339398642156 -0.9735789028731603 -328.85229024147213
    endloop
  endfacet
  facet normal -0.42529437434841777 -1.981713026616453e-13 0.9050550785159918
    outer loop
      vertex 321.9101277598926 -4 -326.18499314864357
      vertex 316.3069471496452 -0.9510565162951535 -328.817983392622
      vertex 316.2706569988999 -0.9631625667976581 -328.8350364950493
    endloop
  endfacet
  facet normal -0.4252943743483357 8.628160192619749e-15 0.9050550785160302
    outer loop
      vertex 321.9101277598926 -4 -326.18499314864357
      vertex 316.34274665119574 -0.9372819894918917 -328.80116085112667
      vertex 316.3069471496452 -0.9510565162951535 -328.817983392622
    endloop
  endfacet
  facet normal -0.425294374348343 -2.488813233365166e-14 0.9050550785160267
    outer loop
      vertex 321.9101277598926 -4 -326.18499314864357
      vertex 316.377992699061 -0.9218631515885004 -328.78459838301734
      vertex 316.34274665119574 -0.9372819894918917 -328.80116085112667
    endloop
  endfacet
  facet normal -0.42529437434787615 9.92584675440035e-13 0.9050550785162462
    outer loop
      vertex 321.9101277598926 -4 -326.18499314864357
      vertex 316.4126234596963 -0.9048270524660196 -328.7683250444911
      vertex 316.377992699061 -0.9218631515885004 -328.78459838301734
    endloop
  endfacet
  facet normal -0.42529437434858613 -5.501622399289268e-13 0.9050550785159126
    outer loop
      vertex 321.9101277598926 -4 -326.18499314864357
      vertex 316.44657817897996 -0.8862035792312145 -328.7523693845134
      vertex 316.4126234596963 -0.9048270524660196 -328.7683250444911
    endloop
  endfacet
  facet normal -0.4252943743484417 -2.4076161386470654e-13 0.9050550785159804
    outer loop
      vertex 321.9101277598926 -4 -326.18499314864357
      vertex 316.4797972887964 -0.8660254037844386 -328.73675939473355
      vertex 316.44657817897996 -0.8862035792312145 -328.7523693845134
    endloop
  endfacet
  facet normal -0.42529437434895884 -1.2947150273744142e-12 0.9050550785157374
    outer loop
      vertex 321.9101277598926 -4 -326.18499314864357
      vertex 316.5437969623492 -0.8211492091337039 -328.70668531220724
      vertex 316.5122225115391 -0.8443279255020153 -328.7215224603781
    endloop
  endfacet
  facet normal -0.42529437434792955 8.122347275660627e-13 0.905055078516221
    outer loop
      vertex 321.9101277598926 -4 -326.18499314864357
      vertex 316.5744652489109 -0.7965299180241964 -328.6922739796208
      vertex 316.5437969623492 -0.8211492091337039 -328.70668531220724
    endloop
  endfacet
  facet normal -0.42529437434841466 -1.5803138559157987e-13 0.9050550785159931
    outer loop
      vertex 321.9101277598926 -4 -326.18499314864357
      vertex 316.6041735686284 -0.770513242775789 -328.6783137449929
      vertex 316.5744652489109 -0.7965299180241964 -328.6922739796208
    endloop
  endfacet
  facet normal -0.4252943743480653 5.20379704220927e-13 0.9050550785161573
    outer loop
      vertex 321.9101277598926 -4 -326.18499314864357
      vertex 316.632869803014 -0.7431448254773942 -328.66482909931904
      vertex 316.6041735686284 -0.770513242775789 -328.6783137449929
    endloop
  endfacet
  facet normal -0.42529437434838746 -9.993597544824662e-14 0.905055078516006
    outer loop
      vertex 321.9101277598926 -4 -326.18499314864357
      vertex 316.6605036091215 -0.7144726796328036 -328.65184369924964
      vertex 316.632869803014 -0.7431448254773942 -328.66482909931904
    endloop
  endfacet
  facet normal -0.4252943743486629 -6.319171711327696e-13 0.9050550785158765
    outer loop
      vertex 321.9101277598926 -4 -326.18499314864357
      vertex 316.687026507865 -0.6845471059286885 -328.63938032558895
      vertex 316.6605036091215 -0.7144726796328036 -328.65184369924964
    endloop
  endfacet
  facet normal -0.4252943743477566 1.1014556907237765e-12 0.9050550785163024
    outer loop
      vertex 321.9101277598926 -4 -326.18499314864357
      vertex 316.71239196906754 -0.6534206039901056 -328.6274608433296
      vertex 316.687026507865 -0.6845471059286885 -328.63938032558895
    endloop
  endfacet
  facet normal -0.4252943743486497 -6.014066765054398e-13 0.9050550785158828
    outer loop
      vertex 321.9101277598926 -4 -326.18499314864357
      vertex 316.7365554930909 -0.6211477802783101 -328.61610616329347
      vertex 316.71239196906754 -0.6534206039901056 -328.6274608433296
    endloop
  endfacet
  facet normal -0.42529437435012296 -1.1108340181131938e-12 0.9050550785151905
    outer loop
      vertex 321.9101277598926 -4 -326.18499314864357
      vertex 320.3829547317338 -0.9822872507286886 -326.90262692911733
      vertex 320.34587502744137 -0.9735789028731603 -326.9200510506017
    endloop
  endfacet
  facet normal -0.42529437434652645 1.1592235948479708e-12 0.9050550785168804
    outer loop
      vertex 321.9101277598926 -4 -326.18499314864357
      vertex 320.34587502744137 -0.9735789028731603 -326.9200510506017
      vertex 320.3091578927571 -0.9631625667976582 -326.93730479702447
    endloop
  endfacet
  facet normal -0.42529437434990974 -1.017802512334713e-12 0.9050550785152904
    outer loop
      vertex 321.9101277598926 -4 -326.18499314864357
      vertex 320.3091578927571 -0.9631625667976582 -326.93730479702447
      vertex 320.2728677420118 -0.9510565162951535 -326.9543578994518
    endloop
  endfacet
  facet normal -0.4252943743485221 -1.0866945263221107e-13 0.9050550785159427
    outer loop
      vertex 321.9101277598926 -4 -326.18499314864357
      vertex 320.4579411255887 -0.9945218953682733 -326.86739007755307
      vertex 320.42033195523317 -0.9892723329629883 -326.88506300040143
    endloop
  endfacet
  facet normal -0.4252943743475853 4.584939198997703e-13 0.9050550785163829
    outer loop
      vertex 321.9101277598926 -4 -326.18499314864357
      vertex 320.42033195523317 -0.9892723329629883 -326.88506300040143
      vertex 320.3829547317338 -0.9822872507286886 -326.90262692911733
    endloop
  endfacet
  facet normal -0.4252943743476231 4.803710662913721e-13 0.9050550785163651
    outer loop
      vertex 321.9101277598926 -4 -326.18499314864357
      vertex 320.2728677420118 -0.9510565162951535 -326.9543578994518
      vertex 320.2370682404612 -0.9372819894918915 -326.97118044094714
    endloop
  endfacet
  facet normal -0.4252943743490511 -4.814058512168948e-13 0.9050550785156941
    outer loop
      vertex 321.9101277598926 -4 -326.18499314864357
      vertex 320.16719143196065 -0.9048270524660196 -327.00401624758274
      vertex 320.133236712677 -0.8862035792312147 -327.0199719075605
    endloop
  endfacet
  facet normal -0.4252943743483546 -7.338680289996667e-15 0.9050550785160213
    outer loop
      vertex 321.9101277598926 -4 -326.18499314864357
      vertex 320.2370682404612 -0.9372819894918915 -326.97118044094714
      vertex 320.20182219259596 -0.9218631515885004 -326.98774290905646
    endloop
  endfacet
  facet normal -0.4252943743488307 -3.293390818635272e-13 0.9050550785157977
    outer loop
      vertex 321.9101277598926 -4 -326.18499314864357
      vertex 320.20182219259596 -0.9218631515885004 -326.98774290905646
      vertex 320.16719143196065 -0.9048270524660196 -327.00401624758274
    endloop
  endfacet
  facet normal -0.42529437434673 1.1329270215801916e-12 0.9050550785167848
    outer loop
      vertex 321.9101277598926 -4 -326.18499314864357
      vertex 320.133236712677 -0.8862035792312147 -327.0199719075605
      vertex 320.10001760286053 -0.8660254037844386 -327.03558189734025
    endloop
  endfacet
  facet normal -0.42529437434951606 -8.34859474511436e-13 0.9050550785154754
    outer loop
      vertex 321.9101277598926 -4 -326.18499314864357
      vertex 320.10001760286053 -0.8660254037844386 -327.03558189734025
      vertex 320.06759238011784 -0.844327925502015 -327.0508188316958
    endloop
  endfacet
  facet normal -0.4252943743460917 1.6131790154511718e-12 0.9050550785170848
    outer loop
      vertex 321.9101277598926 -4 -326.18499314864357
      vertex 320.06759238011784 -0.844327925502015 -327.0508188316958
      vertex 320.0360179293078 -0.8211492091337039 -327.0656559798665
    endloop
  endfacet
  facet normal -0.4252943743491735 -6.065980017385788e-13 0.9050550785156366
    outer loop
      vertex 321.9101277598926 -4 -326.18499314864357
      vertex 320.0360179293078 -0.8211492091337039 -327.0656559798665
      vertex 320.00534964274607 -0.7965299180241964 -327.080067312453
    endloop
  endfacet
  facet normal -0.42529437434716033 8.591210437168754e-13 0.9050550785165826
    outer loop
      vertex 321.9101277598926 -4 -326.18499314864357
      vertex 320.00534964274607 -0.7965299180241964 -327.080067312453
      vertex 319.9756413230286 -0.7705132427757894 -327.0940275470808
    endloop
  endfacet
  facet normal -0.4252943743520354 -2.711180506828008e-12 0.9050550785142917
    outer loop
      vertex 321.9101277598926 -4 -326.18499314864357
      vertex 319.9756413230286 -0.7705132427757894 -327.0940275470808
      vertex 319.94694508864296 -0.7431448254773942 -327.1075121927548
    endloop
  endfacet
  facet normal -0.42529437435172235 -2.518485052767769e-12 0.9050550785144388
    outer loop
      vertex 321.9101277598926 -4 -326.18499314864357
      vertex 319.892788383792 -0.6845471059286885 -327.1329609664848
      vertex 319.8674229225894 -0.6534206039901056 -327.1448804487443
    endloop
  endfacet
  facet normal -0.4252943743441384 3.1473333933534515e-12 0.9050550785180025
    outer loop
      vertex 321.9101277598926 -4 -326.18499314864357
      vertex 319.8674229225894 -0.6534206039901056 -327.1448804487443
      vertex 319.84325939856603 -0.6211477802783104 -327.15623512878034
    endloop
  endfacet
  facet normal -0.4252943743464871 1.3591989359864333e-12 0.9050550785168989
    outer loop
      vertex 321.9101277598926 -4 -326.18499314864357
      vertex 319.94694508864296 -0.7431448254773942 -327.1075121927548
      vertex 319.9193112825355 -0.7144726796328034 -327.12049759282417
    endloop
  endfacet
  facet normal -0.4252943743461659 1.6111778193187313e-12 0.9050550785170498
    outer loop
      vertex 321.9101277598926 -4 -326.18499314864357
      vertex 319.9193112825355 -0.7144726796328034 -327.12049759282417
      vertex 319.892788383792 -0.6845471059286885 -327.1329609664848
    endloop
  endfacet
  facet normal -0.42529437434832773 -1.620688440645324e-15 0.905055078516034
    outer loop
      vertex 321.9101277598926 -4 -326.18499314864357
      vertex 320.8680220437759 -0.9372819894918917 -326.674688979385
      vertex 320.8322225422254 -0.9510565162951535 -326.69151152088034
    endloop
  endfacet
  facet normal -0.42529437434834955 -9.722682146040904e-15 0.9050550785160238
    outer loop
      vertex 321.9101277598926 -4 -326.18499314864357
      vertex 320.90326809164117 -0.9218631515885004 -326.65812651127567
      vertex 320.8680220437759 -0.9372819894918917 -326.674688979385
    endloop
  endfacet
  facet normal -0.4252943743475974 2.8987055467318415e-13 0.9050550785163771
    outer loop
      vertex 321.9101277598926 -4 -326.18499314864357
      vertex 320.9378988522765 -0.9048270524660196 -326.64185317274945
      vertex 320.90326809164117 -0.9218631515885004 -326.65812651127567
    endloop
  endfacet
  facet normal -0.4252943743477043 2.4916019909599386e-13 0.905055078516327
    outer loop
      vertex 321.9101277598926 -4 -326.18499314864357
      vertex 320.97185357156013 -0.8862035792312145 -326.62589751277176
      vertex 320.9378988522765 -0.9048270524660196 -326.64185317274945
    endloop
  endfacet
  facet normal -0.42529437434853495 -5.706822323060728e-14 0.9050550785159367
    outer loop
      vertex 321.9101277598926 -4 -326.18499314864357
      vertex 321.0050726813766 -0.8660254037844386 -326.61028752299194
      vertex 320.97185357156013 -0.8862035792312145 -326.62589751277176
    endloop
  endfacet
  facet normal -0.4252943743489535 -2.0385092083047684e-13 0.9050550785157399
    outer loop
      vertex 321.9101277598926 -4 -326.18499314864357
      vertex 321.0374979041193 -0.8443279255020153 -326.5950505886364
      vertex 321.0050726813766 -0.8660254037844386 -326.61028752299194
    endloop
  endfacet
  facet normal -0.4252943743480344 1.7327243800882598e-13 0.9050550785161718
    outer loop
      vertex 321.9101277598926 -4 -326.18499314864357
      vertex 320.60937402070124 -0.9980267284282716 -326.7962302554479
      vertex 320.5714991855904 -0.9997806834748455 -326.81402801680446
    endloop
  endfacet
  facet normal -0.425294374348779 -2.1977298566267082e-13 0.9050550785158219
    outer loop
      vertex 321.9101277598926 -4 -326.18499314864357
      vertex 320.64714915864846 -0.9945218953682733 -326.77847934277906
      vertex 320.60937402070124 -0.9980267284282716 -326.7962302554479
    endloop
  endfacet
  facet normal -0.42529437434819667 8.153943100500901e-14 0.9050550785160957
    outer loop
      vertex 321.9101277598926 -4 -326.18499314864357
      vertex 320.4957162635359 -0.9980267284282716 -326.8496391648843
      vertex 320.4579411255887 -0.9945218953682733 -326.86739007755307
    endloop
  endfacet
  facet normal -0.42529437434748535 4.914817375303924e-13 0.9050550785164299
    outer loop
      vertex 321.9101277598926 -4 -326.18499314864357
      vertex 320.53359109864675 -0.9997806834748455 -326.83184140352773
      vertex 320.4957162635359 -0.9980267284282716 -326.8496391648843
    endloop
  endfacet
  facet normal -0.4252943743487456 -2.146874423757453e-13 0.9050550785158377
    outer loop
      vertex 321.9101277598926 -4 -326.18499314864357
      vertex 320.5714991855904 -0.9997806834748455 -326.81402801680446
      vertex 320.53359109864675 -0.9997806834748455 -326.83184140352773
    endloop
  endfacet
  facet normal -0.42529437434770206 3.186406660282825e-13 0.9050550785163279
    outer loop
      vertex 321.9101277598926 -4 -326.18499314864357
      vertex 320.7221355525034 -0.9822872507286886 -326.7432424912148
      vertex 320.684758329004 -0.9892723329629883 -326.7608064199307
    endloop
  endfacet
  facet normal -0.4252943743481871 8.630906583853778e-14 0.9050550785161
    outer loop
      vertex 321.9101277598926 -4 -326.18499314864357
      vertex 320.75921525679576 -0.9735789028731603 -326.7258183697305
      vertex 320.7221355525034 -0.9822872507286886 -326.7432424912148
    endloop
  endfacet
  facet normal -0.4252943743485006 -7.725221119406415e-14 0.9050550785159529
    outer loop
      vertex 321.9101277598926 -4 -326.18499314864357
      vertex 320.684758329004 -0.9892723329629883 -326.7608064199307
      vertex 320.64714915864846 -0.9945218953682733 -326.77847934277906
    endloop
  endfacet
  facet normal -0.4252943743485334 -7.508971091739427e-14 0.9050550785159374
    outer loop
      vertex 321.9101277598926 -4 -326.18499314864357
      vertex 320.79593239148005 -0.9631625667976581 -326.70856462330767
      vertex 320.75921525679576 -0.9735789028731603 -326.7258183697305
    endloop
  endfacet
  facet normal -0.4252943743494936 -5.044543928243186e-13 0.9050550785154862
    outer loop
      vertex 321.9101277598926 -4 -326.18499314864357
      vertex 320.8322225422254 -0.9510565162951535 -326.69151152088034
      vertex 320.79593239148005 -0.9631625667976581 -326.70856462330767
    endloop
  endfacet
  facet normal -0.4252943743473293 3.09430419914463e-13 0.905055078516503
    outer loop
      vertex 321.9101277598926 -4 -326.18499314864357
      vertex 321.1294489612086 -0.770513242775789 -326.5518418732513
      vertex 321.09974064149105 -0.7965299180241964 -326.5658021078791
    endloop
  endfacet
  facet normal -0.4252943743483868 -1.2574302911976318e-14 0.9050550785160063
    outer loop
      vertex 321.9101277598926 -4 -326.18499314864357
      vertex 321.06907235492935 -0.8211492091337039 -326.5802134404656
      vertex 321.0374979041193 -0.8443279255020153 -326.5950505886364
    endloop
  endfacet
  facet normal -0.4252943743486992 -1.134915107839167e-13 0.9050550785158595
    outer loop
      vertex 321.9101277598926 -4 -326.18499314864357
      vertex 321.09974064149105 -0.7965299180241964 -326.5658021078791
      vertex 321.06907235492935 -0.8211492091337039 -326.5802134404656
    endloop
  endfacet
  facet normal -0.4252943743489961 -1.8238880505424304e-13 0.90505507851572
    outer loop
      vertex 321.9101277598926 -4 -326.18499314864357
      vertex 321.15814519559416 -0.7431448254773942 -326.53835722757736
      vertex 321.1294489612086 -0.770513242775789 -326.5518418732513
    endloop
  endfacet
  facet normal -0.42529437434721323 3.1974523557089405e-13 0.9050550785165578
    outer loop
      vertex 321.9101277598926 -4 -326.18499314864357
      vertex 321.1857790017017 -0.7144726796328036 -326.525371827508
      vertex 321.15814519559416 -0.7431448254773942 -326.53835722757736
    endloop
  endfacet
  facet normal -0.42529437434907597 -1.8144542177410858e-13 0.9050550785156825
    outer loop
      vertex 321.9101277598926 -4 -326.18499314864357
      vertex 321.2123019004452 -0.6845471059286885 -326.51290845384733
      vertex 321.1857790017017 -0.7144726796328036 -326.525371827508
    endloop
  endfacet
  facet normal -0.42529437434832335 1.1869492054905581e-14 0.9050550785160362
    outer loop
      vertex 321.9101277598926 -4 -326.18499314864357
      vertex 321.2376673616477 -0.6534206039901056 -326.5009889715879
      vertex 321.2123019004452 -0.6845471059286885 -326.51290845384733
    endloop
  endfacet
  facet normal -0.42529437434773504 1.5601112050648095e-13 0.9050550785163126
    outer loop
      vertex 321.9101277598926 -4 -326.18499314864357
      vertex 321.2618308856711 -0.6211477802783101 -326.48963429155185
      vertex 321.2376673616477 -0.6534206039901056 -326.5009889715879
    endloop
  endfacet
  facet normal -0.4252943743480408 -1.525581834338698e-13 0.9050550785161688
    outer loop
      vertex 313.7646320532483 -4 -330.01264251777854
      vertex 315.2950648101736 -0.5877852522924731 -329.2934769583676
      vertex 315.27343015062985 -0.553391549243344 -329.30364329985696
    endloop
  endfacet
  facet normal -0.42529437434898837 3.534917924624491e-13 0.9050550785157235
    outer loop
      vertex 313.7646320532483 -4 -330.01264251777854
      vertex 315.27343015062985 -0.553391549243344 -329.30364329985696
      vertex 315.25311798189904 -0.51802700937313 -329.31318818977263
    endloop
  endfacet
  facet normal -0.4252943743476535 -3.4334024031086536e-13 0.9050550785163509
    outer loop
      vertex 313.7646320532483 -4 -330.01264251777854
      vertex 315.25311798189904 -0.51802700937313 -329.31318818977263
      vertex 315.2341639384272 -0.4817536741017154 -329.32209488313424
    endloop
  endfacet
  facet normal -0.4252943743485439 1.1228254067193879e-13 0.9050550785159326
    outer loop
      vertex 313.7646320532483 -4 -330.01264251777854
      vertex 315.2341639384272 -0.4817536741017154 -329.32209488313424
      vertex 315.21660127204717 -0.44463517918492756 -329.3303477545752
    endloop
  endfacet
  facet normal -0.4252943743478843 -2.181018312489281e-13 0.9050550785162423
    outer loop
      vertex 313.7646320532483 -4 -330.01264251777854
      vertex 315.21660127204717 -0.44463517918492756 -329.3303477545752
      vertex 315.2004607936437 -0.4067366430758002 -329.3379323257546
    endloop
  endfacet
  facet normal -0.4252943743492638 4.558667826440239e-13 0.9050550785155941
    outer loop
      vertex 313.7646320532483 -4 -330.01264251777854
      vertex 315.2004607936437 -0.4067366430758002 -329.3379323257546
      vertex 315.18577081910047 -0.36812455268467786 -329.3448352907574
    endloop
  endfacet
  facet normal -0.42529437434738987 -4.4053146406325405e-13 0.9050550785164748
    outer loop
      vertex 313.7646320532483 -4 -330.01264251777854
      vertex 315.18577081910047 -0.36812455268467786 -329.3448352907574
      vertex 315.1725571196244 -0.32886664673858307 -329.3510445394372
    endloop
  endfacet
  facet normal -0.425294374348129 -9.43067116778248e-14 0.9050550785161274
    outer loop
      vertex 313.7646320532483 -4 -330.01264251777854
      vertex 315.1725571196244 -0.32886664673858307 -329.3510445394372
      vertex 315.16084287653456 -0.2890317969444718 -329.3565491786621
    endloop
  endfacet
  facet normal -0.42529437434847983 6.61648848719113e-14 0.9050550785159626
    outer loop
      vertex 313.7646320532483 -4 -330.01264251777854
      vertex 315.16084287653456 -0.2890317969444718 -329.3565491786621
      vertex 315.15064864059383 -0.24868988716485485 -329.36133955142424
    endloop
  endfacet
  facet normal -0.42529437434838585 2.371123120069673e-14 0.9050550785160068
    outer loop
      vertex 313.7646320532483 -4 -330.01264251777854
      vertex 315.15064864059383 -0.24868988716485485 -329.36133955142424
      vertex 315.141992295956 -0.20791169081775934 -329.3654072537821
    endloop
  endfacet
  facet normal -0.42529437434918327 3.7858570179679366e-13 0.905055078515632
    outer loop
      vertex 313.7646320532483 -4 -330.01264251777854
      vertex 315.141992295956 -0.20791169081775934 -329.3654072537821
      vertex 315.13488902879106 -0.16676874671610217 -329.36874514960357
    endloop
  endfacet
  facet normal -0.4252943743491711 3.722736927553773e-13 0.9050550785156377
    outer loop
      vertex 313.7646320532483 -4 -330.01264251777854
      vertex 315.13488902879106 -0.16676874671610217 -329.36874514960357
      vertex 315.1293513006433 -0.12533323356430406 -329.3713473830851
    endloop
  endfacet
  facet normal -0.4252943743482635 -1.6700220049958967e-14 0.9050550785160641
    outer loop
      vertex 313.7646320532483 -4 -330.01264251777854
      vertex 315.1293513006433 -0.12533323356430406 -329.3713473830851
      vertex 315.1253888265697 -0.08367784333231569 -329.37320938902485
    endloop
  endfacet
  facet normal -0.4252943743467056 -6.769124741441255e-13 0.9050550785167962
    outer loop
      vertex 313.7646320532483 -4 -330.01264251777854
      vertex 315.1253888265697 -0.08367784333231569 -329.37320938902485
      vertex 315.1230085580961 -0.04187565372919973 -329.37432790083176
    endloop
  endfacet
  facet normal -0.42529437434857387 1.037870710499217e-13 0.9050550785159183
    outer loop
      vertex 313.7646320532483 -4 -330.01264251777854
      vertex 315.1230085580961 -0.04187565372919973 -329.37432790083176
      vertex 315.1222146710224 0 -329.37470095625605
    endloop
  endfacet
  facet normal -0.4252943743482798 -2.021063269368892e-14 0.9050550785160565
    outer loop
      vertex 313.7646320532483 -4 -330.01264251777854
      vertex 315.31798400598586 -0.6211477802783104 -329.282707000522
      vertex 315.2950648101736 -0.5877852522924731 -329.2934769583676
    endloop
  endfacet
  facet normal -0.9050550785160445 0 -0.42529437434830575
    outer loop
      vertex 313.7646320532483 -4 -330.01264251777854
      vertex 314.1899264275966 4 -330.9176975962946
      vertex 314.1899264275966 -4 -330.9176975962946
    endloop
  endfacet
  facet normal -0.7730937252241309 0 -0.6342918035250623
    outer loop
      vertex 314.1899264275966 -4 -330.9176975962946
      vertex 314.1899264275966 4 -330.9176975962946
      vertex 315.08447797614 -4 -332.00800364348777
    endloop
  endfacet
  facet normal -0.4252943743483186 1.5071425947672336e-14 0.9050550785160383
    outer loop
      vertex 321.9101277598926 -4 -326.18499314864357
      vertex 313.7646320532483 4 -330.01264251777854
      vertex 316.687026507865 0.6845471059286887 -328.63938032558895
    endloop
  endfacet
  facet normal -0.42529437434832124 0 0.9050550785160371
    outer loop
      vertex 313.7646320532483 -4 -330.01264251777854
      vertex 315.1222146710224 0 -329.37470095625605
      vertex 313.7646320532483 4 -330.01264251777854
    endloop
  endfacet
  facet normal -0.42529437434830963 4.50076959170637e-14 0.9050550785160425
    outer loop
      vertex 321.9101277598926 -4 -326.18499314864357
      vertex 316.7594746889032 -0.5877852522924731 -328.6053362054479
      vertex 316.7365554930909 -0.6211477802783101 -328.61610616329347
    endloop
  endfacet
  facet normal -0.4252943743481884 2.6264163354843585e-13 0.9050550785160996
    outer loop
      vertex 321.9101277598926 -4 -326.18499314864357
      vertex 316.78110934844693 -0.5533915492433443 -328.5951698639585
      vertex 316.7594746889032 -0.5877852522924731 -328.6053362054479
    endloop
  endfacet
  facet normal -0.42529437434838535 -9.592735970626344e-14 0.9050550785160069
    outer loop
      vertex 321.9101277598926 -4 -326.18499314864357
      vertex 316.8014215171778 -0.51802700937313 -328.58562497404284
      vertex 316.78110934844693 -0.5533915492433443 -328.5951698639585
    endloop
  endfacet
  facet normal -0.42529437434828943 8.316555722551283e-14 0.905055078516052
    outer loop
      vertex 321.9101277598926 -4 -326.18499314864357
      vertex 316.8203755606496 -0.4817536741017154 -328.57671828068123
      vertex 316.8014215171778 -0.51802700937313 -328.58562497404284
    endloop
  endfacet
  facet normal -0.42529437434843903 -1.7954988837719794e-13 0.9050550785159817
    outer loop
      vertex 321.9101277598926 -4 -326.18499314864357
      vertex 316.8379382270296 -0.4446351791849271 -328.5684654092403
      vertex 316.8203755606496 -0.4817536741017154 -328.57671828068123
    endloop
  endfacet
  facet normal -0.42529437434873074 -6.956011695837205e-13 0.9050550785158444
    outer loop
      vertex 321.9101277598926 -4 -326.18499314864357
      vertex 316.8540787054331 -0.4067366430758002 -328.5608808380608
      vertex 316.8379382270296 -0.4446351791849271 -328.5684654092403
    endloop
  endfacet
  facet normal -0.4252943743478403 8.42713855520362e-13 0.905055078516263
    outer loop
      vertex 321.9101277598926 -4 -326.18499314864357
      vertex 316.86876867997637 -0.36812455268467836 -328.5539778730581
      vertex 316.8540787054331 -0.4067366430758002 -328.5608808380608
    endloop
  endfacet
  facet normal -0.42529437434823225 1.6998613004873875e-13 0.9050550785160788
    outer loop
      vertex 321.9101277598926 -4 -326.18499314864357
      vertex 316.8819823794524 -0.32886664673858307 -328.54776862437825
      vertex 316.86876867997637 -0.36812455268467836 -328.5539778730581
    endloop
  endfacet
  facet normal -0.42529437434888945 -9.251053920180448e-13 0.9050550785157699
    outer loop
      vertex 321.9101277598926 -4 -326.18499314864357
      vertex 316.8936966225422 -0.2890317969444718 -328.54226398515334
      vertex 316.8819823794524 -0.32886664673858307 -328.54776862437825
    endloop
  endfacet
  facet normal -0.42529437434807993 4.149718808566907e-13 0.9050550785161505
    outer loop
      vertex 321.9101277598926 -4 -326.18499314864357
      vertex 316.903890858483 -0.24868988716485443 -328.5374736123912
      vertex 316.8936966225422 -0.2890317969444718 -328.54226398515334
    endloop
  endfacet
  facet normal -0.42529437434835027 -2.7178002617069685e-14 0.9050550785160235
    outer loop
      vertex 321.9101277598926 -4 -326.18499314864357
      vertex 316.9125472031208 -0.20791169081775934 -328.5334059100333
      vertex 316.903890858483 -0.24868988716485443 -328.5374736123912
    endloop
  endfacet
  facet normal -0.42529437434827316 9.678639430459545e-14 0.9050550785160597
    outer loop
      vertex 321.9101277598926 -4 -326.18499314864357
      vertex 316.9196504702857 -0.16676874671610267 -328.5300680142119
      vertex 316.9125472031208 -0.20791169081775934 -328.5334059100333
    endloop
  endfacet
  facet normal -0.4252943743486214 -4.583148829906405e-13 0.905055078515896
    outer loop
      vertex 321.9101277598926 -4 -326.18499314864357
      vertex 316.9251881984335 -0.12533323356430406 -328.5274657807304
      vertex 316.9196504702857 -0.16676874671610267 -328.5300680142119
    endloop
  endfacet
  facet normal -0.425294374347966 5.623275661183438e-13 0.905055078516204
    outer loop
      vertex 321.9101277598926 -4 -326.18499314864357
      vertex 316.92915067250715 -0.08367784333231569 -328.5256037747906
      vertex 316.9251881984335 -0.12533323356430406 -328.5274657807304
    endloop
  endfacet
  facet normal -0.4252943743482111 1.9954210992654737e-13 0.9050550785160887
    outer loop
      vertex 321.9101277598926 -4 -326.18499314864357
      vertex 316.9315309409807 -0.04187565372919923 -328.5244852629837
      vertex 316.92915067250715 -0.08367784333231569 -328.5256037747906
    endloop
  endfacet
  facet normal -0.4252943743488201 -7.520987757345323e-13 0.9050550785158027
    outer loop
      vertex 321.9101277598926 -4 -326.18499314864357
      vertex 316.93232482805445 0 -328.52411220755937
      vertex 316.9315309409807 -0.04187565372919923 -328.5244852629837
    endloop
  endfacet
  facet normal -0.4252943743478237 7.75368505470734e-13 0.9050550785162708
    outer loop
      vertex 321.9101277598926 -4 -326.18499314864357
      vertex 316.9315309409807 0.04187565372919962 -328.5244852629837
      vertex 316.93232482805445 0 -328.52411220755937
    endloop
  endfacet
  facet normal -0.42529437434848666 -2.1868466160425925e-13 0.9050550785159593
    outer loop
      vertex 321.9101277598926 -4 -326.18499314864357
      vertex 316.92915067250715 0.08367784333231548 -328.5256037747906
      vertex 316.9315309409807 0.04187565372919962 -328.5244852629837
    endloop
  endfacet
  facet normal -0.4252943743487701 -6.555078093095306e-13 0.9050550785158261
    outer loop
      vertex 321.9101277598926 -4 -326.18499314864357
      vertex 316.9251881984335 0.12533323356430426 -328.5274657807304
      vertex 316.92915067250715 0.08367784333231548 -328.5256037747906
    endloop
  endfacet
  facet normal -0.425294374347938 5.688387823676775e-13 0.9050550785162171
    outer loop
      vertex 321.9101277598926 -4 -326.18499314864357
      vertex 316.9196504702857 0.16676874671610226 -328.5300680142119
      vertex 316.9251881984335 0.12533323356430426 -328.5274657807304
    endloop
  endfacet
  facet normal -0.425294374348421 -1.2808523569783377e-13 0.9050550785159902
    outer loop
      vertex 321.9101277598926 -4 -326.18499314864357
      vertex 316.9125472031208 0.20791169081775934 -328.5334059100333
      vertex 316.9196504702857 0.16676874671610226 -328.5300680142119
    endloop
  endfacet
  facet normal -0.42529437434877154 -6.282891277894852e-13 0.9050550785158255
    outer loop
      vertex 321.9101277598926 -4 -326.18499314864357
      vertex 316.8936966225422 0.2890317969444716 -328.54226398515334
      vertex 316.903890858483 0.2486898871648548 -328.5374736123912
    endloop
  endfacet
  facet normal -0.4252943743483059 3.842332069265752e-14 0.9050550785160442
    outer loop
      vertex 321.9101277598926 -4 -326.18499314864357
      vertex 316.903890858483 0.2486898871648548 -328.5374736123912
      vertex 316.9125472031208 0.20791169081775934 -328.5334059100333
    endloop
  endfacet
  facet normal -0.42529437434727846 1.5046734271888407e-12 0.9050550785165271
    outer loop
      vertex 321.9101277598926 -4 -326.18499314864357
      vertex 316.8819823794524 0.32886664673858323 -328.54776862437825
      vertex 316.8936966225422 0.2890317969444716 -328.54226398515334
    endloop
  endfacet
  facet normal -0.4252943743485451 -2.981595918093992e-13 0.9050550785159319
    outer loop
      vertex 321.9101277598926 -4 -326.18499314864357
      vertex 316.86876867997637 0.368124552684678 -328.5539778730581
      vertex 316.8819823794524 0.32886664673858323 -328.54776862437825
    endloop
  endfacet
  facet normal -0.4252943743494695 -1.6016665124032025e-12 0.9050550785154976
    outer loop
      vertex 321.9101277598926 -4 -326.18499314864357
      vertex 316.8540787054331 0.4067366430758002 -328.5608808380608
      vertex 316.86876867997637 0.368124552684678 -328.5539778730581
    endloop
  endfacet
  facet normal -0.4252943743472923 1.4410461882604821e-12 0.9050550785165205
    outer loop
      vertex 321.9101277598926 -4 -326.18499314864357
      vertex 316.8379382270296 0.44463517918492745 -328.5684654092403
      vertex 316.8540787054331 0.4067366430758002 -328.5608808380608
    endloop
  endfacet
  facet normal -0.4252943743480615 4.0844426952263356e-13 0.9050550785161592
    outer loop
      vertex 321.9101277598926 -4 -326.18499314864357
      vertex 316.8203755606496 0.4817536741017153 -328.57671828068123
      vertex 316.8379382270296 0.44463517918492745 -328.5684654092403
    endloop
  endfacet
  facet normal -0.4252943743484908 -2.0968270842555806e-13 0.9050550785159573
    outer loop
      vertex 321.9101277598926 -4 -326.18499314864357
      vertex 316.8014215171778 0.5180270093731302 -328.58562497404284
      vertex 316.8203755606496 0.4817536741017153 -328.57671828068123
    endloop
  endfacet
  facet normal -0.4252943743481456 2.712774420825638e-13 0.9050550785161197
    outer loop
      vertex 321.9101277598926 -4 -326.18499314864357
      vertex 316.78110934844693 0.5533915492433441 -328.5951698639585
      vertex 316.8014215171778 0.5180270093731302 -328.58562497404284
    endloop
  endfacet
  facet normal -0.4252943743489585 -8.462141369306727e-13 0.9050550785157375
    outer loop
      vertex 321.9101277598926 -4 -326.18499314864357
      vertex 316.7594746889032 0.5877852522924731 -328.6053362054479
      vertex 316.78110934844693 0.5533915492433441 -328.5951698639585
    endloop
  endfacet
  facet normal -0.42529437434844947 -1.6874835881056896e-13 0.9050550785159769
    outer loop
      vertex 321.9101277598926 -4 -326.18499314864357
      vertex 316.7365554930909 0.6211477802783103 -328.61610616329347
      vertex 316.7594746889032 0.5877852522924731 -328.6053362054479
    endloop
  endfacet
  facet normal -0.42529437434634626 2.7036025912149814e-12 0.9050550785169651
    outer loop
      vertex 321.9101277598926 -4 -326.18499314864357
      vertex 316.71239196906754 0.6534206039901054 -328.6274608433296
      vertex 316.7365554930909 0.6211477802783103 -328.61610616329347
    endloop
  endfacet
  facet normal -0.42529437435288736 -6.210151879813656e-12 0.9050550785138914
    outer loop
      vertex 321.9101277598926 -4 -326.18499314864357
      vertex 316.687026507865 0.6845471059286887 -328.63938032558895
      vertex 316.71239196906754 0.6534206039901054 -328.6274608433296
    endloop
  endfacet
  facet normal -0.42529437436442596 -1.1984867810949995e-11 0.9050550785084692
    outer loop
      vertex 321.9101277598926 -4 -326.18499314864357
      vertex 319.84325939856603 -0.6211477802783104 -327.15623512878034
      vertex 319.82034020275375 -0.5877852522924731 -327.167005086626
    endloop
  endfacet
  facet normal -0.4252943743288029 1.4659973277704715e-11 0.905055078525209
    outer loop
      vertex 321.9101277598926 -4 -326.18499314864357
      vertex 319.82034020275375 -0.5877852522924731 -327.167005086626
      vertex 319.79870554321 -0.553391549243344 -327.17717142811534
    endloop
  endfacet
  facet normal -0.42529437434905304 -1.521377445149523e-13 0.9050550785156931
    outer loop
      vertex 321.9101277598926 -4 -326.18499314864357
      vertex 321.2847500814834 -0.5877852522924731 -326.4788643337062
      vertex 321.2618308856711 -0.6211477802783101 -326.48963429155185
    endloop
  endfacet
  facet normal -0.4252943743486702 -6.693050377918748e-14 0.9050550785158732
    outer loop
      vertex 321.9101277598926 -4 -326.18499314864357
      vertex 321.3063847410271 -0.5533915492433443 -326.46869799221685
      vertex 321.2847500814834 -0.5877852522924731 -326.4788643337062
    endloop
  endfacet
  facet normal -0.42529437434847916 -2.6121410838428423e-14 0.9050550785159629
    outer loop
      vertex 321.9101277598926 -4 -326.18499314864357
      vertex 321.32669690975797 -0.51802700937313 -326.4591531023012
      vertex 321.3063847410271 -0.5533915492433443 -326.46869799221685
    endloop
  endfacet
  facet normal -0.42529437434963535 -2.2768675989537517e-13 0.9050550785154196
    outer loop
      vertex 321.9101277598926 -4 -326.18499314864357
      vertex 321.37935409801327 -0.4067366430758002 -326.4344089663192
      vertex 321.3632136196098 -0.4446351791849271 -326.44199353749866
    endloop
  endfacet
  facet normal -0.4252943743482036 3.0261822673908065e-14 0.9050550785160923
    outer loop
      vertex 321.9101277598926 -4 -326.18499314864357
      vertex 321.3456509532298 -0.4817536741017154 -326.45024640893956
      vertex 321.32669690975797 -0.51802700937313 -326.4591531023012
    endloop
  endfacet
  facet normal -0.4252943743468474 2.9600714304634863e-13 0.9050550785167296
    outer loop
      vertex 321.9101277598926 -4 -326.18499314864357
      vertex 321.3632136196098 -0.4446351791849271 -326.44199353749866
      vertex 321.3456509532298 -0.4817536741017154 -326.45024640893956
    endloop
  endfacet
  facet normal -0.4252943743487538 -6.856056048899828e-14 0.9050550785158339
    outer loop
      vertex 321.9101277598926 -4 -326.18499314864357
      vertex 321.39404407255654 -0.36812455268467836 -326.42750600131643
      vertex 321.37935409801327 -0.4067366430758002 -326.4344089663192
    endloop
  endfacet
  facet normal -0.4252943743479773 6.606652649347981e-14 0.9050550785161986
    outer loop
      vertex 321.9101277598926 -4 -326.18499314864357
      vertex 321.40725777203255 -0.32886664673858307 -326.4212967526366
      vertex 321.39404407255654 -0.36812455268467836 -326.42750600131643
    endloop
  endfacet
  facet normal -0.42529437434802425 5.81818327338728e-14 0.9050550785161764
    outer loop
      vertex 321.9101277598926 -4 -326.18499314864357
      vertex 321.4189720151224 -0.2890317969444718 -326.4157921134117
      vertex 321.40725777203255 -0.32886664673858307 -326.4212967526366
    endloop
  endfacet
  facet normal -0.4252943743473111 1.734400309739192e-13 0.9050550785165117
    outer loop
      vertex 321.9101277598926 -4 -326.18499314864357
      vertex 321.4291662510632 -0.24868988716485443 -326.41100174064957
      vertex 321.4189720151224 -0.2890317969444718 -326.4157921134117
    endloop
  endfacet
  facet normal -0.4252943743514916 -4.806032987241628e-13 0.9050550785145473
    outer loop
      vertex 321.9101277598926 -4 -326.18499314864357
      vertex 321.437822595701 -0.20791169081775934 -326.40693403829164
      vertex 321.4291662510632 -0.24868988716485443 -326.41100174064957
    endloop
  endfacet
  facet normal -0.42529437434642636 2.895691780916236e-13 0.9050550785169275
    outer loop
      vertex 321.9101277598926 -4 -326.18499314864357
      vertex 321.44492586286594 -0.16676874671610267 -326.40359614247024
      vertex 321.437822595701 -0.20791169081775934 -326.40693403829164
    endloop
  endfacet
  facet normal -0.42529437434787715 7.442457896587994e-14 0.9050550785162458
    outer loop
      vertex 321.9101277598926 -4 -326.18499314864357
      vertex 321.45046359101366 -0.12533323356430406 -326.40099390898877
      vertex 321.44492586286594 -0.16676874671610267 -326.40359614247024
    endloop
  endfacet
  facet normal -0.4252943743460417 3.4002707945301747e-13 0.9050550785171082
    outer loop
      vertex 321.9101277598926 -4 -326.18499314864357
      vertex 321.4544260650873 -0.08367784333231569 -326.399131903049
      vertex 321.45046359101366 -0.12533323356430406 -326.40099390898877
    endloop
  endfacet
  facet normal -0.4252943743532146 -6.786709995547839e-13 0.9050550785137377
    outer loop
      vertex 321.9101277598926 -4 -326.18499314864357
      vertex 321.45680633356085 -0.04187565372919923 -326.39801339124205
      vertex 321.4544260650873 -0.08367784333231569 -326.399131903049
    endloop
  endfacet
  facet normal -0.4252943743454881 4.01349615843107e-13 0.9050550785173684
    outer loop
      vertex 321.9101277598926 -4 -326.18499314864357
      vertex 321.4576002206346 0 -326.39764033581775
      vertex 321.45680633356085 -0.04187565372919923 -326.39801339124205
    endloop
  endfacet
  facet normal -0.42529437435246964 -5.629418257685917e-13 0.9050550785140878
    outer loop
      vertex 321.9101277598926 -4 -326.18499314864357
      vertex 321.45680633356085 0.04187565372919962 -326.39801339124205
      vertex 321.4576002206346 0 -326.39764033581775
    endloop
  endfacet
  facet normal -0.42529437433328493 2.0639474499522744e-12 0.9050550785231029
    outer loop
      vertex 321.9101277598926 -4 -326.18499314864357
      vertex 321.4544260650873 0.08367784333231548 -326.399131903049
      vertex 321.45680633356085 0.04187565372919962 -326.39801339124205
    endloop
  endfacet
  facet normal -0.42529437437918244 -4.188268812456551e-12 0.905055078501535
    outer loop
      vertex 321.9101277598926 -4 -326.18499314864357
      vertex 321.45046359101366 0.12533323356430426 -326.40099390898877
      vertex 321.4544260650873 0.08367784333231548 -326.399131903049
    endloop
  endfacet
  facet normal -0.425294374348303 3.4790762605369155e-14 0.9050550785160457
    outer loop
      vertex 321.9101277598926 -4 -326.18499314864357
      vertex 319.79870554321 -0.553391549243344 -327.17717142811534
      vertex 313.7646320532483 4 -330.01264251777854
    endloop
  endfacet
  facet normal -0.42529437434839107 0 0.9050550785160044
    outer loop
      vertex 321.9101277598926 -4 -326.18499314864357
      vertex 321.9101277598926 4 -326.18499314864357
      vertex 321.45046359101366 0.12533323356430426 -326.40099390898877
    endloop
  endfacet
  facet normal 0 -1 0
    outer loop
      vertex 321.9101277598926 -4 -326.18499314864357
      vertex 315.08447797614 -4 -331.90800364348775
      vertex 346.58447797614 -4 -331.90800364348775
    endloop
  endfacet
  facet normal -0.4252943743490191 -1.1238939003124626e-12 0.905055078515709
    outer loop
      vertex 319.7783933744792 -0.51802700937313 -327.18671631803096
      vertex 313.7646320532483 4 -330.01264251777854
      vertex 319.79870554321 -0.553391549243344 -327.17717142811534
    endloop
  endfacet
  facet normal -0.42529437434767614 1.0586214381275989e-12 0.9050550785163403
    outer loop
      vertex 319.7783933744792 -0.51802700937313 -327.18671631803096
      vertex 319.75943933100734 -0.4817536741017154 -327.1956230113926
      vertex 313.7646320532483 4 -330.01264251777854
    endloop
  endfacet
  facet normal -0.42529437434809936 3.6722357362452367e-13 0.9050550785161413
    outer loop
      vertex 319.75943933100734 -0.4817536741017154 -327.1956230113926
      vertex 319.74187666462734 -0.44463517918492756 -327.2038758828336
      vertex 313.7646320532483 4 -330.01264251777854
    endloop
  endfacet
  facet normal -0.4252943743499322 -2.6416539717706304e-12 0.9050550785152801
    outer loop
      vertex 319.74187666462734 -0.44463517918492756 -327.2038758828336
      vertex 319.72573618622386 -0.4067366430758002 -327.2114604540129
      vertex 313.7646320532483 4 -330.01264251777854
    endloop
  endfacet
  facet normal -0.425294374347583 1.2378266014774224e-12 0.905055078516384
    outer loop
      vertex 319.72573618622386 -0.4067366430758002 -327.2114604540129
      vertex 319.71104621168064 -0.36812455268467786 -327.2183634190157
      vertex 313.7646320532483 4 -330.01264251777854
    endloop
  endfacet
  facet normal -0.42529437434849543 -2.785791498538486e-13 0.9050550785159551
    outer loop
      vertex 319.71104621168064 -0.36812455268467786 -327.2183634190157
      vertex 319.6978325122046 -0.32886664673858307 -327.22457266769555
      vertex 313.7646320532483 4 -330.01264251777854
    endloop
  endfacet
  facet normal -0.4252943743489178 -9.853880259244068e-13 0.9050550785157567
    outer loop
      vertex 319.6978325122046 -0.32886664673858307 -327.22457266769555
      vertex 319.68611826911473 -0.2890317969444718 -327.2300773069204
      vertex 313.7646320532483 4 -330.01264251777854
    endloop
  endfacet
  facet normal -0.4252943743482528 1.355380833206441e-13 0.9050550785160693
    outer loop
      vertex 319.68611826911473 -0.2890317969444718 -327.2300773069204
      vertex 319.675924033174 -0.24868988716485485 -327.23486767968257
      vertex 313.7646320532483 4 -330.01264251777854
    endloop
  endfacet
  facet normal -0.42529437434743017 1.532746139013216e-12 0.9050550785164557
    outer loop
      vertex 319.675924033174 -0.24868988716485485 -327.23486767968257
      vertex 319.6672676885362 -0.20791169081775934 -327.2389353820405
      vertex 313.7646320532483 4 -330.01264251777854
    endloop
  endfacet
  facet normal -0.42529437434878475 -7.868757557622864e-13 0.9050550785158192
    outer loop
      vertex 319.6672676885362 -0.20791169081775934 -327.2389353820405
      vertex 319.66016442137123 -0.16676874671610217 -327.2422732778619
      vertex 313.7646320532483 4 -330.01264251777854
    endloop
  endfacet
  facet normal -0.42529437434800305 5.632726084102711e-13 0.9050550785161865
    outer loop
      vertex 319.66016442137123 -0.16676874671610217 -327.2422732778619
      vertex 319.65462669322346 -0.12533323356430406 -327.2448755113434
      vertex 313.7646320532483 4 -330.01264251777854
    endloop
  endfacet
  facet normal -0.42529437434834155 -2.678591943379009e-14 0.9050550785160274
    outer loop
      vertex 319.65462669322346 -0.12533323356430406 -327.2448755113434
      vertex 319.65066421914986 -0.08367784333231569 -327.2467375172832
      vertex 313.7646320532483 4 -330.01264251777854
    endloop
  endfacet
  facet normal -0.4252943743480661 4.58007431799866e-13 0.905055078516157
    outer loop
      vertex 319.65066421914986 -0.08367784333231569 -327.2467375172832
      vertex 319.6482839506763 -0.04187565372919973 -327.24785602909014
      vertex 313.7646320532483 4 -330.01264251777854
    endloop
  endfacet
  facet normal -0.4252943743489613 -1.1329387807044872e-12 0.9050550785157363
    outer loop
      vertex 319.6482839506763 -0.04187565372919973 -327.24785602909014
      vertex 319.64749006360256 0 -327.2482290845144
      vertex 313.7646320532483 4 -330.01264251777854
    endloop
  endfacet
  facet normal -0.42529437434771544 1.1041022699347478e-12 0.9050550785163217
    outer loop
      vertex 319.64749006360256 0 -327.2482290845144
      vertex 319.6482839506763 0.04187565372919973 -327.24785602909014
      vertex 313.7646320532483 4 -330.01264251777854
    endloop
  endfacet
  facet normal -0.42529437434855744 -4.2385536453695954e-13 0.9050550785159261
    outer loop
      vertex 319.6482839506763 0.04187565372919973 -327.24785602909014
      vertex 319.65066421914986 0.08367784333231569 -327.2467375172832
      vertex 313.7646320532483 4 -330.01264251777854
    endloop
  endfacet
  facet normal -0.4252943743483136 2.3528929142279573e-14 0.9050550785160406
    outer loop
      vertex 319.65066421914986 0.08367784333231569 -327.2467375172832
      vertex 319.65462669322346 0.12533323356430406 -327.2448755113434
      vertex 313.7646320532483 4 -330.01264251777854
    endloop
  endfacet
  facet normal -0.42529437434857914 -4.692880680665891e-13 0.9050550785159159
    outer loop
      vertex 319.65462669322346 0.12533323356430406 -327.2448755113434
      vertex 319.66016442137123 0.16676874671610217 -327.2422732778619
      vertex 313.7646320532483 4 -330.01264251777854
    endloop
  endfacet
  facet normal -0.4252943743479984 6.211457541639818e-13 0.9050550785161888
    outer loop
      vertex 319.66016442137123 0.16676874671610217 -327.2422732778619
      vertex 319.6672676885362 0.20791169081775934 -327.2389353820405
      vertex 313.7646320532483 4 -330.01264251777854
    endloop
  endfacet
  facet normal -0.42529437434892753 -1.1446863974075923e-12 0.9050550785157521
    outer loop
      vertex 319.6672676885362 0.20791169081775934 -327.2389353820405
      vertex 319.675924033174 0.24868988716485485 -327.23486767968257
      vertex 313.7646320532483 4 -330.01264251777854
    endloop
  endfacet
  facet normal -0.4252943743483823 -9.559201731865372e-14 0.9050550785160083
    outer loop
      vertex 319.675924033174 0.24868988716485485 -327.23486767968257
      vertex 319.68611826911473 0.2890317969444718 -327.2300773069204
      vertex 313.7646320532483 4 -330.01264251777854
    endloop
  endfacet
  facet normal -0.425294374347997 6.548216852988001e-13 0.9050550785161894
    outer loop
      vertex 319.68611826911473 0.2890317969444718 -327.2300773069204
      vertex 319.6978325122046 0.32886664673858307 -327.22457266769555
      vertex 313.7646320532483 4 -330.01264251777854
    endloop
  endfacet
  facet normal -0.4252943743482408 1.739419695697512e-13 0.9050550785160748
    outer loop
      vertex 319.6978325122046 0.32886664673858307 -327.22457266769555
      vertex 319.71104621168064 0.36812455268467786 -327.2183634190157
      vertex 313.7646320532483 4 -330.01264251777854
    endloop
  endfacet
  facet normal -0.42529437434868994 -7.237208190076775e-13 0.9050550785158639
    outer loop
      vertex 319.71104621168064 0.36812455268467786 -327.2183634190157
      vertex 319.72573618622386 0.4067366430758002 -327.2114604540129
      vertex 313.7646320532483 4 -330.01264251777854
    endloop
  endfacet
  facet normal -0.42529437434762146 1.4402326291211797e-12 0.9050550785163659
    outer loop
      vertex 319.72573618622386 0.4067366430758002 -327.2114604540129
      vertex 319.74187666462734 0.44463517918492756 -327.2038758828336
      vertex 313.7646320532483 4 -330.01264251777854
    endloop
  endfacet
  facet normal -0.4252943743484777 -6.616488487191088e-14 0.9050550785159636
    outer loop
      vertex 315.15064864059383 0.24868988716485485 -329.36133955142424
      vertex 315.16084287653456 0.2890317969444718 -329.3565491786621
      vertex 313.7646320532483 4 -330.01264251777854
    endloop
  endfacet
  facet normal -0.4252943743481274 9.471866975975107e-14 0.9050550785161282
    outer loop
      vertex 315.16084287653456 0.2890317969444718 -329.3565491786621
      vertex 315.1725571196244 0.32886664673858307 -329.3510445394372
      vertex 313.7646320532483 4 -330.01264251777854
    endloop
  endfacet
  facet normal -0.42529437434738976 4.4006249169422926e-13 0.9050550785164748
    outer loop
      vertex 315.1725571196244 0.32886664673858307 -329.3510445394372
      vertex 315.18577081910047 0.36812455268467786 -329.3448352907574
      vertex 313.7646320532483 4 -330.01264251777854
    endloop
  endfacet
  facet normal -0.4252943743492659 -4.561714288518758e-13 0.9050550785155931
    outer loop
      vertex 315.18577081910047 0.36812455268467786 -329.3448352907574
      vertex 315.2004607936437 0.4067366430758002 -329.3379323257546
      vertex 313.7646320532483 4 -330.01264251777854
    endloop
  endfacet
  facet normal -0.4252943743478827 2.1861859404069429e-13 0.9050550785162431
    outer loop
      vertex 315.2004607936437 0.4067366430758002 -329.3379323257546
      vertex 315.21660127204717 0.44463517918492756 -329.3303477545752
      vertex 313.7646320532483 4 -330.01264251777854
    endloop
  endfacet
  facet normal -0.4252943743485737 -1.0458646428554815e-13 0.9050550785159185
    outer loop
      vertex 315.1222146710224 0 -329.37470095625605
      vertex 315.1230085580961 0.04187565372919973 -329.37432790083176
      vertex 313.7646320532483 4 -330.01264251777854
    endloop
  endfacet
  facet normal -0.4252943743467054 6.781189596444788e-13 0.9050550785167962
    outer loop
      vertex 315.1230085580961 0.04187565372919973 -329.37432790083176
      vertex 315.1253888265697 0.08367784333231569 -329.37320938902485
      vertex 313.7646320532483 4 -330.01264251777854
    endloop
  endfacet
  facet normal -0.42529437434826267 1.7608077064393693e-14 0.9050550785160646
    outer loop
      vertex 315.1253888265697 0.08367784333231569 -329.37320938902485
      vertex 315.1293513006433 0.12533323356430406 -329.3713473830851
      vertex 313.7646320532483 4 -330.01264251777854
    endloop
  endfacet
  facet normal -0.42529437434917056 -3.727919695497311e-13 0.9050550785156378
    outer loop
      vertex 315.1293513006433 0.12533323356430406 -329.3713473830851
      vertex 315.13488902879106 0.16676874671610217 -329.36874514960357
      vertex 313.7646320532483 4 -330.01264251777854
    endloop
  endfacet
  facet normal -0.4252943743491851 -3.791490733768502e-13 0.9050550785156312
    outer loop
      vertex 315.13488902879106 0.16676874671610217 -329.36874514960357
      vertex 315.141992295956 0.20791169081775934 -329.3654072537821
      vertex 313.7646320532483 4 -330.01264251777854
    endloop
  endfacet
  facet normal -0.4252943743483841 -2.3940580907251058e-14 0.9050550785160076
    outer loop
      vertex 315.141992295956 0.20791169081775934 -329.3654072537821
      vertex 315.15064864059383 0.24868988716485485 -329.36133955142424
      vertex 313.7646320532483 4 -330.01264251777854
    endloop
  endfacet
  facet normal -0.9050550785160445 0 -0.42529437434830575
    outer loop
      vertex 313.7646320532483 -4 -330.01264251777854
      vertex 313.7646320532483 4 -330.01264251777854
      vertex 314.1899264275966 4 -330.9176975962946
    endloop
  endfacet
  facet normal -0.4252943743484136 -1.8574644641998469e-13 0.9050550785159935
    outer loop
      vertex 319.75943933100734 0.4817536741017154 -327.1956230113926
      vertex 313.7646320532483 4 -330.01264251777854
      vertex 319.74187666462734 0.44463517918492756 -327.2038758828336
    endloop
  endfacet
  facet normal -0.42529437434856165 -4.93677580468954e-13 0.905055078515924
    outer loop
      vertex 319.75943933100734 0.4817536741017154 -327.1956230113926
      vertex 319.7783933744792 0.51802700937313 -327.18671631803096
      vertex 313.7646320532483 4 -330.01264251777854
    endloop
  endfacet
  facet normal -0.4252943743481002 4.794705731224049e-13 0.905055078516141
    outer loop
      vertex 319.7783933744792 0.51802700937313 -327.18671631803096
      vertex 319.79870554321 0.553391549243344 -327.17717142811534
      vertex 313.7646320532483 4 -330.01264251777854
    endloop
  endfacet
  facet normal -0.42529437434819717 2.721958950896625e-13 0.9050550785160955
    outer loop
      vertex 319.79870554321 0.553391549243344 -327.17717142811534
      vertex 319.82034020275375 0.5877852522924731 -327.167005086626
      vertex 313.7646320532483 4 -330.01264251777854
    endloop
  endfacet
  facet normal -0.425294374348818 -1.0730230249194928e-12 0.9050550785158036
    outer loop
      vertex 319.82034020275375 0.5877852522924731 -327.167005086626
      vertex 319.84325939856603 0.6211477802783104 -327.15623512878034
      vertex 313.7646320532483 4 -330.01264251777854
    endloop
  endfacet
  facet normal -0.4252943743481047 4.93600626523081e-13 0.9050550785161389
    outer loop
      vertex 319.84325939856603 0.6211477802783104 -327.15623512878034
      vertex 319.8674229225894 0.6534206039901056 -327.1448804487443
      vertex 313.7646320532483 4 -330.01264251777854
    endloop
  endfacet
  facet normal -0.42529437434859385 -5.954109513667016e-13 0.9050550785159089
    outer loop
      vertex 319.8674229225894 0.6534206039901056 -327.1448804487443
      vertex 319.892788383792 0.6845471059286885 -327.1329609664848
      vertex 313.7646320532483 4 -330.01264251777854
    endloop
  endfacet
  facet normal -0.4252943743481111 4.939831518390129e-13 0.9050550785161359
    outer loop
      vertex 319.892788383792 0.6845471059286885 -327.1329609664848
      vertex 319.9193112825355 0.7144726796328034 -327.12049759282417
      vertex 313.7646320532483 4 -330.01264251777854
    endloop
  endfacet
  facet normal -0.42529437434854345 -1.1081153142515461e-13 0.9050550785159327
    outer loop
      vertex 315.21660127204717 0.44463517918492756 -329.3303477545752
      vertex 315.2341639384272 0.4817536741017154 -329.32209488313424
      vertex 313.7646320532483 4 -330.01264251777854
    endloop
  endfacet
  facet normal -0.42529437434765144 3.440075555645186e-13 0.9050550785163517
    outer loop
      vertex 315.2341639384272 0.4817536741017154 -329.32209488313424
      vertex 315.25311798189904 0.51802700937313 -329.31318818977263
      vertex 313.7646320532483 4 -330.01264251777854
    endloop
  endfacet
  facet normal -0.4252943743489873 -3.5314817644875183e-13 0.9050550785157241
    outer loop
      vertex 315.25311798189904 0.51802700937313 -329.31318818977263
      vertex 315.27343015062985 0.553391549243344 -329.30364329985696
      vertex 313.7646320532483 4 -330.01264251777854
    endloop
  endfacet
  facet normal -0.42529437434804124 1.524712769166141e-13 0.9050550785161686
    outer loop
      vertex 315.27343015062985 0.553391549243344 -329.30364329985696
      vertex 315.2950648101736 0.5877852522924731 -329.2934769583676
      vertex 313.7646320532483 4 -330.01264251777854
    endloop
  endfacet
  facet normal -0.4252943743482828 2.0186341067855186e-14 0.905055078516055
    outer loop
      vertex 315.2950648101736 0.5877852522924731 -329.2934769583676
      vertex 315.31798400598586 0.6211477802783104 -329.282707000522
      vertex 313.7646320532483 4 -330.01264251777854
    endloop
  endfacet
  facet normal -0.425294374348932 -3.442043750386506e-13 0.90505507851575
    outer loop
      vertex 315.31798400598586 0.6211477802783104 -329.282707000522
      vertex 315.34214753000924 0.6534206039901056 -329.2713523204859
      vertex 313.7646320532483 4 -330.01264251777854
    endloop
  endfacet
  facet normal -0.42529437434782535 2.9272503107049087e-13 0.9050550785162703
    outer loop
      vertex 315.34214753000924 0.6534206039901056 -329.2713523204859
      vertex 315.3675129912118 0.6845471059286885 -329.2594328382265
      vertex 313.7646320532483 4 -330.01264251777854
    endloop
  endfacet
  facet normal -0.4252943743483729 -3.049871748049097e-14 0.9050550785160126
    outer loop
      vertex 315.3675129912118 0.6845471059286885 -329.2594328382265
      vertex 315.39403588995526 0.7144726796328034 -329.24696946456584
      vertex 313.7646320532483 4 -330.01264251777854
    endloop
  endfacet
  facet normal -0.425294374348418 -5.777249074100017e-14 0.9050550785159917
    outer loop
      vertex 315.4216696960628 0.7431448254773942 -329.23398406449644
      vertex 313.7646320532483 4 -330.01264251777854
      vertex 315.39403588995526 0.7144726796328034 -329.24696946456584
    endloop
  endfacet
  facet normal -0.4252943743484084 -5.1825042588811025e-14 0.9050550785159961
    outer loop
      vertex 315.4216696960628 0.7431448254773942 -329.23398406449644
      vertex 315.4503659304484 0.7705132427757894 -329.2204994188225
      vertex 313.7646320532483 4 -330.01264251777854
    endloop
  endfacet
  facet normal -0.4252943743489204 -3.7810810282763135e-13 0.9050550785157555
    outer loop
      vertex 315.4503659304484 0.7705132427757894 -329.2204994188225
      vertex 315.4800742501659 0.7965299180241963 -329.20653918419464
      vertex 313.7646320532483 4 -330.01264251777854
    endloop
  endfacet
  facet normal -0.4252943743476826 4.310690766796422e-13 0.905055078516337
    outer loop
      vertex 315.4800742501659 0.7965299180241963 -329.20653918419464
      vertex 315.5107425367276 0.821149209133704 -329.1921278516082
      vertex 313.7646320532483 4 -330.01264251777854
    endloop
  endfacet
  facet normal -0.42529437434837436 -3.272848040034303e-14 0.9050550785160122
    outer loop
      vertex 315.5107425367276 0.821149209133704 -329.1921278516082
      vertex 315.5423169875377 0.844327925502015 -329.1772907034374
      vertex 313.7646320532483 4 -330.01264251777854
    endloop
  endfacet
  facet normal -0.4252943743479188 2.8051945745298864e-13 0.9050550785162261
    outer loop
      vertex 315.5423169875377 0.844327925502015 -329.1772907034374
      vertex 315.57474221028036 0.8660254037844386 -329.1620537690819
      vertex 313.7646320532483 4 -330.01264251777854
    endloop
  endfacet
  facet normal -0.42529437434999234 -1.7948237150447813e-12 0.9050550785152518
    outer loop
      vertex 316.632869803014 0.7431448254773942 -328.66482909931904
      vertex 316.6605036091215 0.7144726796328034 -328.65184369924964
      vertex 313.7646320532483 4 -330.01264251777854
    endloop
  endfacet
  facet normal -0.4252943745147663 -1.7909866870777741e-10 0.905055078437823
    outer loop
      vertex 316.687026507865 0.6845471059286887 -328.63938032558895
      vertex 313.7646320532483 4 -330.01264251777854
      vertex 316.6605036091215 0.7144726796328034 -328.65184369924964
    endloop
  endfacet
  facet normal -0.4252943743442456 4.3837797732407924e-12 0.9050550785179521
    outer loop
      vertex 316.632869803014 0.7431448254773942 -328.66482909931904
      vertex 313.7646320532483 4 -330.01264251777854
      vertex 316.6041735686284 0.7705132427757891 -328.6783137449929
    endloop
  endfacet
  facet normal -0.4252943743491791 -9.11823159626826e-13 0.9050550785156338
    outer loop
      vertex 316.6041735686284 0.7705132427757891 -328.6783137449929
      vertex 313.7646320532483 4 -330.01264251777854
      vertex 316.5744652489109 0.7965299180241963 -328.6922739796208
    endloop
  endfacet
  facet normal -0.42529437435222056 -4.143984524480305e-12 0.9050550785142046
    outer loop
      vertex 316.5122225115391 0.8443279255020151 -328.7215224603781
      vertex 316.5437969623492 0.821149209133704 -328.70668531220724
      vertex 313.7646320532483 4 -330.01264251777854
    endloop
  endfacet
  facet normal -0.42529437434518963 3.3598806217282143e-12 0.9050550785175085
    outer loop
      vertex 316.5744652489109 0.7965299180241963 -328.6922739796208
      vertex 313.7646320532483 4 -330.01264251777854
      vertex 316.5437969623492 0.821149209133704 -328.70668531220724
    endloop
  endfacet
  facet normal -0.42529437434698786 1.4179875030020358e-12 0.9050550785166637
    outer loop
      vertex 316.5122225115391 0.8443279255020151 -328.7215224603781
      vertex 313.7646320532483 4 -330.01264251777854
      vertex 316.4797972887964 0.8660254037844386 -328.73675939473355
    endloop
  endfacet
  facet normal -0.42529437434850037 -1.2954691723215877e-13 0.9050550785159529
    outer loop
      vertex 315.6079613200968 0.8862035792312147 -329.1464437793021
      vertex 313.7646320532483 4 -330.01264251777854
      vertex 315.57474221028036 0.8660254037844386 -329.1620537690819
    endloop
  endfacet
  facet normal -0.4252943743487075 -2.7919238703713844e-13 0.9050550785158555
    outer loop
      vertex 315.6079613200968 0.8862035792312147 -329.1464437793021
      vertex 315.6419160393805 0.9048270524660195 -329.13048811932435
      vertex 313.7646320532483 4 -330.01264251777854
    endloop
  endfacet
  facet normal -0.4252943743486132 -2.093814807891752e-13 0.9050550785158998
    outer loop
      vertex 315.6419160393805 0.9048270524660195 -329.13048811932435
      vertex 315.6765468000158 0.9218631515885005 -329.1142147807981
      vertex 313.7646320532483 4 -330.01264251777854
    endloop
  endfacet
  facet normal -0.42529437434834855 -8.739298811888523e-15 0.9050550785160242
    outer loop
      vertex 315.6765468000158 0.9218631515885005 -329.1142147807981
      vertex 315.71179284788104 0.9372819894918915 -329.09765231268875
      vertex 313.7646320532483 4 -330.01264251777854
    endloop
  endfacet
  facet normal -0.42529437434788525 3.5080833829986386e-13 0.905055078516242
    outer loop
      vertex 315.71179284788104 0.9372819894918915 -329.09765231268875
      vertex 315.7475923494316 0.9510565162951535 -329.0808297711934
      vertex 313.7646320532483 4 -330.01264251777854
    endloop
  endfacet
  facet normal -0.4252943743484439 -9.276535798685817e-14 0.9050550785159794
    outer loop
      vertex 315.78388250017696 0.9631625667976582 -329.06377666876614
      vertex 313.7646320532483 4 -330.01264251777854
      vertex 315.7475923494316 0.9510565162951535 -329.0808297711934
    endloop
  endfacet
  facet normal -0.42529437434871076 -3.217191395284127e-13 0.9050550785158541
    outer loop
      vertex 315.8205996348612 0.9735789028731603 -329.04652292234334
      vertex 315.8576793391536 0.9822872507286887 -329.029098800859
      vertex 313.7646320532483 4 -330.01264251777854
    endloop
  endfacet
  facet normal -0.4252943743477316 5.072808400162171e-13 0.9050550785163141
    outer loop
      vertex 315.8576793391536 0.9822872507286887 -329.029098800859
      vertex 315.895056562653 0.9892723329629883 -329.0115348721431
      vertex 313.7646320532483 4 -330.01264251777854
    endloop
  endfacet
  facet normal -0.425294374348004 2.643528256144186e-13 0.9050550785161862
    outer loop
      vertex 315.78388250017696 0.9631625667976582 -329.06377666876614
      vertex 315.8205996348612 0.9735789028731603 -329.04652292234334
      vertex 313.7646320532483 4 -330.01264251777854
    endloop
  endfacet
  facet normal -0.4252943743491135 -7.117217899184645e-13 0.9050550785156647
    outer loop
      vertex 315.9704408709557 0.9980267284282716 -328.976111036626
      vertex 316.0083157060665 0.9997806834748455 -328.95831327526935
      vertex 313.7646320532483 4 -330.01264251777854
    endloop
  endfacet
  facet normal -0.4252943743491707 -7.956720760560975e-13 0.9050550785156378
    outer loop
      vertex 316.04622379301026 0.9997806834748455 -328.9404998885461
      vertex 316.08409862812107 0.9980267284282716 -328.9227021271895
      vertex 313.7646320532483 4 -330.01264251777854
    endloop
  endfacet
  facet normal -0.42529437434711226 1.1154580821578193e-12 0.9050550785166052
    outer loop
      vertex 316.04622379301026 0.9997806834748455 -328.9404998885461
      vertex 313.7646320532483 4 -330.01264251777854
      vertex 316.0083157060665 0.9997806834748455 -328.95831327526935
    endloop
  endfacet
  facet normal -0.42529437434951195 -1.0306388964172095e-12 0.9050550785154775
    outer loop
      vertex 315.895056562653 0.9892723329629883 -329.0115348721431
      vertex 315.93266573300855 0.9945218953682733 -328.9938619492947
      vertex 313.7646320532483 4 -330.01264251777854
    endloop
  endfacet
  facet normal -0.4252943743471674 1.034108152988052e-12 0.9050550785165793
    outer loop
      vertex 315.93266573300855 0.9945218953682733 -328.9938619492947
      vertex 315.9704408709557 0.9980267284282716 -328.976111036626
      vertex 313.7646320532483 4 -330.01264251777854
    endloop
  endfacet
  facet normal -0.42529437434928713 -1.0110108845356877e-12 0.9050550785155832
    outer loop
      vertex 316.44657817897996 0.8862035792312147 -328.7523693845134
      vertex 313.7646320532483 4 -330.01264251777854
      vertex 316.4126234596963 0.9048270524660195 -328.7683250444911
    endloop
  endfacet
  facet normal -0.4252943743483644 -3.5453539923463027e-14 0.9050550785160169
    outer loop
      vertex 316.377992699061 0.9218631515885005 -328.78459838301734
      vertex 313.7646320532483 4 -330.01264251777854
      vertex 316.34274665119574 0.9372819894918915 -328.80116085112667
    endloop
  endfacet
  facet normal -0.42529437434852296 -1.9649524700264065e-13 0.9050550785159424
    outer loop
      vertex 316.3069471496452 0.9510565162951535 -328.817983392622
      vertex 313.7646320532483 4 -330.01264251777854
      vertex 316.2706569988999 0.9631625667976582 -328.8350364950493
    endloop
  endfacet
  facet normal -0.42529437434832695 3.0497563778474766e-15 0.9050550785160344
    outer loop
      vertex 316.3069471496452 0.9510565162951535 -328.817983392622
      vertex 316.34274665119574 0.9372819894918915 -328.80116085112667
      vertex 313.7646320532483 4 -330.01264251777854
    endloop
  endfacet
  facet normal -0.42529437434687134 1.5121341584083185e-12 0.9050550785167184
    outer loop
      vertex 316.377992699061 0.9218631515885005 -328.78459838301734
      vertex 316.4126234596963 0.9048270524660195 -328.7683250444911
      vertex 313.7646320532483 4 -330.01264251777854
    endloop
  endfacet
  facet normal -0.42529437434861916 -2.934123536288585e-13 0.9050550785158971
    outer loop
      vertex 316.2339398642156 0.9735789028731603 -328.85229024147213
      vertex 316.2706569988999 0.9631625667976582 -328.8350364950493
      vertex 313.7646320532483 4 -330.01264251777854
    endloop
  endfacet
  facet normal -0.42529437434882733 -5.276612384768595e-13 0.9050550785157992
    outer loop
      vertex 316.44657817897996 0.8862035792312147 -328.7523693845134
      vertex 316.4797972887964 0.8660254037844386 -328.73675939473355
      vertex 313.7646320532483 4 -330.01264251777854
    endloop
  endfacet
  facet normal -0.4252943743488318 -4.759995881660206e-13 0.9050550785157971
    outer loop
      vertex 316.08409862812107 0.9980267284282716 -328.9227021271895
      vertex 316.1218737660683 0.9945218953682733 -328.9049512145207
      vertex 313.7646320532483 4 -330.01264251777854
    endloop
  endfacet
  facet normal -0.42529437434786377 4.5095226333057704e-13 0.905055078516252
    outer loop
      vertex 316.1594829364238 0.9892723329629883 -328.8872782916724
      vertex 313.7646320532483 4 -330.01264251777854
      vertex 316.1218737660683 0.9945218953682733 -328.9049512145207
    endloop
  endfacet
  facet normal -0.42529437434813344 1.903784778390739e-13 0.9050550785161252
    outer loop
      vertex 316.19686015992323 0.9822872507286887 -328.8697143629564
      vertex 316.2339398642156 0.9735789028731603 -328.85229024147213
      vertex 313.7646320532483 4 -330.01264251777854
    endloop
  endfacet
  facet normal -0.4252943743482383 8.724846784613367e-14 0.9050550785160759
    outer loop
      vertex 316.1594829364238 0.9892723329629883 -328.8872782916724
      vertex 316.19686015992323 0.9822872507286887 -328.8697143629564
      vertex 313.7646320532483 4 -330.01264251777854
    endloop
  endfacet
  facet normal -0.4252943743478774 -7.438581616433546e-14 0.9050550785162456
    outer loop
      vertex 321.45046359101366 0.12533323356430426 -326.40099390898877
      vertex 321.9101277598926 4 -326.18499314864357
      vertex 321.44492586286594 0.16676874671610226 -326.40359614247024
    endloop
  endfacet
  facet normal -0.42529437434642514 -2.8955224818177134e-13 0.9050550785169281
    outer loop
      vertex 321.44492586286594 0.16676874671610226 -326.40359614247024
      vertex 321.9101277598926 4 -326.18499314864357
      vertex 321.437822595701 0.20791169081775934 -326.40693403829164
    endloop
  endfacet
  facet normal -0.4252943743480255 -5.810711291443726e-14 0.9050550785161761
    outer loop
      vertex 321.4189720151224 0.2890317969444716 -326.4157921134117
      vertex 321.9101277598926 4 -326.18499314864357
      vertex 321.40725777203255 0.32886664673858323 -326.4212967526366
    endloop
  endfacet
  facet normal -0.4252943743514902 4.805995308232376e-13 0.9050550785145479
    outer loop
      vertex 321.437822595701 0.20791169081775934 -326.40693403829164
      vertex 321.9101277598926 4 -326.18499314864357
      vertex 321.4291662510632 0.2486898871648548 -326.41100174064957
    endloop
  endfacet
  facet normal -0.4252943743473117 -1.7341960383459336e-13 0.9050550785165115
    outer loop
      vertex 321.4291662510632 0.2486898871648548 -326.41100174064957
      vertex 321.9101277598926 4 -326.18499314864357
      vertex 321.4189720151224 0.2890317969444716 -326.4157921134117
    endloop
  endfacet
  facet normal -0.4252943743479782 -6.600901733044593e-14 0.9050550785161983
    outer loop
      vertex 321.40725777203255 0.32886664673858323 -326.4212967526366
      vertex 321.9101277598926 4 -326.18499314864357
      vertex 321.39404407255654 0.368124552684678 -326.42750600131643
    endloop
  endfacet
  facet normal -0.4252943743487529 6.838380279398736e-14 0.9050550785158343
    outer loop
      vertex 321.39404407255654 0.368124552684678 -326.42750600131643
      vertex 321.9101277598926 4 -326.18499314864357
      vertex 321.37935409801327 0.4067366430758002 -326.4344089663192
    endloop
  endfacet
  facet normal -0.42529437434963546 2.2754606362778435e-13 0.9050550785154194
    outer loop
      vertex 321.37935409801327 0.4067366430758002 -326.4344089663192
      vertex 321.9101277598926 4 -326.18499314864357
      vertex 321.3632136196098 0.44463517918492745 -326.44199353749866
    endloop
  endfacet
  facet normal -0.42529437434809997 5.193072701334244e-13 0.9050550785161409
    outer loop
      vertex 319.94694508864296 0.7431448254773942 -327.1075121927548
      vertex 313.7646320532483 4 -330.01264251777854
      vertex 319.9193112825355 0.7144726796328034 -327.12049759282417
    endloop
  endfacet
  facet normal -0.425294374348891 -1.3138315023782702e-12 0.9050550785157693
    outer loop
      vertex 319.94694508864296 0.7431448254773942 -327.1075121927548
      vertex 319.9756413230286 0.7705132427757894 -327.0940275470808
      vertex 313.7646320532483 4 -330.01264251777854
    endloop
  endfacet
  facet normal -0.42529437434812345 4.883458848330826e-13 0.90505507851613
    outer loop
      vertex 319.9756413230286 0.7705132427757894 -327.0940275470808
      vertex 320.00534964274607 0.7965299180241963 -327.080067312453
      vertex 313.7646320532483 4 -330.01264251777854
    endloop
  endfacet
  facet normal -0.4252943743491708 6.045189360068172e-13 0.9050550785156378
    outer loop
      vertex 320.00534964274607 0.7965299180241963 -327.080067312453
      vertex 320.0360179293078 0.821149209133704 -327.0656559798665
      vertex 321.9101277598926 4 -326.18499314864357
    endloop
  endfacet
  facet normal -0.4252943743460891 -1.6135099465949308e-12 0.9050550785170859
    outer loop
      vertex 320.0360179293078 0.821149209133704 -327.0656559798665
      vertex 320.06759238011784 0.844327925502015 -327.0508188316958
      vertex 321.9101277598926 4 -326.18499314864357
    endloop
  endfacet
  facet normal -0.4252943743495213 8.329959488986921e-13 0.9050550785154732
    outer loop
      vertex 320.06759238011784 0.844327925502015 -327.0508188316958
      vertex 320.10001760286053 0.8660254037844386 -327.03558189734025
      vertex 321.9101277598926 4 -326.18499314864357
    endloop
  endfacet
  facet normal -0.4252943743499088 1.0183210937778187e-12 0.9050550785152911
    outer loop
      vertex 320.2728677420118 0.9510565162951535 -326.9543578994518
      vertex 320.3091578927571 0.9631625667976582 -326.93730479702447
      vertex 321.9101277598926 4 -326.18499314864357
    endloop
  endfacet
  facet normal -0.4252943743467323 -1.133577488210035e-12 0.9050550785167837
    outer loop
      vertex 320.133236712677 0.8862035792312147 -327.0199719075605
      vertex 321.9101277598926 4 -326.18499314864357
      vertex 320.10001760286053 0.8660254037844386 -327.03558189734025
    endloop
  endfacet
  facet normal -0.42529437434904854 4.801089604539168e-13 0.9050550785156952
    outer loop
      vertex 320.133236712677 0.8862035792312147 -327.0199719075605
      vertex 320.16719143196065 0.9048270524660195 -327.00401624758274
      vertex 321.9101277598926 4 -326.18499314864357
    endloop
  endfacet
  facet normal -0.42529437434883066 3.302305016225081e-13 0.9050550785157977
    outer loop
      vertex 320.16719143196065 0.9048270524660195 -327.00401624758274
      vertex 320.20182219259596 0.9218631515885005 -326.98774290905646
      vertex 321.9101277598926 4 -326.18499314864357
    endloop
  endfacet
  facet normal -0.4252943743483545 7.644458635413163e-15 0.9050550785160215
    outer loop
      vertex 320.20182219259596 0.9218631515885005 -326.98774290905646
      vertex 320.2370682404612 0.9372819894918915 -326.97118044094714
      vertex 321.9101277598926 4 -326.18499314864357
    endloop
  endfacet
  facet normal -0.4252943743476235 -4.797909079987505e-13 0.9050550785163649
    outer loop
      vertex 320.2370682404612 0.9372819894918915 -326.97118044094714
      vertex 320.2728677420118 0.9510565162951535 -326.9543578994518
      vertex 321.9101277598926 4 -326.18499314864357
    endloop
  endfacet
  facet normal -0.4252943743501227 1.1107066288909198e-12 0.9050550785151905
    outer loop
      vertex 320.34587502744137 0.9735789028731603 -326.9200510506017
      vertex 320.3829547317338 0.9822872507286887 -326.90262692911733
      vertex 321.9101277598926 4 -326.18499314864357
    endloop
  endfacet
  facet normal -0.4252943743465255 -1.159124255531693e-12 0.9050550785168809
    outer loop
      vertex 320.3091578927571 0.9631625667976582 -326.93730479702447
      vertex 320.34587502744137 0.9735789028731603 -326.9200510506017
      vertex 321.9101277598926 4 -326.18499314864357
    endloop
  endfacet
  facet normal -0.42529437434758394 -4.577867471424146e-13 0.9050550785163836
    outer loop
      vertex 320.3829547317338 0.9822872507286887 -326.90262692911733
      vertex 320.42033195523317 0.9892723329629883 -326.88506300040143
      vertex 321.9101277598926 4 -326.18499314864357
    endloop
  endfacet
  facet normal -0.42529437434852163 1.087290301829961e-13 0.9050550785159428
    outer loop
      vertex 320.42033195523317 0.9892723329629883 -326.88506300040143
      vertex 320.4579411255887 0.9945218953682733 -326.86739007755307
      vertex 321.9101277598926 4 -326.18499314864357
    endloop
  endfacet
  facet normal -0.4252943743483236 -1.1869492054905546e-14 0.905055078516036
    outer loop
      vertex 321.2376673616477 0.6534206039901054 -326.5009889715879
      vertex 321.9101277598926 4 -326.18499314864357
      vertex 321.2123019004452 0.6845471059286887 -326.51290845384733
    endloop
  endfacet
  facet normal -0.4252943743490757 1.813877101259621e-13 0.9050550785156825
    outer loop
      vertex 321.2123019004452 0.6845471059286887 -326.51290845384733
      vertex 321.9101277598926 4 -326.18499314864357
      vertex 321.1857790017017 0.7144726796328034 -326.525371827508
    endloop
  endfacet
  facet normal -0.42529437434721384 -3.197452355708932e-13 0.9050550785165574
    outer loop
      vertex 321.1857790017017 0.7144726796328034 -326.525371827508
      vertex 321.9101277598926 4 -326.18499314864357
      vertex 321.15814519559416 0.7431448254773942 -326.53835722757736
    endloop
  endfacet
  facet normal -0.4252943743489529 2.04032190704182e-13 0.9050550785157403
    outer loop
      vertex 321.0374979041193 0.8443279255020151 -326.5950505886364
      vertex 321.9101277598926 4 -326.18499314864357
      vertex 321.0050726813766 0.8660254037844386 -326.61028752299194
    endloop
  endfacet
  facet normal -0.42529437434732853 -3.0947093541986344e-13 0.9050550785165034
    outer loop
      vertex 321.1294489612086 0.7705132427757891 -326.5518418732513
      vertex 321.9101277598926 4 -326.18499314864357
      vertex 321.09974064149105 0.7965299180241963 -326.5658021078791
    endloop
  endfacet
  facet normal -0.4252943743489962 1.8267791774341436e-13 0.9050550785157198
    outer loop
      vertex 321.15814519559416 0.7431448254773942 -326.53835722757736
      vertex 321.9101277598926 4 -326.18499314864357
      vertex 321.1294489612086 0.7705132427757891 -326.5518418732513
    endloop
  endfacet
  facet normal -0.42529437434869866 1.1363762579077762e-13 0.9050550785158598
    outer loop
      vertex 321.06907235492935 0.821149209133704 -326.5802134404656
      vertex 321.09974064149105 0.7965299180241963 -326.5658021078791
      vertex 321.9101277598926 4 -326.18499314864357
    endloop
  endfacet
  facet normal -0.42529437434838635 1.2770776394975983e-14 0.9050550785160066
    outer loop
      vertex 321.06907235492935 0.821149209133704 -326.5802134404656
      vertex 321.9101277598926 4 -326.18499314864357
      vertex 321.0374979041193 0.8443279255020151 -326.5950505886364
    endloop
  endfacet
  facet normal -0.4252943743468481 -2.959217563704702e-13 0.9050550785167293
    outer loop
      vertex 321.3632136196098 0.44463517918492745 -326.44199353749866
      vertex 321.9101277598926 4 -326.18499314864357
      vertex 321.3456509532298 0.4817536741017153 -326.45024640893956
    endloop
  endfacet
  facet normal -0.4252943743484791 2.5949559451333627e-14 0.9050550785159628
    outer loop
      vertex 321.32669690975797 0.5180270093731302 -326.4591531023012
      vertex 321.9101277598926 4 -326.18499314864357
      vertex 321.3063847410271 0.5533915492433441 -326.46869799221685
    endloop
  endfacet
  facet normal -0.4252943743482044 -3.0243809684221215e-14 0.9050550785160919
    outer loop
      vertex 321.3456509532298 0.4817536741017153 -326.45024640893956
      vertex 321.9101277598926 4 -326.18499314864357
      vertex 321.32669690975797 0.5180270093731302 -326.4591531023012
    endloop
  endfacet
  facet normal -0.42529437434867084 6.694697289921203e-14 0.9050550785158729
    outer loop
      vertex 321.3063847410271 0.5533915492433441 -326.46869799221685
      vertex 321.9101277598926 4 -326.18499314864357
      vertex 321.2847500814834 0.5877852522924731 -326.4788643337062
    endloop
  endfacet
  facet normal -0.425294374349052 1.5221698292355322e-13 0.9050550785156937
    outer loop
      vertex 321.2847500814834 0.5877852522924731 -326.4788643337062
      vertex 321.9101277598926 4 -326.18499314864357
      vertex 321.2618308856711 0.6211477802783103 -326.48963429155185
    endloop
  endfacet
  facet normal -0.4252943743477354 -1.561488854284358e-13 0.9050550785163123
    outer loop
      vertex 321.2618308856711 0.6211477802783103 -326.48963429155185
      vertex 321.9101277598926 4 -326.18499314864357
      vertex 321.2376673616477 0.6534206039901054 -326.5009889715879
    endloop
  endfacet
  facet normal -0.4252943743485364 5.7196524092187e-14 0.9050550785159359
    outer loop
      vertex 321.0050726813766 0.8660254037844386 -326.61028752299194
      vertex 321.9101277598926 4 -326.18499314864357
      vertex 320.97185357156013 0.8862035792312147 -326.62589751277176
    endloop
  endfacet
  facet normal -0.4252943743477037 -2.4912196870538024e-13 0.9050550785163273
    outer loop
      vertex 320.9378988522765 0.9048270524660195 -326.64185317274945
      vertex 320.97185357156013 0.8862035792312147 -326.62589751277176
      vertex 321.9101277598926 4 -326.18499314864357
    endloop
  endfacet
  facet normal -0.42529437434834816 9.925238024083427e-15 0.9050550785160244
    outer loop
      vertex 320.90326809164117 0.9218631515885005 -326.65812651127567
      vertex 321.9101277598926 4 -326.18499314864357
      vertex 320.8680220437759 0.9372819894918915 -326.674688979385
    endloop
  endfacet
  facet normal -0.42529437434759754 -2.8984518085012085e-13 0.9050550785163771
    outer loop
      vertex 320.9378988522765 0.9048270524660195 -326.64185317274945
      vertex 321.9101277598926 4 -326.18499314864357
      vertex 320.90326809164117 0.9218631515885005 -326.65812651127567
    endloop
  endfacet
  facet normal -0.4252943743483275 1.3168093580243254e-15 0.9050550785160342
    outer loop
      vertex 320.8680220437759 0.9372819894918915 -326.674688979385
      vertex 321.9101277598926 4 -326.18499314864357
      vertex 320.8322225422254 0.9510565162951535 -326.69151152088034
    endloop
  endfacet
  facet normal -0.42529437434949274 5.042513113457248e-13 0.9050550785154865
    outer loop
      vertex 320.8322225422254 0.9510565162951535 -326.69151152088034
      vertex 321.9101277598926 4 -326.18499314864357
      vertex 320.79593239148005 0.9631625667976582 -326.70856462330767
    endloop
  endfacet
  facet normal -0.42529437434803447 -1.7357025001165323e-13 0.9050550785161718
    outer loop
      vertex 320.5714991855904 0.9997806834748455 -326.81402801680446
      vertex 320.60937402070124 0.9980267284282716 -326.7962302554479
      vertex 321.9101277598926 4 -326.18499314864357
    endloop
  endfacet
  facet normal -0.425294374348779 2.2025214188141212e-13 0.905055078515822
    outer loop
      vertex 320.64714915864846 0.9945218953682733 -326.77847934277906
      vertex 321.9101277598926 4 -326.18499314864357
      vertex 320.60937402070124 0.9980267284282716 -326.7962302554479
    endloop
  endfacet
  facet normal -0.4252943743481981 -8.217645780973576e-14 0.9050550785160949
    outer loop
      vertex 320.4957162635359 0.9980267284282716 -326.8496391648843
      vertex 321.9101277598926 4 -326.18499314864357
      vertex 320.4579411255887 0.9945218953682733 -326.86739007755307
    endloop
  endfacet
  facet normal -0.42529437434748646 -4.915382037226668e-13 0.9050550785164294
    outer loop
      vertex 320.4957162635359 0.9980267284282716 -326.8496391648843
      vertex 320.53359109864675 0.9997806834748455 -326.83184140352773
      vertex 321.9101277598926 4 -326.18499314864357
    endloop
  endfacet
  facet normal -0.4252943743487463 2.1416287172179194e-13 0.9050550785158373
    outer loop
      vertex 320.53359109864675 0.9997806834748455 -326.83184140352773
      vertex 320.5714991855904 0.9997806834748455 -326.81402801680446
      vertex 321.9101277598926 4 -326.18499314864357
    endloop
  endfacet
  facet normal -0.4252943743481867 -8.638612750446522e-14 0.9050550785161001
    outer loop
      vertex 320.7221355525034 0.9822872507286887 -326.7432424912148
      vertex 320.75921525679576 0.9735789028731603 -326.7258183697305
      vertex 321.9101277598926 4 -326.18499314864357
    endloop
  endfacet
  facet normal -0.42529437434770284 -3.1895183855370145e-13 0.9050550785163275
    outer loop
      vertex 320.684758329004 0.9892723329629883 -326.7608064199307
      vertex 320.7221355525034 0.9822872507286887 -326.7432424912148
      vertex 321.9101277598926 4 -326.18499314864357
    endloop
  endfacet
  facet normal -0.4252943743485005 7.735717343753435e-14 0.9050550785159529
    outer loop
      vertex 320.684758329004 0.9892723329629883 -326.7608064199307
      vertex 321.9101277598926 4 -326.18499314864357
      vertex 320.64714915864846 0.9945218953682733 -326.77847934277906
    endloop
  endfacet
  facet normal -0.4252943743485336 7.46561086464717e-14 0.9050550785159371
    outer loop
      vertex 320.75921525679576 0.9735789028731603 -326.7258183697305
      vertex 320.79593239148005 0.9631625667976582 -326.70856462330767
      vertex 321.9101277598926 4 -326.18499314864357
    endloop
  endfacet
  facet normal -0.7730937252241308 0 -0.6342918035250622
    outer loop
      vertex 315.08447797614 -4 -332.00800364348777
      vertex 314.1899264275966 4 -330.9176975962946
      vertex 315.08447797614 5 -332.00800364348777
    endloop
  endfacet
  facet normal -0.8553269424821094 0.3269110066624659 -0.40192662910926846
    outer loop
      vertex 313.7646320532483 4 -330.01264251777854
      vertex 315.08447797614 5 -332.00800364348777
      vertex 314.1899264275966 4 -330.9176975962946
    endloop
  endfacet
  facet normal -0.6039024736386044 0.797058217656135 0
    outer loop
      vertex 313.7646320532483 4 -330.01264251777854
      vertex 315.08447797614 5 -331.90800364348775
      vertex 315.08447797614 5 -332.00800364348777
    endloop
  endfacet
  facet normal -0.1710301166264698 0.9155758789368386 0.36396360960372365
    outer loop
      vertex 313.7646320532483 4 -330.01264251777854
      vertex 321.9101277598926 4 -326.18499314864357
      vertex 315.08447797614 5 -331.90800364348775
    endloop
  endfacet
  facet normal -0.42529437434833095 -5.113816299108229e-15 0.9050550785160325
    outer loop
      vertex 320.00534964274607 0.7965299180241963 -327.080067312453
      vertex 321.9101277598926 4 -326.18499314864357
      vertex 313.7646320532483 4 -330.01264251777854
    endloop
  endfacet
  facet normal 0.22594375887714094 0 0.9741403481144124
    outer loop
      vertex 321.9101277598926 -4 -326.18499314864357
      vertex 346.58447797614 5 -331.90800364348775
      vertex 321.9101277598926 4 -326.18499314864357
    endloop
  endfacet
  facet normal 0 0.9850750587888607 0.1721253280378061
    outer loop
      vertex 321.9101277598926 4 -326.18499314864357
      vertex 346.58447797614 5 -331.90800364348775
      vertex 315.08447797614 5 -331.90800364348775
    endloop
  endfacet
  facet normal 0.2259437588771409 0 0.9741403481144123
    outer loop
      vertex 321.9101277598926 -4 -326.18499314864357
      vertex 346.58447797614 -4 -331.90800364348775
      vertex 346.58447797614 5 -331.90800364348775
    endloop
  endfacet
  facet normal 1 0 0
    outer loop
      vertex 346.58447797614 -4 -331.90800364348775
      vertex 346.58447797614 -4 -332.00800364348777
      vertex 346.58447797614 5 -331.90800364348775
    endloop
  endfacet
  facet normal 1 0 0
    outer loop
      vertex 346.58447797614 -4 -332.00800364348777
      vertex 346.58447797614 5 -332.00800364348777
      vertex 346.58447797614 5 -331.90800364348775
    endloop
  endfacet
  facet normal -1 0 0
    outer loop
      vertex 315.08447797614 -4 -332.00800364348777
      vertex 315.08447797614 -3.37832909034046 -333
      vertex 315.08447797614 -3.385988169725107 -333.20386783546945
    endloop
  endfacet
  facet normal -1 0 0
    outer loop
      vertex 315.08447797614 -4 -332.00800364348777
      vertex 315.08447797614 -3.385988169725107 -333.20386783546945
      vertex 315.08447797614 -3.387820669657842 -333.25275028726804
    endloop
  endfacet
  facet normal -1 0 0
    outer loop
      vertex 315.08447797614 -4 -332.00800364348777
      vertex 315.08447797614 -3.387820669657842 -333.25275028726804
      vertex 315.08447797614 -3.400728682284561 -333.5979771708851
    endloop
  endfacet
  facet normal -1 0 0
    outer loop
      vertex 315.08447797614 -4 -332.00800364348777
      vertex 315.08447797614 -3.400728682284561 -333.5979771708851
      vertex 315.08447797614 -3.452150531771742 -334.9770995787271
    endloop
  endfacet
  facet normal -1 0 0
    outer loop
      vertex 315.08447797614 -4 -332.00800364348777
      vertex 315.08447797614 -3.452150531771742 -334.9770995787271
      vertex 315.08447797614 -3.472235027150813 -335.51585789925576
    endloop
  endfacet
  facet normal -1 0 0
    outer loop
      vertex 315.08447797614 -4 -332.00800364348777
      vertex 315.08447797614 -3.472235027150813 -335.51585789925576
      vertex 315.08447797614 -3.5027872093828063 -336.3367373914744
    endloop
  endfacet
  facet normal -1 0 0
    outer loop
      vertex 315.08447797614 -4 -332.00800364348777
      vertex 315.08447797614 -3.5027872093828063 -336.3367373914744
      vertex 315.08447797614 -3.5081993422056374 -336.482699186688
    endloop
  endfacet
  facet normal -1 0 0
    outer loop
      vertex 315.08447797614 -4 -332.00800364348777
      vertex 315.08447797614 -3.5081993422056374 -336.482699186688
      vertex 315.08447797614 -3.513640915757461 -336.62959357374325
    endloop
  endfacet
  facet normal -1 0 0
    outer loop
      vertex 315.08447797614 -4 -332.00800364348777
      vertex 315.08447797614 -3.513640915757461 -336.62959357374325
      vertex 315.08447797614 -3.552722084557979 -337.68722358608613
    endloop
  endfacet
  facet normal -1 0 0
    outer loop
      vertex 315.08447797614 -4 -332.00800364348777
      vertex 315.08447797614 -3.552722084557979 -337.68722358608613
      vertex 315.08447797614 -3.6076387419457268 -339.1759243591452
    endloop
  endfacet
  facet normal -1 0 0
    outer loop
      vertex 315.08447797614 -4 -332.00800364348777
      vertex 315.08447797614 -3.6076387419457268 -339.1759243591452
      vertex 315.08447797614 -3.6141711294515244 -339.3531443956492
    endloop
  endfacet
  facet normal -1 0 0
    outer loop
      vertex 315.08447797614 -4 -332.00800364348777
      vertex 315.08447797614 -3.6141711294515244 -339.3531443956492
      vertex 315.08447797614 -3.627791296764613 -339.7236521088745
    endloop
  endfacet
  facet normal -1 0 0
    outer loop
      vertex 315.08447797614 -4 -332.00800364348777
      vertex 315.08447797614 4.081811701429645 -333
      vertex 315.08447797614 -3.37832909034046 -333
    endloop
  endfacet
  facet normal -1 0 0
    outer loop
      vertex 315.08447797614 -4 -332.00800364348777
      vertex 315.08447797614 -3.627791296764613 -339.7236521088745
      vertex 315.08447797614 -3.6281520799446807 -339.73348028688963
    endloop
  endfacet
  facet normal -1 0 0
    outer loop
      vertex 315.08447797614 -4 -332.00800364348777
      vertex 315.08447797614 -3.6281520799446807 -339.73348028688963
      vertex 315.08447797614 -3.6295787271607547 -339.77244335361866
    endloop
  endfacet
  facet normal -1 0 0
    outer loop
      vertex 315.08447797614 -4 -332.00800364348777
      vertex 315.08447797614 -3.6295787271607547 -339.77244335361866
      vertex 315.08447797614 -3.6342451641747227 -339.9
    endloop
  endfacet
  facet normal -1 0 0
    outer loop
      vertex 315.08447797614 -4 -332.00800364348777
      vertex 315.08447797614 -3.6342451641747227 -339.9
      vertex 315.08447797614 -4 -347.90800364348775
    endloop
  endfacet
  facet normal -1 0 0
    outer loop
      vertex 315.08447797614 -4 -347.90800364348775
      vertex 315.08447797614 -3.6342451641747227 -339.9
      vertex 315.08447797614 -3.689706612962408 -341.4159324666995
    endloop
  endfacet
  facet normal -1 0 0
    outer loop
      vertex 315.08447797614 -4 -347.90800364348775
      vertex 315.08447797614 -3.689706612962408 -341.4159324666995
      vertex 315.08447797614 -3.6929580296198705 -341.5050466692169
    endloop
  endfacet
  facet normal -1 0 0
    outer loop
      vertex 315.08447797614 -4 -347.90800364348775
      vertex 315.08447797614 -3.6929580296198705 -341.5050466692169
      vertex 315.08447797614 -3.745691437123454 -342.95539495149524
    endloop
  endfacet
  facet normal -1 0 0
    outer loop
      vertex 315.08447797614 -4 -347.90800364348775
      vertex 315.08447797614 -3.745691437123454 -342.95539495149524
      vertex 315.08447797614 -3.7713909137684665 -343.66321532228096
    endloop
  endfacet
  facet normal -1 0 0
    outer loop
      vertex 315.08447797614 -4 -347.90800364348775
      vertex 315.08447797614 -3.7928394068407463 -344.25526555301303
      vertex 315.08447797614 -3.7965189151979035 -344.3573963225907
    endloop
  endfacet
  facet normal -1 0 0
    outer loop
      vertex 315.08447797614 -4 -347.90800364348775
      vertex 315.08447797614 -3.7713909137684665 -343.66321532228096
      vertex 315.08447797614 -3.7928394068407463 -344.25526555301303
    endloop
  endfacet
  facet normal -1 0 0
    outer loop
      vertex 315.08447797614 -4 -347.90800364348775
      vertex 315.08447797614 -3.7965189151979035 -344.3573963225907
      vertex 315.08447797614 -3.854165692774814 -345.9578869084089
    endloop
  endfacet
  facet normal -1 0 0
    outer loop
      vertex 315.08447797614 -4 -347.90800364348775
      vertex 315.08447797614 -3.854165692774814 -345.9578869084089
      vertex 315.08447797614 -3.881203915192521 -346.711
    endloop
  endfacet
  facet normal -1 0 0
    outer loop
      vertex 315.08447797614 -4 -347.90800364348775
      vertex 315.08447797614 -3.881203915192521 -346.711
      vertex 315.08447797614 -3.9077159629902765 -347.4485052278754
    endloop
  endfacet
  facet normal -1 0 0
    outer loop
      vertex 315.08447797614 -4 -347.90800364348775
      vertex 315.08447797614 -3.9077159629902765 -347.4485052278754
      vertex 315.08447797614 -3.916657914770715 -347.6986488030103
    endloop
  endfacet
  facet normal -1 0 0
    outer loop
      vertex 315.08447797614 -4 -347.90800364348775
      vertex 315.08447797614 -3.916657914770715 -347.6986488030103
      vertex 315.08447797614 -3.924139838355514 -347.90800364348775
    endloop
  endfacet
  facet normal 0 0 -1
    outer loop
      vertex 315.08447797614 -4 -347.90800364348775
      vertex 315.08447797614 -3.924139838355514 -347.90800364348775
      vertex 315.31805059363387 -3.909981127719775 -347.90800364348775
    endloop
  endfacet
  facet normal 0 0 -1
    outer loop
      vertex 315.08447797614 -4 -347.90800364348775
      vertex 315.31805059363387 -3.909981127719775 -347.90800364348775
      vertex 315.575669880373 -3.8943626135886142 -347.90800364348775
    endloop
  endfacet
  facet normal 0 0 -1
    outer loop
      vertex 315.08447797614 -4 -347.90800364348775
      vertex 315.575669880373 -3.8943626135886142 -347.90800364348775
      vertex 316.72893563321753 -3.824227476350323 -347.90800364348775
    endloop
  endfacet
  facet normal 0 -1 0
    outer loop
      vertex 315.08447797614 -4 -331.90800364348775
      vertex 315.08447797614 -4 -332.00800364348777
      vertex 346.58447797614 -4 -347.90800364348775
    endloop
  endfacet
  facet normal 0 -1 0
    outer loop
      vertex 315.08447797614 -4 -332.00800364348777
      vertex 315.08447797614 -4 -347.90800364348775
      vertex 346.58447797614 -4 -347.90800364348775
    endloop
  endfacet
  facet normal 0 0 -1
    outer loop
      vertex 315.08447797614 -4 -347.90800364348775
      vertex 316.72893563321753 -3.824227476350323 -347.90800364348775
      vertex 346.58447797614 -4 -347.90800364348775
    endloop
  endfacet
  facet normal 0 0 -1
    outer loop
      vertex 346.58447797614 -4 -347.90800364348775
      vertex 316.72893563321753 -3.824227476350323 -347.90800364348775
      vertex 316.9693702761105 -3.809583039331491 -347.90800364348775
    endloop
  endfacet
  facet normal 0 0 -1
    outer loop
      vertex 346.58447797614 -4 -347.90800364348775
      vertex 316.9693702761105 -3.809583039331491 -347.90800364348775
      vertex 318.6107762266737 -3.709528354267237 -347.90800364348775
    endloop
  endfacet
  facet normal 0 0 -1
    outer loop
      vertex 346.58447797614 -4 -347.90800364348775
      vertex 318.6107762266737 -3.709528354267237 -347.90800364348775
      vertex 318.66498627446396 -3.7062148633916543 -347.90800364348775
    endloop
  endfacet
  facet normal 0 0 -1
    outer loop
      vertex 346.58447797614 -4 -347.90800364348775
      vertex 318.66498627446396 -3.7062148633916543 -347.90800364348775
      vertex 319.7764333673147 -3.6381422156645193 -347.90800364348775
    endloop
  endfacet
  facet normal 0 0 -1
    outer loop
      vertex 346.58447797614 -4 -347.90800364348775
      vertex 319.7764333673147 -3.6381422156645193 -347.90800364348775
      vertex 320.01227263842617 -3.623686675603716 -347.90800364348775
    endloop
  endfacet
  facet normal 0 0 -1
    outer loop
      vertex 346.58447797614 -4 -347.90800364348775
      vertex 320.01227263842617 -3.623686675603716 -347.90800364348775
      vertex 320.34987365749754 -3.60296071580611 -347.90800364348775
    endloop
  endfacet
  facet normal 0 0 -1
    outer loop
      vertex 346.58447797614 -4 -347.90800364348775
      vertex 320.34987365749754 -3.60296071580611 -347.90800364348775
      vertex 320.6004681486068 -3.587558708838737 -347.90800364348775
    endloop
  endfacet
  facet normal 0 0 -1
    outer loop
      vertex 346.58447797614 -4 -347.90800364348775
      vertex 320.6004681486068 -3.587558708838737 -347.90800364348775
      vertex 321.6906723112696 -3.520366455648469 -347.90800364348775
    endloop
  endfacet
  facet normal 0 0 -1
    outer loop
      vertex 346.58447797614 -4 -347.90800364348775
      vertex 321.6906723112696 -3.520366455648469 -347.90800364348775
      vertex 321.9691420916879 -3.503183546391621 -347.90800364348775
    endloop
  endfacet
  facet normal -1 0 0
    outer loop
      vertex 315.08447797614 -4 -332.00800364348777
      vertex 315.08447797614 5 -332.00800364348777
      vertex 315.08447797614 4.081811701429645 -333
    endloop
  endfacet
  facet normal -1 0 0
    outer loop
      vertex 315.08447797614 5 -332.00800364348777
      vertex 315.08447797614 4.294592533119253 -335.6418006851035
      vertex 315.08447797614 4.081811701429645 -333
    endloop
  endfacet
  facet normal -1 0 0
    outer loop
      vertex 315.08447797614 5 -332.00800364348777
      vertex 315.08447797614 4.295481295992896 -335.6532096718857
      vertex 315.08447797614 4.294592533119253 -335.6418006851035
    endloop
  endfacet
  facet normal -1 0 0
    outer loop
      vertex 315.08447797614 5 -332.00800364348777
      vertex 315.08447797614 4.619615567753974 -339.9
      vertex 315.08447797614 4.295481295992896 -335.6532096718857
    endloop
  endfacet
  facet normal 0 1 0
    outer loop
      vertex 315.08447797614 5 -331.90800364348775
      vertex 346.58447797614 5 -331.90800364348775
      vertex 315.08447797614 5 -332.00800364348777
    endloop
  endfacet
  facet normal 0 1 0
    outer loop
      vertex 315.08447797614 5 -332.00800364348777
      vertex 346.58447797614 5 -331.90800364348775
      vertex 315.08447797614 5 -344.7307608852383
    endloop
  endfacet
  facet normal -1 0 0
    outer loop
      vertex 315.08447797614 5 -332.00800364348777
      vertex 315.08447797614 4.854723004809888 -342.82334499599637
      vertex 315.08447797614 4.619615567753974 -339.9
    endloop
  endfacet
  facet normal -1 0 0
    outer loop
      vertex 315.08447797614 5 -332.00800364348777
      vertex 315.08447797614 4.855700594138473 -342.83591872655643
      vertex 315.08447797614 4.854723004809888 -342.82334499599637
    endloop
  endfacet
  facet normal -1 0 0
    outer loop
      vertex 315.08447797614 5 -332.00800364348777
      vertex 315.08447797614 5 -344.7307608852383
      vertex 315.08447797614 4.855700594138473 -342.83591872655643
    endloop
  endfacet
  facet normal 0 1 0
    outer loop
      vertex 346.58447797614 5 -331.90800364348775
      vertex 316.10098973979404 5 -346.711
      vertex 315.08447797614 5 -344.7307608852383
    endloop
  endfacet
  facet normal 0 1 0
    outer loop
      vertex 346.58447797614 5 -331.90800364348775
      vertex 316.7488128226833 5 -347.90800364348775
      vertex 316.10098973979404 5 -346.711
    endloop
  endfacet
  facet normal 0 -1 0
    outer loop
      vertex 315.08447797614 -4 -331.90800364348775
      vertex 346.58447797614 -4 -332.00800364348777
      vertex 346.58447797614 -4 -331.90800364348775
    endloop
  endfacet
  facet normal 1 0 0
    outer loop
      vertex 346.58447797614 -4 -332.00800364348777
      vertex 346.58447797614 -0.9662490971185231 -333.4672446721787
      vertex 346.58447797614 -0.9251437746017092 -333
    endloop
  endfacet
  facet normal 1 0 0
    outer loop
      vertex 346.58447797614 -4 -332.00800364348777
      vertex 346.58447797614 -0.9251437746017092 -333
      vertex 346.58447797614 -0.5697065471298093 -333
    endloop
  endfacet
  facet normal 1 0 0
    outer loop
      vertex 346.58447797614 -4 -332.00800364348777
      vertex 346.58447797614 -1.0786641468239002 -334.80248654399793
      vertex 346.58447797614 -1.0350326019816405 -334.2689444302424
    endloop
  endfacet
  facet normal 1 0 0
    outer loop
      vertex 346.58447797614 -4 -332.00800364348777
      vertex 346.58447797614 -1.0940831002482436 -334.9915154761147
      vertex 346.58447797614 -1.0786641468239002 -334.80248654399793
    endloop
  endfacet
  facet normal 1 0 0
    outer loop
      vertex 346.58447797614 -4 -332.00800364348777
      vertex 346.58447797614 -1.0981090320287057 -335.0426024565147
      vertex 346.58447797614 -1.0940831002482436 -334.9915154761147
    endloop
  endfacet
  facet normal 1 0 0
    outer loop
      vertex 346.58447797614 -4 -332.00800364348777
      vertex 346.58447797614 -1.099800648879575 -335.064120074403
      vertex 346.58447797614 -1.0981090320287057 -335.0426024565147
    endloop
  endfacet
  facet normal 1 0 0
    outer loop
      vertex 346.58447797614 -4 -332.00800364348777
      vertex 346.58447797614 -1.1375436071332774 -335.56093431877173
      vertex 346.58447797614 -1.099800648879575 -335.064120074403
    endloop
  endfacet
  facet normal 1 0 0
    outer loop
      vertex 346.58447797614 -4 -332.00800364348777
      vertex 346.58447797614 -0.9699836959632188 -333.50977022000905
      vertex 346.58447797614 -0.9662490971185231 -333.4672446721787
    endloop
  endfacet
  facet normal 1 0 0
    outer loop
      vertex 346.58447797614 -4 -332.00800364348777
      vertex 346.58447797614 -0.9737116560793057 -333.55259223980295
      vertex 346.58447797614 -0.9699836959632188 -333.50977022000905
    endloop
  endfacet
  facet normal 1 0 0
    outer loop
      vertex 346.58447797614 -4 -332.00800364348777
      vertex 346.58447797614 -0.9740398638309977 -333.5563705035268
      vertex 346.58447797614 -0.9737116560793057 -333.55259223980295
    endloop
  endfacet
  facet normal 1 0 0
    outer loop
      vertex 346.58447797614 -4 -332.00800364348777
      vertex 346.58447797614 -1.0210846056966154 -334.104943977415
      vertex 346.58447797614 -0.9740398638309977 -333.5563705035268
    endloop
  endfacet
  facet normal 1 0 0
    outer loop
      vertex 346.58447797614 -4 -332.00800364348777
      vertex 346.58447797614 -1.0300788945701789 -334.2100762552637
      vertex 346.58447797614 -1.0210846056966154 -334.104943977415
    endloop
  endfacet
  facet normal 1 0 0
    outer loop
      vertex 346.58447797614 -4 -332.00800364348777
      vertex 346.58447797614 -1.0350326019816405 -334.2689444302424
      vertex 346.58447797614 -1.03412777167433 -334.2581718701722
    endloop
  endfacet
  facet normal 1 0 0
    outer loop
      vertex 346.58447797614 -4 -332.00800364348777
      vertex 346.58447797614 -1.03412777167433 -334.2581718701722
      vertex 346.58447797614 -1.0300788945701789 -334.2100762552637
    endloop
  endfacet
  facet normal 1 0 0
    outer loop
      vertex 346.58447797614 -4 -332.00800364348777
      vertex 346.58447797614 -1.1634769374181009 -335.904478565716
      vertex 346.58447797614 -1.1597681667757707 -335.8542868127063
    endloop
  endfacet
  facet normal 1 0 0
    outer loop
      vertex 346.58447797614 -4 -332.00800364348777
      vertex 346.58447797614 -1.1661668635150593 -335.9409759524238
      vertex 346.58447797614 -1.1634769374181009 -335.904478565716
    endloop
  endfacet
  facet normal 1 0 0
    outer loop
      vertex 346.58447797614 -4 -332.00800364348777
      vertex 346.58447797614 -1.1597681667757707 -335.8542868127063
      vertex 346.58447797614 -1.1375436071332774 -335.56093431877173
    endloop
  endfacet
  facet normal 1 0 0
    outer loop
      vertex 346.58447797614 -4 -332.00800364348777
      vertex 346.58447797614 -1.1978269821551781 -336.37823273274495
      vertex 346.58447797614 -1.1661668635150593 -335.9409759524238
    endloop
  endfacet
  facet normal 1 0 0
    outer loop
      vertex 346.58447797614 -4 -332.00800364348777
      vertex 346.58447797614 -1.2280952165034058 -336.79748810396393
      vertex 346.58447797614 -1.1978269821551781 -336.37823273274495
    endloop
  endfacet
  facet normal 1 0 0
    outer loop
      vertex 346.58447797614 -4 -332.00800364348777
      vertex 346.58447797614 -1.2352837900993887 -336.898979818463
      vertex 346.58447797614 -1.2312861876305607 -336.84247241178207
    endloop
  endfacet
  facet normal 1 0 0
    outer loop
      vertex 346.58447797614 -4 -332.00800364348777
      vertex 346.58447797614 -1.2312861876305607 -336.84247241178207
      vertex 346.58447797614 -1.2280952165034058 -336.79748810396393
    endloop
  endfacet
  facet normal 1 0 0
    outer loop
      vertex 346.58447797614 -4 -332.00800364348777
      vertex 346.58447797614 -1.2598065900813684 -337.2527710398984
      vertex 346.58447797614 -1.2352837900993887 -336.898979818463
    endloop
  endfacet
  facet normal 1 0 0
    outer loop
      vertex 346.58447797614 -4 -332.00800364348777
      vertex 346.58447797614 -1.299042143111958 -337.820565831684
      vertex 346.58447797614 -1.2598065900813684 -337.2527710398984
    endloop
  endfacet
  facet normal 1 0 0
    outer loop
      vertex 346.58447797614 -4 -332.00800364348777
      vertex 346.58447797614 -1.30139234354548 -337.8553706120137
      vertex 346.58447797614 -1.299042143111958 -337.820565831684
    endloop
  endfacet
  facet normal 1 0 0
    outer loop
      vertex 346.58447797614 -4 -332.00800364348777
      vertex 346.58447797614 -1.3069523176381563 -337.93794312260525
      vertex 346.58447797614 -1.30139234354548 -337.8553706120137
    endloop
  endfacet
  facet normal 1 0 0
    outer loop
      vertex 346.58447797614 -4 -332.00800364348777
      vertex 346.58447797614 -1.3230938580266498 -338.18335283941406
      vertex 346.58447797614 -1.3069523176381563 -337.93794312260525
    endloop
  endfacet
  facet normal 1 0 0
    outer loop
      vertex 346.58447797614 -4 -332.00800364348777
      vertex 346.58447797614 -1.3727976010080352 -338.94188553978086
      vertex 346.58447797614 -1.3716053582718835 -338.92331379433597
    endloop
  endfacet
  facet normal 1 0 0
    outer loop
      vertex 346.58447797614 -4 -332.00800364348777
      vertex 346.58447797614 -1.3801599274060559 -339.0569120700013
      vertex 346.58447797614 -1.3727976010080352 -338.94188553978086
    endloop
  endfacet
  facet normal 1 0 0
    outer loop
      vertex 346.58447797614 -4 -332.00800364348777
      vertex 346.58447797614 -1.3716053582718835 -338.92331379433597
      vertex 346.58447797614 -1.3230938580266498 -338.18335283941406
    endloop
  endfacet
  facet normal 1 0 0
    outer loop
      vertex 346.58447797614 -4 -332.00800364348777
      vertex 346.58447797614 -1.387123774996656 -339.1681804713221
      vertex 346.58447797614 -1.3801599274060559 -339.0569120700013
    endloop
  endfacet
  facet normal 1 0 0
    outer loop
      vertex 346.58447797614 -4 -332.00800364348777
      vertex 346.58447797614 -1.432767441400898 -339.9
      vertex 346.58447797614 -1.387123774996656 -339.1681804713221
    endloop
  endfacet
  facet normal 1 0 0
    outer loop
      vertex 346.58447797614 -4 -332.00800364348777
      vertex 346.58447797614 -0.5697065471298093 -333
      vertex 346.58447797614 5 -332.00800364348777
    endloop
  endfacet
  facet normal 0 -1 0
    outer loop
      vertex 315.08447797614 -4 -331.90800364348775
      vertex 346.58447797614 -4 -347.90800364348775
      vertex 346.58447797614 -4 -332.00800364348777
    endloop
  endfacet
  facet normal 0 0 -1
    outer loop
      vertex 346.58447797614 -4 -347.90800364348775
      vertex 321.9691420916879 -3.503183546391621 -347.90800364348775
      vertex 323.52975592045505 -3.4068459645758056 -347.90800364348775
    endloop
  endfacet
  facet normal 0 0 -1
    outer loop
      vertex 346.58447797614 -4 -347.90800364348775
      vertex 323.52975592045505 -3.4068459645758056 -347.90800364348775
      vertex 323.751699746512 -3.3930943139065097 -347.90800364348775
    endloop
  endfacet
  facet normal 0 0 -1
    outer loop
      vertex 346.58447797614 -4 -347.90800364348775
      vertex 323.751699746512 -3.3930943139065097 -347.90800364348775
      vertex 325.0389700264187 -3.313227614857047 -347.90800364348775
    endloop
  endfacet
  facet normal 0 0 -1
    outer loop
      vertex 346.58447797614 -4 -347.90800364348775
      vertex 325.0389700264187 -3.313227614857047 -347.90800364348775
      vertex 326.0649401462358 -3.2493109468723462 -347.90800364348775
    endloop
  endfacet
  facet normal 0 0 -1
    outer loop
      vertex 346.58447797614 -4 -347.90800364348775
      vertex 326.0649401462358 -3.2493109468723462 -347.90800364348775
      vertex 326.1158935995104 -3.2461364949900107 -347.90800364348775
    endloop
  endfacet
  facet normal 0 0 -1
    outer loop
      vertex 346.58447797614 -4 -347.90800364348775
      vertex 326.1158935995104 -3.2461364949900107 -347.90800364348775
      vertex 326.3514339040483 -3.2313823123423955 -347.90800364348775
    endloop
  endfacet
  facet normal 0 0 -1
    outer loop
      vertex 346.58447797614 -4 -347.90800364348775
      vertex 326.3514339040483 -3.2313823123423955 -347.90800364348775
      vertex 326.5686741733482 -3.2177611095760135 -347.90800364348775
    endloop
  endfacet
  facet normal 0 0 -1
    outer loop
      vertex 346.58447797614 -4 -347.90800364348775
      vertex 326.5686741733482 -3.2177611095760135 -347.90800364348775
      vertex 326.8310782411241 -3.20123946170943 -347.90800364348775
    endloop
  endfacet
  facet normal 0 0 -1
    outer loop
      vertex 346.58447797614 -4 -347.90800364348775
      vertex 326.8310782411241 -3.20123946170943 -347.90800364348775
      vertex 327.8353052580957 -3.1379331633564433 -347.90800364348775
    endloop
  endfacet
  facet normal 0 0 -1
    outer loop
      vertex 346.58447797614 -4 -347.90800364348775
      vertex 327.8353052580957 -3.1379331633564433 -347.90800364348775
      vertex 327.8839790859986 -3.1348576092796825 -347.90800364348775
    endloop
  endfacet
  facet normal 0 0 -1
    outer loop
      vertex 346.58447797614 -4 -347.90800364348775
      vertex 327.8839790859986 -3.1348576092796825 -347.90800364348775
      vertex 329.09698272895145 -3.058072827006545 -347.90800364348775
    endloop
  endfacet
  facet normal 0 0 -1
    outer loop
      vertex 346.58447797614 -4 -347.90800364348775
      vertex 329.09698272895145 -3.058072827006545 -347.90800364348775
      vertex 329.3047787032949 -3.0448848898698557 -347.90800364348775
    endloop
  endfacet
  facet normal 0 0 -1
    outer loop
      vertex 346.58447797614 -4 -347.90800364348775
      vertex 329.3047787032949 -3.0448848898698557 -347.90800364348775
      vertex 329.5297810363574 -3.0305914442959825 -347.90800364348775
    endloop
  endfacet
  facet normal 0 0 -1
    outer loop
      vertex 346.58447797614 -4 -347.90800364348775
      vertex 329.5297810363574 -3.0305914442959825 -347.90800364348775
      vertex 329.5772245732695 -3.027572363261249 -347.90800364348775
    endloop
  endfacet
  facet normal 0 0 -1
    outer loop
      vertex 346.58447797614 -4 -347.90800364348775
      vertex 329.5772245732695 -3.027572363261249 -347.90800364348775
      vertex 329.7802802174045 -3.014616758423797 -347.90800364348775
    endloop
  endfacet
  facet normal 0 0 -1
    outer loop
      vertex 346.58447797614 -4 -347.90800364348775
      vertex 329.7802802174045 -3.014616758423797 -347.90800364348775
      vertex 330.74084933606565 -2.9533280755031677 -347.90800364348775
    endloop
  endfacet
  facet normal 0 0 -1
    outer loop
      vertex 346.58447797614 -4 -347.90800364348775
      vertex 330.74084933606565 -2.9533280755031677 -347.90800364348775
      vertex 330.9601644347834 -2.9392976104119377 -347.90800364348775
    endloop
  endfacet
  facet normal 0 0 -1
    outer loop
      vertex 346.58447797614 -4 -347.90800364348775
      vertex 330.9601644347834 -2.9392976104119377 -347.90800364348775
      vertex 331.89882056757216 -2.879090337983272 -347.90800364348775
    endloop
  endfacet
  facet normal 0 0 -1
    outer loop
      vertex 346.58447797614 -4 -347.90800364348775
      vertex 331.89882056757216 -2.879090337983272 -347.90800364348775
      vertex 331.94488907243755 -2.8761345610802547 -347.90800364348775
    endloop
  endfacet
  facet normal 0 0 -1
    outer loop
      vertex 346.58447797614 -4 -347.90800364348775
      vertex 331.94488907243755 -2.8761345610802547 -347.90800364348775
      vertex 332.1578478462777 -2.862398880738421 -347.90800364348775
    endloop
  endfacet
  facet normal 0 0 -1
    outer loop
      vertex 346.58447797614 -4 -347.90800364348775
      vertex 332.1578478462777 -2.862398880738421 -347.90800364348775
      vertex 332.3561274806761 -2.8495914278990533 -347.90800364348775
    endloop
  endfacet
  facet normal 0 0 -1
    outer loop
      vertex 346.58447797614 -4 -347.90800364348775
      vertex 332.3561274806761 -2.8495914278990533 -347.90800364348775
      vertex 332.40078479660593 -2.846695709771489 -347.90800364348775
    endloop
  endfacet
  facet normal 0 0 -1
    outer loop
      vertex 346.58447797614 -4 -347.90800364348775
      vertex 332.40078479660593 -2.846695709771489 -347.90800364348775
      vertex 333.31736291562703 -2.787180761259972 -347.90800364348775
    endloop
  endfacet
  facet normal 0 0 -1
    outer loop
      vertex 346.58447797614 -4 -347.90800364348775
      vertex 333.31736291562703 -2.787180761259972 -347.90800364348775
      vertex 333.5107937443344 -2.774597185402972 -347.90800364348775
    endloop
  endfacet
  facet normal 0 0 -1
    outer loop
      vertex 346.58447797614 -4 -347.90800364348775
      vertex 333.5107937443344 -2.774597185402972 -347.90800364348775
      vertex 333.7172290464631 -2.761141343886483 -347.90800364348775
    endloop
  endfacet
  facet normal 0 0 -1
    outer loop
      vertex 346.58447797614 -4 -347.90800364348775
      vertex 333.7172290464631 -2.761141343886483 -347.90800364348775
      vertex 334.61139271823555 -2.7026688886648222 -347.90800364348775
    endloop
  endfacet
  facet normal 1 0 0
    outer loop
      vertex 346.58447797614 -4 -332.00800364348777
      vertex 346.58447797614 -4 -347.90800364348775
      vertex 346.58447797614 -1.6042894217347192 -342.89507665420786
    endloop
  endfacet
  facet normal 1 0 0
    outer loop
      vertex 346.58447797614 -4 -332.00800364348777
      vertex 346.58447797614 -1.507843900523663 -341.16274108475113
      vertex 346.58447797614 -1.454680489320409 -340.25645015082785
    endloop
  endfacet
  facet normal 1 0 0
    outer loop
      vertex 346.58447797614 -4 -332.00800364348777
      vertex 346.58447797614 -1.5198575219139576 -341.36830172875085
      vertex 346.58447797614 -1.507843900523663 -341.16274108475113
    endloop
  endfacet
  facet normal 1 0 0
    outer loop
      vertex 346.58447797614 -4 -332.00800364348777
      vertex 346.58447797614 -1.5272180500316033 -341.4975022173353
      vertex 346.58447797614 -1.5198575219139576 -341.36830172875085
    endloop
  endfacet
  facet normal 1 0 0
    outer loop
      vertex 346.58447797614 -4 -332.00800364348777
      vertex 346.58447797614 -1.5294590973406623 -341.5369722513658
      vertex 346.58447797614 -1.5272180500316033 -341.4975022173353
    endloop
  endfacet
  facet normal 1 0 0
    outer loop
      vertex 346.58447797614 -4 -332.00800364348777
      vertex 346.58447797614 -1.571562735475158 -342.2970643569744
      vertex 346.58447797614 -1.5294590973406623 -341.5369722513658
    endloop
  endfacet
  facet normal 1 0 0
    outer loop
      vertex 346.58447797614 -4 -332.00800364348777
      vertex 346.58447797614 -1.5942591356685158 -342.70842493817486
      vertex 346.58447797614 -1.571562735475158 -342.2970643569744
    endloop
  endfacet
  facet normal 1 0 0
    outer loop
      vertex 346.58447797614 -4 -332.00800364348777
      vertex 346.58447797614 -1.6042894217347192 -342.89507665420786
      vertex 346.58447797614 -1.6000123284746164 -342.8153219698344
    endloop
  endfacet
  facet normal 1 0 0
    outer loop
      vertex 346.58447797614 -4 -332.00800364348777
      vertex 346.58447797614 -1.6000123284746164 -342.8153219698344
      vertex 346.58447797614 -1.5942591356685158 -342.70842493817486
    endloop
  endfacet
  facet normal 1 0 0
    outer loop
      vertex 346.58447797614 -4 -332.00800364348777
      vertex 346.58447797614 -1.4438330002844704 -340.07773604200236
      vertex 346.58447797614 -1.432767441400898 -339.9
    endloop
  endfacet
  facet normal 1 0 0
    outer loop
      vertex 346.58447797614 -4 -332.00800364348777
      vertex 346.58447797614 -1.4455288720720787 -340.10506996123297
      vertex 346.58447797614 -1.4438330002844704 -340.07773604200236
    endloop
  endfacet
  facet normal 1 0 0
    outer loop
      vertex 346.58447797614 -4 -332.00800364348777
      vertex 346.58447797614 -1.4542146632108504 -340.24872158873075
      vertex 346.58447797614 -1.4455288720720787 -340.10506996123297
    endloop
  endfacet
  facet normal 1 0 0
    outer loop
      vertex 346.58447797614 -4 -332.00800364348777
      vertex 346.58447797614 -1.454680489320409 -340.25645015082785
      vertex 346.58447797614 -1.4542146632108504 -340.24872158873075
    endloop
  endfacet
  facet normal 0 0 -1
    outer loop
      vertex 346.58447797614 -4 -347.90800364348775
      vertex 334.61139271823555 -2.7026688886648222 -347.90800364348775
      vertex 334.6545302613835 -2.699842791503741 -347.90800364348775
    endloop
  endfacet
  facet normal 0 0 -1
    outer loop
      vertex 346.58447797614 -4 -347.90800364348775
      vertex 334.6545302613835 -2.699842791503741 -347.90800364348775
      vertex 334.8539401490267 -2.68671116174437 -347.90800364348775
    endloop
  endfacet
  facet normal 0 0 -1
    outer loop
      vertex 346.58447797614 -4 -347.90800364348775
      vertex 334.8539401490267 -2.68671116174437 -347.90800364348775
      vertex 335.0425588965408 -2.6742583851262216 -347.90800364348775
    endloop
  endfacet
  facet normal 0 0 -1
    outer loop
      vertex 346.58447797614 -4 -347.90800364348775
      vertex 335.0425588965408 -2.6742583851262216 -347.90800364348775
      vertex 335.08410428281786 -2.6715078665411784 -347.90800364348775
    endloop
  endfacet
  facet normal 0 0 -1
    outer loop
      vertex 346.58447797614 -4 -347.90800364348775
      vertex 335.08410428281786 -2.6715078665411784 -347.90800364348775
      vertex 335.26783770744424 -2.6593376170128917 -347.90800364348775
    endloop
  endfacet
  facet normal 0 0 -1
    outer loop
      vertex 346.58447797614 -4 -347.90800364348775
      vertex 335.26783770744424 -2.6593376170128917 -347.90800364348775
      vertex 336.1397565982454 -2.6014773250218313 -347.90800364348775
    endloop
  endfacet
  facet normal 0 0 -1
    outer loop
      vertex 346.58447797614 -4 -347.90800364348775
      vertex 336.1397565982454 -2.6014773250218313 -347.90800364348775
      vertex 336.1796373572218 -2.5988230645393746 -347.90800364348775
    endloop
  endfacet
  facet normal 0 0 -1
    outer loop
      vertex 346.58447797614 -4 -347.90800364348775
      vertex 336.1796373572218 -2.5988230645393746 -347.90800364348775
      vertex 337.2210229234171 -2.5294966815329527 -347.90800364348775
    endloop
  endfacet
  facet normal 0 0 -1
    outer loop
      vertex 346.58447797614 -4 -347.90800364348775
      vertex 337.2210229234171 -2.5294966815329527 -347.90800364348775
      vertex 337.4053777833289 -2.5171644910340576 -347.90800364348775
    endloop
  endfacet
  facet normal 0 0 -1
    outer loop
      vertex 346.58447797614 -4 -347.90800364348775
      vertex 337.4053777833289 -2.5171644910340576 -347.90800364348775
      vertex 337.58419035031625 -2.5051669833682806 -347.90800364348775
    endloop
  endfacet
  facet normal 0 0 -1
    outer loop
      vertex 346.58447797614 -4 -347.90800364348775
      vertex 337.58419035031625 -2.5051669833682806 -347.90800364348775
      vertex 338.41077846958797 -2.4494265872096603 -347.90800364348775
    endloop
  endfacet
  facet normal 0 0 -1
    outer loop
      vertex 346.58447797614 -4 -347.90800364348775
      vertex 338.41077846958797 -2.4494265872096603 -347.90800364348775
      vertex 338.4489585460778 -2.446847538609129 -347.90800364348775
    endloop
  endfacet
  facet normal 0 0 -1
    outer loop
      vertex 346.58447797614 -4 -347.90800364348775
      vertex 338.4489585460778 -2.446847538609129 -347.90800364348775
      vertex 338.62545170194875 -2.4348656876312753 -347.90800364348775
    endloop
  endfacet
  facet normal 0 0 -1
    outer loop
      vertex 346.58447797614 -4 -347.90800364348775
      vertex 338.62545170194875 -2.4348656876312753 -347.90800364348775
      vertex 338.79927106736443 -2.423040491985355 -347.90800364348775
    endloop
  endfacet
  facet normal 0 0 -1
    outer loop
      vertex 346.58447797614 -4 -347.90800364348775
      vertex 338.79927106736443 -2.423040491985355 -347.90800364348775
      vertex 339.60277718117766 -2.368104444017261 -347.90800364348775
    endloop
  endfacet
  facet normal 0 0 -1
    outer loop
      vertex 346.58447797614 -4 -347.90800364348775
      vertex 339.60277718117766 -2.368104444017261 -347.90800364348775
      vertex 339.63922040482674 -2.365600117473342 -347.90800364348775
    endloop
  endfacet
  facet normal 0 0 -1
    outer loop
      vertex 346.58447797614 -4 -347.90800364348775
      vertex 339.63922040482674 -2.365600117473342 -347.90800364348775
      vertex 339.8076846505648 -2.353966398172331 -347.90800364348775
    endloop
  endfacet
  facet normal 0 0 -1
    outer loop
      vertex 346.58447797614 -4 -347.90800364348775
      vertex 339.8076846505648 -2.353966398172331 -347.90800364348775
      vertex 339.97647513192004 -2.342229379500655 -347.90800364348775
    endloop
  endfacet
  facet normal 0 0 -1
    outer loop
      vertex 346.58447797614 -4 -347.90800364348775
      vertex 339.97647513192004 -2.342229379500655 -347.90800364348775
      vertex 340.75673419874227 -2.2877088023567747 -347.90800364348775
    endloop
  endfacet
  facet normal 1 0 0
    outer loop
      vertex 346.58447797614 -4 -347.90800364348775
      vertex 346.58447797614 -1.6349747574271425 -343.47972345016893
      vertex 346.58447797614 -1.6042894217347192 -342.89507665420786
    endloop
  endfacet
  facet normal 1 0 0
    outer loop
      vertex 346.58447797614 -4 -347.90800364348775
      vertex 346.58447797614 -1.6687088680470281 -344.12516945172945
      vertex 346.58447797614 -1.6349747574271425 -343.47972345016893
    endloop
  endfacet
  facet normal 0 0 -1
    outer loop
      vertex 346.58447797614 -4 -347.90800364348775
      vertex 340.75673419874227 -2.2877088023567747 -347.90800364348775
      vertex 340.79136823877803 -2.285275604968371 -347.90800364348775
    endloop
  endfacet
  facet normal 0 0 -1
    outer loop
      vertex 346.58447797614 -4 -347.90800364348775
      vertex 340.79136823877803 -2.285275604968371 -347.90800364348775
      vertex 340.95146920529453 -2.273973521304831 -347.90800364348775
    endloop
  endfacet
  facet normal 0 0 -1
    outer loop
      vertex 346.58447797614 -4 -347.90800364348775
      vertex 340.95146920529453 -2.273973521304831 -347.90800364348775
      vertex 341.1151942795851 -2.262383400820992 -347.90800364348775
    endloop
  endfacet
  facet normal 0 0 -1
    outer loop
      vertex 346.58447797614 -4 -347.90800364348775
      vertex 341.1151942795851 -2.262383400820992 -347.90800364348775
      vertex 341.8720375273302 -2.2085498034934044 -347.90800364348775
    endloop
  endfacet
  facet normal 0 0 -1
    outer loop
      vertex 346.58447797614 -4 -347.90800364348775
      vertex 341.8720375273302 -2.2085498034934044 -347.90800364348775
      vertex 341.9048260493852 -2.2062152112559934 -347.90800364348775
    endloop
  endfacet
  facet normal 0 0 -1
    outer loop
      vertex 346.58447797614 -4 -347.90800364348775
      vertex 341.9048260493852 -2.2062152112559934 -347.90800364348775
      vertex 342.0563958027267 -2.195371833910424 -347.90800364348775
    endloop
  endfacet
  facet normal 0 0 -1
    outer loop
      vertex 346.58447797614 -4 -347.90800364348775
      vertex 342.0563958027267 -2.195371833910424 -347.90800364348775
      vertex 342.21498262195433 -2.1840141296944595 -347.90800364348775
    endloop
  endfacet
  facet normal 0 0 -1
    outer loop
      vertex 346.58447797614 -4 -347.90800364348775
      vertex 342.21498262195433 -2.1840141296944595 -347.90800364348775
      vertex 342.9480733871772 -2.131262952415089 -347.90800364348775
    endloop
  endfacet
  facet normal 0 0 -1
    outer loop
      vertex 346.58447797614 -4 -347.90800364348775
      vertex 342.9480733871772 -2.131262952415089 -347.90800364348775
      vertex 342.9790163871734 -2.129027660674048 -347.90800364348775
    endloop
  endfacet
  facet normal 0 0 -1
    outer loop
      vertex 346.58447797614 -4 -347.90800364348775
      vertex 342.9790163871734 -2.129027660674048 -347.90800364348775
      vertex 343.1220549092422 -2.1186462040425176 -347.90800364348775
    endloop
  endfacet
  facet normal 0 0 -1
    outer loop
      vertex 346.58447797614 -4 -347.90800364348775
      vertex 343.1220549092422 -2.1186462040425176 -347.90800364348775
      vertex 343.275359201554 -2.1074466181309965 -347.90800364348775
    endloop
  endfacet
  facet normal 1 0 0
    outer loop
      vertex 346.58447797614 -4 -347.90800364348775
      vertex 346.58447797614 -1.6983084610276649 -344.7089531699286
      vertex 346.58447797614 -1.6791711789897896 -344.32937613356916
    endloop
  endfacet
  facet normal 1 0 0
    outer loop
      vertex 346.58447797614 -4 -347.90800364348775
      vertex 346.58447797614 -1.6725816317733437 -344.20058072055855
      vertex 346.58447797614 -1.6687088680470281 -344.12516945172945
    endloop
  endfacet
  facet normal 1 0 0
    outer loop
      vertex 346.58447797614 -4 -347.90800364348775
      vertex 346.58447797614 -1.6791711789897896 -344.32937613356916
      vertex 346.58447797614 -1.6725816317733437 -344.20058072055855
    endloop
  endfacet
  facet normal 1 0 0
    outer loop
      vertex 346.58447797614 -4 -347.90800364348775
      vertex 346.58447797614 -1.7439141099007638 -345.6175176312156
      vertex 346.58447797614 -1.6983084610276649 -344.7089531699286
    endloop
  endfacet
  facet normal 1 0 0
    outer loop
      vertex 346.58447797614 -4 -347.90800364348775
      vertex 346.58447797614 -1.745626834556832 -345.65213099520884
      vertex 346.58447797614 -1.7439141099007638 -345.6175176312156
    endloop
  endfacet
  facet normal 1 0 0
    outer loop
      vertex 346.58447797614 -4 -347.90800364348775
      vertex 346.58447797614 -1.75486652570712 -345.8395915573354
      vertex 346.58447797614 -1.745626834556832 -345.65213099520884
    endloop
  endfacet
  facet normal 0 0 -1
    outer loop
      vertex 346.58447797614 -4 -347.90800364348775
      vertex 343.275359201554 -2.1074466181309965 -347.90800364348775
      vertex 343.98403048033435 -2.055434627172042 -347.90800364348775
    endloop
  endfacet
  facet normal 0 0 -1
    outer loop
      vertex 346.58447797614 -4 -347.90800364348775
      vertex 343.98403048033435 -2.055434627172042 -347.90800364348775
      vertex 344.01312803739955 -2.053284890695381 -347.90800364348775
    endloop
  endfacet
  facet normal 0 0 -1
    outer loop
      vertex 346.58447797614 -4 -347.90800364348775
      vertex 344.01312803739955 -2.053284890695381 -347.90800364348775
      vertex 344.14763567348064 -2.043301814289466 -347.90800364348775
    endloop
  endfacet
  facet normal 0 0 -1
    outer loop
      vertex 346.58447797614 -4 -347.90800364348775
      vertex 344.14763567348064 -2.043301814289466 -347.90800364348775
      vertex 344.2956576693112 -2.0322223873188343 -347.90800364348775
    endloop
  endfacet
  facet normal 0 0 -1
    outer loop
      vertex 346.58447797614 -4 -347.90800364348775
      vertex 344.2956576693112 -2.0322223873188343 -347.90800364348775
      vertex 344.97991047452894 -1.9807741067582967 -347.90800364348775
    endloop
  endfacet
  facet normal 0 0 -1
    outer loop
      vertex 346.58447797614 -4 -347.90800364348775
      vertex 344.97991047452894 -1.9807741067582967 -347.90800364348775
      vertex 345.0071264467676 -1.978704170520683 -347.90800364348775
    endloop
  endfacet
  facet normal 0 0 -1
    outer loop
      vertex 346.58447797614 -4 -347.90800364348775
      vertex 345.0071264467676 -1.978704170520683 -347.90800364348775
      vertex 345.13293612780564 -1.9690929267901331 -347.90800364348775
    endloop
  endfacet
  facet normal 0 0 -1
    outer loop
      vertex 346.58447797614 -4 -347.90800364348775
      vertex 345.13293612780564 -1.9690929267901331 -347.90800364348775
      vertex 345.2755677772895 -1.958051965774642 -347.90800364348775
    endloop
  endfacet
  facet normal 0 0 -1
    outer loop
      vertex 346.58447797614 -4 -347.90800364348775
      vertex 345.2755677772895 -1.958051965774642 -347.90800364348775
      vertex 345.93490254125294 -1.906789920174583 -347.90800364348775
    endloop
  endfacet
  facet normal 0 0 -1
    outer loop
      vertex 346.58447797614 -4 -347.90800364348775
      vertex 345.93490254125294 -1.906789920174583 -347.90800364348775
      vertex 345.9602731393995 -1.9047940547157505 -347.90800364348775
    endloop
  endfacet
  facet normal 0 0 -1
    outer loop
      vertex 346.58447797614 -4 -347.90800364348775
      vertex 345.9602731393995 -1.9047940547157505 -347.90800364348775
      vertex 346.07755224581416 -1.8955281014493068 -347.90800364348775
    endloop
  endfacet
  facet normal 1 0 0
    outer loop
      vertex 346.58447797614 -4 -347.90800364348775
      vertex 346.58447797614 -1.761908741563383 -345.9836595915521
      vertex 346.58447797614 -1.75486652570712 -345.8395915573354
    endloop
  endfacet
  facet normal 1 0 0
    outer loop
      vertex 346.58447797614 -4 -347.90800364348775
      vertex 346.58447797614 -1.7972992473937763 -346.711
      vertex 346.58447797614 -1.761908741563383 -345.9836595915521
    endloop
  endfacet
  facet normal 1 0 0
    outer loop
      vertex 346.58447797614 -4 -347.90800364348775
      vertex 346.58447797614 -1.81652560707759 -347.1066915712731
      vertex 346.58447797614 -1.7972992473937763 -346.711
    endloop
  endfacet
  facet normal 1 0 0
    outer loop
      vertex 346.58447797614 -4 -347.90800364348775
      vertex 346.58447797614 -1.8203582165325185 -347.185933926685
      vertex 346.58447797614 -1.81652560707759 -347.1066915712731
    endloop
  endfacet
  facet normal 1 0 0
    outer loop
      vertex 346.58447797614 -4 -347.90800364348775
      vertex 346.58447797614 -1.8307969179159667 -347.40219421310644
      vertex 346.58447797614 -1.8203582165325185 -347.185933926685
    endloop
  endfacet
  facet normal 0 0 -1
    outer loop
      vertex 346.58447797614 -4 -347.90800364348775
      vertex 346.07755224581416 -1.8955281014493068 -347.90800364348775
      vertex 346.21468448526116 -1.8846169864745583 -347.90800364348775
    endloop
  endfacet
  facet normal 1 0 0
    outer loop
      vertex 346.58447797614 -4 -347.90800364348775
      vertex 346.58447797614 -1.831986433349463 -347.4269365100018
      vertex 346.58447797614 -1.8307969179159667 -347.40219421310644
    endloop
  endfacet
  facet normal 1 0 0
    outer loop
      vertex 346.58447797614 -4 -347.90800364348775
      vertex 346.58447797614 -1.8550683896125755 -347.90800364348775
      vertex 346.58447797614 -1.831986433349463 -347.4269365100018
    endloop
  endfacet
  facet normal 0 0 -1
    outer loop
      vertex 346.58447797614 -4 -347.90800364348775
      vertex 346.21468448526116 -1.8846169864745583 -347.90800364348775
      vertex 346.58447797614 -1.8550683896125755 -347.90800364348775
    endloop
  endfacet
  facet normal 1 0 0
    outer loop
      vertex 346.58447797614 5 -332.00800364348777
      vertex 346.58447797614 -0.5697065471298093 -333
      vertex 346.58447797614 -0.5628041029381148 -333.085697953381
    endloop
  endfacet
  facet normal 1 0 0
    outer loop
      vertex 346.58447797614 5 -332.00800364348777
      vertex 346.58447797614 -0.5628041029381148 -333.085697953381
      vertex 346.58447797614 -0.562772352521857 -333.0861055312515
    endloop
  endfacet
  facet normal 0 1 0
    outer loop
      vertex 346.58447797614 5 -331.90800364348775
      vertex 346.58447797614 5 -332.00800364348777
      vertex 316.7488128226833 5 -347.90800364348775
    endloop
  endfacet
  facet normal 0 0 -1
    outer loop
      vertex 346.58447797614 5 -347.90800364348775
      vertex 340.1594790539717 1.5269542594877812 -347.90800364348775
      vertex 316.7488128226833 5 -347.90800364348775
    endloop
  endfacet
  facet normal 0 1 0
    outer loop
      vertex 346.58447797614 5 -332.00800364348777
      vertex 346.58447797614 5 -347.90800364348775
      vertex 316.7488128226833 5 -347.90800364348775
    endloop
  endfacet
  facet normal 1 0 0
    outer loop
      vertex 346.58447797614 5 -347.90800364348775
      vertex 346.58447797614 -0.562772352521857 -333.0861055312515
      vertex 346.58447797614 -0.04270506620840597 -339.9
    endloop
  endfacet
  facet normal 0 0 -1
    outer loop
      vertex 346.58447797614 5 -347.90800364348775
      vertex 340.22414034116775 1.517347681764753 -347.90800364348775
      vertex 340.1594790539717 1.5269542594877812 -347.90800364348775
    endloop
  endfacet
  facet normal 1 0 0
    outer loop
      vertex 346.58447797614 5 -347.90800364348775
      vertex 346.58447797614 -0.04270506620840597 -339.9
      vertex 346.58447797614 -0.010729344466813506 -340.2975887250408
    endloop
  endfacet
  facet normal 1 0 0
    outer loop
      vertex 346.58447797614 5 -347.90800364348775
      vertex 346.58447797614 -0.010729344466813506 -340.2975887250408
      vertex 346.58447797614 -0.010596387701430898 -340.29929881177674
    endloop
  endfacet
  facet normal 1 0 0
    outer loop
      vertex 346.58447797614 5 -347.90800364348775
      vertex 346.58447797614 -0.010596387701430898 -340.29929881177674
      vertex 346.58447797614 0.4776789379150781 -346.711
    endloop
  endfacet
  facet normal 0 0 -1
    outer loop
      vertex 346.58447797614 5 -347.90800364348775
      vertex 346.58447797614 0.5715901783749984 -347.90800364348775
      vertex 340.22414034116775 1.517347681764753 -347.90800364348775
    endloop
  endfacet
  facet normal 1 0 0
    outer loop
      vertex 346.58447797614 5 -347.90800364348775
      vertex 346.58447797614 0.4776789379150781 -346.711
      vertex 346.58447797614 0.5329142557314632 -347.3989536531992
    endloop
  endfacet
  facet normal 1 0 0
    outer loop
      vertex 346.58447797614 5 -347.90800364348775
      vertex 346.58447797614 0.5329142557314632 -347.3989536531992
      vertex 346.58447797614 0.5331436674251013 -347.40191069978283
    endloop
  endfacet
  facet normal 1 0 0
    outer loop
      vertex 346.58447797614 5 -347.90800364348775
      vertex 346.58447797614 0.5331436674251013 -347.40191069978283
      vertex 346.58447797614 0.5715901783749984 -347.90800364348775
    endloop
  endfacet
  facet normal 1 0 0
    outer loop
      vertex 346.58447797614 5 -332.00800364348777
      vertex 346.58447797614 -0.562772352521857 -333.0861055312515
      vertex 346.58447797614 5 -347.90800364348775
    endloop
  endfacet
  facet normal -0.1509349011530111 0.9859960370705332 -0.07092580979540894
    outer loop
      vertex 316.1594829364238 -0.9892723329629883 -328.8872782916724
      vertex 316.19686015992323 -0.9822872507286886 -328.8697143629564
      vertex 318.092091732653 -0.9892723329629883 -333
    endloop
  endfacet
  facet normal -0.18817153165763031 0.9781476007337675 -0.08842367246611928
    outer loop
      vertex 316.19686015992323 -0.9822872507286886 -328.8697143629564
      vertex 316.2339398642156 -0.9735789028731603 -328.85229024147213
      vertex 318.1377224207776 -0.9822872507286886 -333
    endloop
  endfacet
  facet normal -0.22507804535392273 0.9685831611286903 -0.10576640996843505
    outer loop
      vertex 316.2339398642156 -0.9735789028731603 -328.85229024147213
      vertex 316.2706569988999 -0.9631625667976581 -328.8350364950493
      vertex 318.18298989288775 -0.9735789028731603 -333
    endloop
  endfacet
  facet normal -0.261589695677161 0.9573194975320833 -0.12292359724824954
    outer loop
      vertex 316.2706569988999 -0.9631625667976581 -328.8350364950493
      vertex 316.3069471496452 -0.9510565162951535 -328.817983392622
      vertex 318.2278147344556 -0.9631625667976581 -333
    endloop
  endfacet
  facet normal -0.29764242878543434 0.9443763702374274 -0.13986513476878074
    outer loop
      vertex 316.3069471496452 -0.9510565162951535 -328.817983392622
      vertex 316.34274665119574 -0.9372819894918917 -328.80116085112667
      vertex 318.27211830747723 -0.9510565162951535 -333
    endloop
  endfacet
  facet normal -0.33317299593369226 0.9297764858882599 -0.15656130131627827
    outer loop
      vertex 316.34274665119574 -0.9372819894918917 -328.80116085112667
      vertex 316.377992699061 -0.9218631515885004 -328.78459838301734
      vertex 318.3158228884313 -0.9372819894918917 -333
    endloop
  endfacet
  facet normal -0.368119064434661 0.9135454576424321 -0.17298280614161968
    outer loop
      vertex 316.377992699061 -0.9218631515885004 -328.78459838301734
      vertex 316.4126234596963 -0.9048270524660196 -328.7683250444911
      vertex 318.35885180463174 -0.9218631515885004 -333
    endloop
  endfacet
  facet normal -0.40241932700802535 0.8957117602395127 -0.18910084034462063
    outer loop
      vertex 316.4126234596963 -0.9048270524660196 -328.7683250444911
      vertex 316.44657817897996 -0.8862035792312145 -328.7523693845134
      vertex 318.40112956873827 -0.9048270524660196 -333
    endloop
  endfacet
  facet normal -0.43601360933933364 0.8763066800439749 -0.20488712741700868
    outer loop
      vertex 316.44657817897996 -0.8862035792312145 -328.7523693845134
      vertex 316.4797972887964 -0.8660254037844386 -328.73675939473355
      vertex 318.4425820111867 -0.8862035792312145 -333
    endloop
  endfacet
  facet normal -0.4688429756417792 0.8553642601604041 -0.22031397284695012
    outer loop
      vertex 316.5122225115391 -0.8443279255020153 -328.7215224603781
      vertex 318.48313641030717 -0.8660254037844386 -333
      vertex 316.4797972887964 -0.8660254037844386 -328.73675939473355
    endloop
  endfacet
  facet normal -0.5008498320505105 0.8329212407101256 -0.23535431270508037
    outer loop
      vertex 316.5122225115391 -0.8443279255020153 -328.7215224603781
      vertex 316.5437969623492 -0.8211492091337039 -328.70668531220724
      vertex 318.52272161990317 -0.8443279255020153 -333
    endloop
  endfacet
  facet normal -0.5319780276641367 0.8090169943749439 -0.24998176112490103
    outer loop
      vertex 316.5437969623492 -0.8211492091337039 -328.70668531220724
      vertex 316.5744652489109 -0.7965299180241964 -328.6922739796208
      vertex 318.561268194066 -0.8211492091337039 -333
    endloop
  endfacet
  facet normal -0.5621729530494693 0.783693457326171 -0.2641706565911364
    outer loop
      vertex 316.5744652489109 -0.7965299180241964 -328.6922739796208
      vertex 316.6041735686284 -0.770513242775789 -328.6783137449929
      vertex 318.59870850900626 -0.7965299180241964 -333
    endloop
  endfacet
  facet normal -0.5913816360487332 0.7569950556513064 -0.27789610696049566
    outer loop
      vertex 316.6041735686284 -0.770513242775789 -328.6783137449929
      vertex 316.632869803014 -0.7431448254773942 -328.66482909931904
      vertex 318.63497688168934 -0.770513242775789 -333
    endloop
  endfacet
  facet normal -0.6195528347040201 0.7289686274216123 -0.29113403312780817
    outer loop
      vertex 316.632869803014 -0.7431448254773942 -328.66482909931904
      vertex 316.6605036091215 -0.7144726796328036 -328.65184369924964
      vertex 318.6700096850654 -0.7431448254773942 -333
    endloop
  endfacet
  facet normal -0.6466371271623459 0.6996633405136843 -0.30386121127327237
    outer loop
      vertex 316.6605036091215 -0.7144726796328036 -328.65184369924964
      vertex 316.687026507865 -0.6845471059286885 -328.63938032558895
      vertex 318.70374545969315 -0.7144726796328036 -333
    endloop
  endfacet
  facet normal -0.697356923438074 0.637423989748704 -0.32769494751342837
    outer loop
      vertex 316.71239196906754 -0.6534206039901056 -328.6274608433296
      vertex 316.7365554930909 -0.6211477802783101 -328.61610616329347
      vertex 318.7670915659129 -0.6534206039901056 -333
    endloop
  endfacet
  facet normal -0.6725869983718107 0.669130606358144 -0.3160553136018764
    outer loop
      vertex 316.687026507865 -0.6845471059286885 -328.63938032558895
      vertex 316.71239196906754 -0.6534206039901056 -328.6274608433296
      vertex 318.7361250215604 -0.6845471059286885 -333
    endloop
  endfacet
  facet normal 0.36811906443446635 0.9135454576425275 0.1729828061415298
    outer loop
      vertex 315.6765468000158 -0.9218631515885004 -329.1142147807981
      vertex 317.4602381209754 -0.9048270524660196 -333
      vertex 315.6419160393805 -0.9048270524660196 -329.13048811932435
    endloop
  endfacet
  facet normal 0.33317299593368965 0.9297764858882617 0.15656130131627297
    outer loop
      vertex 315.6765468000158 -0.9218631515885004 -329.1142147807981
      vertex 315.71179284788104 -0.9372819894918915 -329.09765231268875
      vertex 317.50251588508195 -0.9218631515885004 -333
    endloop
  endfacet
  facet normal 0.07573305706730347 0.996492859249493 0.03558771602689123
    outer loop
      vertex 315.93266573300855 -0.9945218953682733 -328.9938619492947
      vertex 315.9704408709557 -0.9980267284282716 -328.976111036626
      vertex 317.8151898094673 -0.9945218953682733 -333
    endloop
  endfacet
  facet normal 0.11343347954411964 0.9921147013144905 0.053303519153740174
    outer loop
      vertex 315.93266573300855 -0.9945218953682733 -328.9938619492947
      vertex 317.76927595706076 -0.9892723329629883 -333
      vertex 315.895056562653 -0.9892723329629883 -329.0115348721431
    endloop
  endfacet
  facet normal 0.1509349011532803 0.985996037070483 0.07092580979553408
    outer loop
      vertex 315.8576793391536 -0.9822872507286886 -329.029098800859
      vertex 315.895056562653 -0.9892723329629883 -329.0115348721431
      vertex 317.72364526893625 -0.9822872507286886 -333
    endloop
  endfacet
  facet normal 0.26158969567716456 0.9573194975320827 0.12292359724824775
    outer loop
      vertex 315.78388250017696 -0.9631625667976582 -329.06377666876614
      vertex 317.5892493822365 -0.9510565162951535 -333
      vertex 315.7475923494316 -0.9510565162951535 -329.0808297711934
    endloop
  endfacet
  facet normal 0.2976424287850929 0.9443763702375585 0.13986513476862156
    outer loop
      vertex 315.7475923494316 -0.9510565162951535 -329.0808297711934
      vertex 317.54554480128246 -0.9372819894918915 -333
      vertex 315.71179284788104 -0.9372819894918915 -329.09765231268875
    endloop
  endfacet
  facet normal 0.2250780453543139 0.9685831611285793 0.1057664099686194
    outer loop
      vertex 315.78388250017696 -0.9631625667976582 -329.06377666876614
      vertex 315.8205996348612 -0.9735789028731603 -329.04652292234334
      vertex 317.63355295525827 -0.9631625667976582 -333
    endloop
  endfacet
  facet normal 0.18817153165729886 0.9781476007338458 0.08842367246596133
    outer loop
      vertex 315.8576793391536 -0.9822872507286886 -329.029098800859
      vertex 317.678377796826 -0.9735789028731603 -333
      vertex 315.8205996348612 -0.9735789028731603 -329.04652292234334
    endloop
  endfacet
  facet normal 0.03789977307378034 0.9991228300988588 0.017809479953182397
    outer loop
      vertex 315.9704408709557 -0.9980267284282716 -328.976111036626
      vertex 316.0083157060665 -0.9997806834748455 -328.95831327526935
      vertex 317.86130627765704 -0.9980267284282716 -333
    endloop
  endfacet
  facet normal 0 1 0
    outer loop
      vertex 316.04622379301026 -0.9997806834748455 -328.9404998885461
      vertex 317.9075444576743 -0.9997806834748455 -333
      vertex 316.0083157060665 -0.9997806834748455 -328.95831327526935
    endloop
  endfacet
  facet normal -0.03789977307378038 0.9991228300988588 -0.017809479953182286
    outer loop
      vertex 316.04622379301026 -0.9997806834748455 -328.9404998885461
      vertex 316.08409862812107 -0.9980267284282716 -328.9227021271895
      vertex 317.9538232320395 -0.9997806834748455 -333
    endloop
  endfacet
  facet normal -0.0757330570671233 0.9964928592495097 -0.03558771602680752
    outer loop
      vertex 316.08409862812107 -0.9980267284282716 -328.9227021271895
      vertex 316.1218737660683 -0.9945218953682733 -328.9049512145207
      vertex 318.00006141205677 -0.9980267284282716 -333
    endloop
  endfacet
  facet normal -0.11343347954438772 0.992114701314453 -0.05330351915386628
    outer loop
      vertex 316.1594829364238 -0.9892723329629883 -328.8872782916724
      vertex 318.0461778802465 -0.9945218953682733 -333
      vertex 316.1218737660683 -0.9945218953682733 -328.9049512145207
    endloop
  endfacet
  facet normal 0.5621729530500053 0.783693457325701 0.2641706565913902
    outer loop
      vertex 315.4800742501659 -0.7965299180241964 -329.20653918419464
      vertex 317.22639080802446 -0.7705132427757894 -333
      vertex 315.4503659304484 -0.7705132427757894 -329.2204994188225
    endloop
  endfacet
  facet normal 0.4024193270080192 0.8957117602395149 0.18910084034462377
    outer loop
      vertex 315.6079613200968 -0.8862035792312147 -329.1464437793021
      vertex 315.6419160393805 -0.9048270524660196 -329.13048811932435
      vertex 317.41878567852706 -0.8862035792312147 -333
    endloop
  endfacet
  facet normal 0.4360136093393357 0.8763066800439727 0.2048871274170137
    outer loop
      vertex 315.6079613200968 -0.8862035792312147 -329.1464437793021
      vertex 317.3782312794066 -0.8660254037844386 -333
      vertex 315.57474221028036 -0.8660254037844386 -329.1620537690819
    endloop
  endfacet
  facet normal 0.4688429756417827 0.8553642601604005 0.22031397284695625
    outer loop
      vertex 315.5423169875377 -0.844327925502015 -329.1772907034374
      vertex 315.57474221028036 -0.8660254037844386 -329.1620537690819
      vertex 317.3386460698106 -0.844327925502015 -333
    endloop
  endfacet
  facet normal 0.500849832050746 0.8329212407099523 0.23535431270519155
    outer loop
      vertex 315.5423169875377 -0.844327925502015 -329.1772907034374
      vertex 317.30009949564777 -0.8211492091337039 -333
      vertex 315.5107425367276 -0.8211492091337039 -329.1921278516082
    endloop
  endfacet
  facet normal 0.5319780276641368 0.8090169943749438 0.24998176112490073
    outer loop
      vertex 315.5107425367276 -0.8211492091337039 -329.1921278516082
      vertex 317.2626591807075 -0.7965299180241964 -333
      vertex 315.4800742501659 -0.7965299180241964 -329.20653918419464
    endloop
  endfacet
  facet normal 0.5913816360479276 0.7569950556520733 0.2778961069601208
    outer loop
      vertex 315.4503659304484 -0.7705132427757894 -329.2204994188225
      vertex 317.19135800464835 -0.7431448254773942 -333
      vertex 315.4216696960628 -0.7431448254773942 -329.23398406449644
    endloop
  endfacet
  facet normal 0.619552834704023 0.7289686274216096 0.291134033127809
    outer loop
      vertex 315.4216696960628 -0.7431448254773942 -329.23398406449644
      vertex 317.1576222300206 -0.7144726796328034 -333
      vertex 315.39403588995526 -0.7144726796328034 -329.24696946456584
    endloop
  endfacet
  facet normal 0.6725869983709959 0.6691306063591411 0.3160553136014995
    outer loop
      vertex 315.3675129912118 -0.6845471059286885 -329.2594328382265
      vertex 317.0942761238009 -0.6534206039901056 -333
      vertex 315.34214753000924 -0.6534206039901056 -329.2713523204859
    endloop
  endfacet
  facet normal 0.6973569234380721 0.6374239897487078 0.32769494751342443
    outer loop
      vertex 315.34214753000924 -0.6534206039901056 -329.2713523204859
      vertex 317.06477692280436 -0.6211477802783104 -333
      vertex 315.31798400598586 -0.6211477802783104 -329.282707000522
    endloop
  endfacet
  facet normal 0.6466371271631615 0.6996633405127655 0.3038612112736528
    outer loop
      vertex 315.39403588995526 -0.7144726796328034 -329.24696946456584
      vertex 317.1252426681534 -0.6845471059286885 -333
      vertex 315.3675129912118 -0.6845471059286885 -329.2594328382265
    endloop
  endfacet
  facet normal -0.22507804535390075 0.9685831611286964 -0.10576640996842498
    outer loop
      vertex 316.2706569988999 -0.9631625667976581 -328.8350364950493
      vertex 318.2278147344556 -0.9631625667976581 -333
      vertex 318.18298989288775 -0.9735789028731603 -333
    endloop
  endfacet
  facet normal -0.2615896956774709 0.9573194975319803 -0.12292359724839158
    outer loop
      vertex 316.3069471496452 -0.9510565162951535 -328.817983392622
      vertex 318.27211830747723 -0.9510565162951535 -333
      vertex 318.2278147344556 -0.9631625667976581 -333
    endloop
  endfacet
  facet normal -0.2976424287851825 0.9443763702375239 -0.13986513476866533
    outer loop
      vertex 316.34274665119574 -0.9372819894918917 -328.80116085112667
      vertex 318.3158228884313 -0.9372819894918917 -333
      vertex 318.27211830747723 -0.9510565162951535 -333
    endloop
  endfacet
  facet normal -0.333172995933899 0.9297764858881699 -0.15656130131637297
    outer loop
      vertex 316.377992699061 -0.9218631515885004 -328.78459838301734
      vertex 318.35885180463174 -0.9218631515885004 -333
      vertex 318.3158228884313 -0.9372819894918917 -333
    endloop
  endfacet
  facet normal -0.368119064434731 0.9135454576423979 -0.1729828061416517
    outer loop
      vertex 316.4126234596963 -0.9048270524660196 -328.7683250444911
      vertex 318.40112956873827 -0.9048270524660196 -333
      vertex 318.35885180463174 -0.9218631515885004 -333
    endloop
  endfacet
  facet normal -0.40241932700782757 0.8957117602396206 -0.18910084034453012
    outer loop
      vertex 316.44657817897996 -0.8862035792312145 -328.7523693845134
      vertex 318.4425820111867 -0.8862035792312145 -333
      vertex 318.40112956873827 -0.9048270524660196 -333
    endloop
  endfacet
  facet normal -0.43601360933933747 0.8763066800439726 -0.20488712741701043
    outer loop
      vertex 316.4797972887964 -0.8660254037844386 -328.73675939473355
      vertex 318.48313641030717 -0.8660254037844386 -333
      vertex 318.4425820111867 -0.8862035792312145 -333
    endloop
  endfacet
  facet normal -0.4688429756417841 0.8553642601604008 -0.22031397284695242
    outer loop
      vertex 316.5122225115391 -0.8443279255020153 -328.7215224603781
      vertex 318.52272161990317 -0.8443279255020153 -333
      vertex 318.48313641030717 -0.8660254037844386 -333
    endloop
  endfacet
  facet normal 0.8020630499821747 0.4632960351201233 0.3768973967743278
    outer loop
      vertex 315.2341639384272 -0.4817536741017154 -329.32209488313424
      vertex 316.94100732516034 -0.44463517918492756 -333
      vertex 315.21660127204717 -0.44463517918492756 -329.3303477545752
    endloop
  endfacet
  facet normal 0.8189183190130174 0.42577929156517913 0.38481785517196043
    outer loop
      vertex 315.21660127204717 -0.44463517918492756 -329.3303477545752
      vertex 316.92130278139666 -0.4067366430758002 -333
      vertex 315.2004607936437 -0.4067366430758002 -329.3379323257546
    endloop
  endfacet
  facet normal 0.8343369270422419 0.3875155864513844 0.39206321228973795
    outer loop
      vertex 315.2004607936437 -0.4067366430758002 -329.3379323257546
      vertex 316.90336903500827 -0.36812455268467786 -333
      vertex 315.18577081910047 -0.36812455268467786 -329.3448352907574
    endloop
  endfacet
  facet normal 0.8482918245909491 0.34857204732268826 0.39862075730878344
    outer loop
      vertex 315.18577081910047 -0.36812455268467786 -329.3448352907574
      vertex 316.88723754788026 -0.32886664673858307 -333
      vertex 315.1725571196244 -0.32886664673858307 -329.3510445394372
    endloop
  endfacet
  facet normal 0.8607585300287457 0.30901699437479685 0.40447898606765664
    outer loop
      vertex 315.1725571196244 -0.32886664673858307 -329.3510445394372
      vertex 316.87293662012246 -0.2890317969444718 -333
      vertex 315.16084287653456 -0.2890317969444718 -329.3565491786621
    endloop
  endfacet
  facet normal 0.8717151725169721 0.26891982061443187 0.4096276212420343
    outer loop
      vertex 315.16084287653456 -0.2890317969444718 -329.3565491786621
      vertex 316.86049134042196 -0.24868988716485485 -333
      vertex 315.15064864059383 -0.24868988716485485 -329.36133955142424
    endloop
  endfacet
  facet normal 0.8811425303814712 0.22835087011043534 0.41405763037618976
    outer loop
      vertex 315.15064864059383 -0.24868988716485485 -329.36133955142424
      vertex 316.849923542028 -0.20791169081775934 -333
      vertex 315.141992295956 -0.20791169081775934 -329.3654072537821
    endloop
  endfacet
  facet normal 0.889024064833459 0.1873813145862534 0.41776124172895857
    outer loop
      vertex 315.141992295956 -0.20791169081775934 -329.3654072537821
      vertex 316.8412517644501 -0.16676874671610217 -333
      vertex 315.13488902879106 -0.16676874671610217 -329.36874514960357
    endloop
  endfacet
  facet normal 0.8953459489834235 0.146083028563408 0.42073195790754375
    outer loop
      vertex 315.13488902879106 -0.16676874671610217 -329.36874514960357
      vertex 316.8344912209326 -0.12533323356430406 -333
      vertex 315.1293513006433 -0.12533323356430406 -329.3713473830851
    endloop
  endfacet
  facet normal 0.9000970920985464 0.1045284632666526 0.4229645672664001
    outer loop
      vertex 315.1293513006433 -0.12533323356430406 -329.3713473830851
      vertex 316.8296537717663 -0.08367784333231569 -333
      vertex 315.1253888265697 -0.08367784333231569 -329.37320938902485
    endloop
  endfacet
  facet normal 0.9032691590587261 0.06279051952973178 0.424455153049799
    outer loop
      vertex 315.1253888265697 -0.08367784333231569 -329.37320938902485
      vertex 316.82674790348074 -0.04187565372919973 -333
      vertex 315.1230085580961 -0.04187565372919973 -329.37432790083176
    endloop
  endfacet
  facet normal 0.9048565849811582 0.020942419882417983 0.4252011002639864
    outer loop
      vertex 315.1230085580961 -0.04187565372919973 -329.37432790083176
      vertex 316.82674790348074 -0.04187565372919973 -333
      vertex 315.1222146710224 0 -329.37470095625605
    endloop
  endfacet
  facet normal 0.9048565849811607 -0.020942419882417983 0.425201100263981
    outer loop
      vertex 315.1222146710224 0 -329.37470095625605
      vertex 316.8257787139563 0 -333
      vertex 315.1230085580961 0.04187565372919973 -329.37432790083176
    endloop
  endfacet
  facet normal 0.9032691590587241 -0.06279051952973179 0.424455153049803
    outer loop
      vertex 315.1230085580961 0.04187565372919973 -329.37432790083176
      vertex 316.82965377176635 0.08367784333231569 -333
      vertex 315.1253888265697 0.08367784333231569 -329.37320938902485
    endloop
  endfacet
  facet normal 0.9000970920985408 -0.10452846326665258 0.42296456726641163
    outer loop
      vertex 315.1253888265697 0.08367784333231569 -329.37320938902485
      vertex 316.82965377176635 0.08367784333231569 -333
      vertex 315.1293513006433 0.12533323356430406 -329.3713473830851
    endloop
  endfacet
  facet normal 0.8953459489834235 -0.146083028563408 0.42073195790754375
    outer loop
      vertex 315.1293513006433 0.12533323356430406 -329.3713473830851
      vertex 316.8344912209326 0.12533323356430406 -333
      vertex 315.13488902879106 0.16676874671610217 -329.36874514960357
    endloop
  endfacet
  facet normal 0.889024064833459 -0.1873813145862534 0.41776124172895857
    outer loop
      vertex 315.13488902879106 0.16676874671610217 -329.36874514960357
      vertex 316.8412517644501 0.16676874671610217 -333
      vertex 315.141992295956 0.20791169081775934 -329.3654072537821
    endloop
  endfacet
  facet normal 0.8811425303814712 -0.22835087011043534 0.41405763037618976
    outer loop
      vertex 315.141992295956 0.20791169081775934 -329.3654072537821
      vertex 316.849923542028 0.20791169081775934 -333
      vertex 315.15064864059383 0.24868988716485485 -329.36133955142424
    endloop
  endfacet
  facet normal 0.8717151725169721 -0.26891982061443187 0.40962762124203433
    outer loop
      vertex 315.15064864059383 0.24868988716485485 -329.36133955142424
      vertex 316.86049134042196 0.24868988716485485 -333
      vertex 315.16084287653456 0.2890317969444718 -329.3565491786621
    endloop
  endfacet
  facet normal 0.8607585300287406 -0.30901699437479685 0.4044789860676676
    outer loop
      vertex 315.16084287653456 0.2890317969444718 -329.3565491786621
      vertex 316.8729366201225 0.2890317969444718 -333
      vertex 315.1725571196244 0.32886664673858307 -329.3510445394372
    endloop
  endfacet
  facet normal 0.8482918245909491 -0.3485720473226883 0.3986207573087835
    outer loop
      vertex 315.1725571196244 0.32886664673858307 -329.3510445394372
      vertex 316.88723754788026 0.32886664673858307 -333
      vertex 315.18577081910047 0.36812455268467786 -329.3448352907574
    endloop
  endfacet
  facet normal 0.8343369270422452 -0.38751558645138434 0.39206321228973134
    outer loop
      vertex 315.18577081910047 0.36812455268467786 -329.3448352907574
      vertex 316.9213027813966 0.4067366430758002 -333
      vertex 315.2004607936437 0.4067366430758002 -329.3379323257546
    endloop
  endfacet
  facet normal 0.8189183190130224 -0.4257792915651792 0.38481785517195005
    outer loop
      vertex 315.2004607936437 0.4067366430758002 -329.3379323257546
      vertex 316.9213027813966 0.4067366430758002 -333
      vertex 315.21660127204717 0.44463517918492756 -329.3303477545752
    endloop
  endfacet
  facet normal 0.8020630499821746 -0.46329603512012324 0.3768973967743278
    outer loop
      vertex 315.21660127204717 0.44463517918492756 -329.3303477545752
      vertex 316.94100732516034 0.44463517918492756 -333
      vertex 315.2341639384272 0.4817536741017154 -329.32209488313424
    endloop
  endfacet
  facet normal -0.7209034474978309 0.6045991148622725 -0.3387596931358555
    outer loop
      vertex 316.7365554930909 -0.6211477802783101 -328.61610616329347
      vertex 316.7594746889032 -0.5877852522924731 -328.6053362054479
      vertex 318.7965907669094 -0.6211477802783101 -333
    endloop
  endfacet
  facet normal -0.7431852619458498 0.5707135676844818 -0.34923013914513334
    outer loop
      vertex 316.7594746889032 -0.5877852522924731 -328.6053362054479
      vertex 316.78110934844693 -0.5533915492433443 -328.5951698639585
      vertex 318.82457087292755 -0.5877852522924731 -333
    endloop
  endfacet
  facet normal -0.7641632769080242 0.535826794979836 -0.35908791682097446
    outer loop
      vertex 316.78110934844693 -0.5533915492433443 -328.5951698639585
      vertex 316.8014215171778 -0.51802700937313 -328.58562497404284
      vertex 318.85098279735354 -0.5533915492433443 -333
    endloop
  endfacet
  facet normal -0.7838006898194276 0.49999999999919703 -0.3683157322724519
    outer loop
      vertex 316.8014215171778 -0.51802700937313 -328.58562497404284
      vertex 316.8203755606496 -0.4817536741017154 -328.57671828068123
      vertex 318.8757802046972 -0.51802700937313 -333
    endloop
  endfacet
  facet normal -0.8020630499821751 0.46329603512011885 -0.37689739677433215
    outer loop
      vertex 316.8203755606496 -0.4817536741017154 -328.57671828068123
      vertex 316.8379382270296 -0.4446351791849271 -328.5684654092403
      vertex 318.8989195918798 -0.4817536741017154 -333
    endloop
  endfacet
  facet normal -0.8189183190128171 0.42577929156565586 -0.3848178551718596
    outer loop
      vertex 316.8379382270296 -0.4446351791849271 -328.5684654092403
      vertex 316.8540787054331 -0.4067366430758002 -328.5608808380608
      vertex 318.9203603645534 -0.4446351791849271 -333
    endloop
  endfacet
  facet normal -0.8343369270420311 0.38751558645194195 -0.3920632122896356
    outer loop
      vertex 316.8540787054331 -0.4067366430758002 -328.5608808380608
      vertex 316.86876867997637 -0.36812455268467836 -328.5539778730581
      vertex 318.94006490831714 -0.4067366430758002 -333
    endloop
  endfacet
  facet normal -0.8482918245913207 0.34857204732160535 -0.3986207573089396
    outer loop
      vertex 316.86876867997637 -0.36812455268467836 -328.5539778730581
      vertex 316.8819823794524 -0.32886664673858307 -328.54776862437825
      vertex 318.95799865470553 -0.36812455268467836 -333
    endloop
  endfacet
  facet normal -0.8607585300285899 0.30901699437531893 -0.40447898606758953
    outer loop
      vertex 316.8819823794524 -0.32886664673858307 -328.54776862437825
      vertex 316.8936966225422 -0.2890317969444718 -328.54226398515334
      vertex 318.98843106959123 -0.2890317969444718 -333
    endloop
  endfacet
  facet normal -0.8717151725166858 0.2689198206155687 -0.4096276212418966
    outer loop
      vertex 316.8936966225422 -0.2890317969444718 -328.54226398515334
      vertex 316.903890858483 -0.24868988716485443 -328.5374736123912
      vertex 318.98843106959123 -0.2890317969444718 -333
    endloop
  endfacet
  facet normal -0.8811425303814705 0.2283508701104375 -0.4140576303761898
    outer loop
      vertex 316.903890858483 -0.24868988716485443 -328.5374736123912
      vertex 316.9125472031208 -0.20791169081775934 -328.5334059100333
      vertex 319.00087634929184 -0.24868988716485443 -333
    endloop
  endfacet
  facet normal -0.8890240648337635 0.18738131458451351 -0.41776124172909085
    outer loop
      vertex 316.9125472031208 -0.20791169081775934 -328.5334059100333
      vertex 316.9196504702857 -0.16676874671610267 -328.5300680142119
      vertex 319.0114441476858 -0.20791169081775934 -333
    endloop
  endfacet
  facet normal -0.8953459489834236 0.1460830285634063 -0.42073195790754436
    outer loop
      vertex 316.9196504702857 -0.16676874671610267 -328.5300680142119
      vertex 316.9251881984335 -0.12533323356430406 -328.5274657807304
      vertex 319.0201159252637 -0.16676874671610267 -333
    endloop
  endfacet
  facet normal -0.9000970920984294 0.10452846326786745 -0.42296456726634873
    outer loop
      vertex 316.9251881984335 -0.12533323356430406 -328.5274657807304
      vertex 316.92915067250715 -0.08367784333231569 -328.5256037747906
      vertex 319.02687646878115 -0.12533323356430406 -333
    endloop
  endfacet
  facet normal -0.9032691590587989 0.0627905195285076 -0.4244551530498253
    outer loop
      vertex 316.92915067250715 -0.08367784333231569 -328.5256037747906
      vertex 316.9315309409807 -0.04187565372919923 -328.5244852629837
      vertex 319.03171391794746 -0.08367784333231569 -333
    endloop
  endfacet
  facet normal 0.7209034474978321 0.6045991148622685 0.33875969313585946
    outer loop
      vertex 315.2950648101736 -0.5877852522924731 -329.2934769583676
      vertex 315.31798400598586 -0.6211477802783104 -329.282707000522
      vertex 317.03679681678625 -0.5877852522924731 -333
    endloop
  endfacet
  facet normal 0.743185261945856 0.5707135676844781 0.34923013914512585
    outer loop
      vertex 315.2950648101736 -0.5877852522924731 -329.2934769583676
      vertex 317.0103848923602 -0.553391549243344 -333
      vertex 315.27343015062985 -0.553391549243344 -329.30364329985696
    endloop
  endfacet
  facet normal 0.7641632769085234 0.535826794978964 0.35908791682121366
    outer loop
      vertex 315.27343015062985 -0.553391549243344 -329.30364329985696
      vertex 316.9855874850166 -0.51802700937313 -333
      vertex 315.25311798189904 -0.51802700937313 -329.31318818977263
    endloop
  endfacet
  facet normal 0.7838006898189457 0.5000000000001181 0.3683157322722268
    outer loop
      vertex 315.25311798189904 -0.51802700937313 -329.31318818977263
      vertex 316.96244809783394 -0.4817536741017154 -333
      vertex 315.2341639384272 -0.4817536741017154 -329.32209488313424
    endloop
  endfacet
  facet normal -0.9048565849811255 0.020942419884222907 -0.4252011002639669
    outer loop
      vertex 316.9315309409807 -0.04187565372919923 -328.5244852629837
      vertex 316.93232482805445 0 -328.52411220755937
      vertex 319.0355889757575 0 -333
    endloop
  endfacet
  facet normal -0.9048565849811255 -0.02094241988422271 -0.42520110026396696
    outer loop
      vertex 316.93232482805445 0 -328.52411220755937
      vertex 316.9315309409807 0.04187565372919962 -328.5244852629837
      vertex 319.034619786233 0.04187565372919962 -333
    endloop
  endfacet
  facet normal -0.9032691590587988 -0.06279051952850849 -0.4244551530498252
    outer loop
      vertex 316.9315309409807 0.04187565372919962 -328.5244852629837
      vertex 316.92915067250715 0.08367784333231548 -328.5256037747906
      vertex 319.03171391794746 0.08367784333231548 -333
    endloop
  endfacet
  facet normal -0.9000970920984295 -0.10452846326786645 -0.4229645672663488
    outer loop
      vertex 316.92915067250715 0.08367784333231548 -328.5256037747906
      vertex 316.9251881984335 0.12533323356430426 -328.5274657807304
      vertex 319.02687646878115 0.12533323356430426 -333
    endloop
  endfacet
  facet normal -0.8953459489834233 -0.14608302856340838 -0.42073195790754425
    outer loop
      vertex 316.9251881984335 0.12533323356430426 -328.5274657807304
      vertex 316.9196504702857 0.16676874671610226 -328.5300680142119
      vertex 319.0201159252637 0.16676874671610226 -333
    endloop
  endfacet
  facet normal -0.8890240648337638 -0.18738131458451174 -0.41776124172909107
    outer loop
      vertex 316.9196504702857 0.16676874671610226 -328.5300680142119
      vertex 316.9125472031208 0.20791169081775934 -328.5334059100333
      vertex 319.0114441476858 0.20791169081775934 -333
    endloop
  endfacet
  facet normal -0.881142530381471 -0.22835087011043562 -0.41405763037619
    outer loop
      vertex 316.9125472031208 0.20791169081775934 -328.5334059100333
      vertex 316.903890858483 0.2486898871648548 -328.5374736123912
      vertex 319.00087634929184 0.2486898871648548 -333
    endloop
  endfacet
  facet normal -0.8717151725166851 -0.26891982061557196 -0.4096276212418963
    outer loop
      vertex 316.903890858483 0.2486898871648548 -328.5374736123912
      vertex 316.8936966225422 0.2890317969444716 -328.54226398515334
      vertex 318.98843106959123 0.2890317969444716 -333
    endloop
  endfacet
  facet normal -0.8607585300285892 -0.3090169943753166 -0.4044789860675928
    outer loop
      vertex 316.8936966225422 0.2890317969444716 -328.54226398515334
      vertex 316.8819823794524 0.32886664673858323 -328.54776862437825
      vertex 318.97413014183354 0.32886664673858323 -333
    endloop
  endfacet
  facet normal -0.8482918245913192 -0.3485720473216097 -0.3986207573089389
    outer loop
      vertex 316.8819823794524 0.32886664673858323 -328.54776862437825
      vertex 316.86876867997637 0.368124552684678 -328.5539778730581
      vertex 318.95799865470553 0.368124552684678 -333
    endloop
  endfacet
  facet normal -0.8343369270420324 -0.3875155864519386 -0.3920632122896362
    outer loop
      vertex 316.86876867997637 0.368124552684678 -328.5539778730581
      vertex 316.8540787054331 0.4067366430758002 -328.5608808380608
      vertex 318.94006490831714 0.4067366430758002 -333
    endloop
  endfacet
  facet normal -0.8189183190128183 -0.4257792915656527 -0.3848178551718601
    outer loop
      vertex 316.8379382270296 0.44463517918492745 -328.5684654092403
      vertex 318.9203603645534 0.44463517918492745 -333
      vertex 316.8540787054331 0.4067366430758002 -328.5608808380608
    endloop
  endfacet
  facet normal -0.8020630499821734 -0.4632960351201227 -0.3768973967743314
    outer loop
      vertex 316.8379382270296 0.44463517918492745 -328.5684654092403
      vertex 316.8203755606496 0.4817536741017153 -328.57671828068123
      vertex 318.8989195918798 0.4817536741017153 -333
    endloop
  endfacet
  facet normal 0.7838006898189456 -0.5000000000001182 0.36831573227222686
    outer loop
      vertex 315.2341639384272 0.4817536741017154 -329.32209488313424
      vertex 316.96244809783394 0.4817536741017154 -333
      vertex 315.25311798189904 0.51802700937313 -329.31318818977263
    endloop
  endfacet
  facet normal -0.500849832050457 0.8329212407101645 -0.23535431270505597
    outer loop
      vertex 316.5437969623492 -0.8211492091337039 -328.70668531220724
      vertex 318.561268194066 -0.8211492091337039 -333
      vertex 318.52272161990317 -0.8443279255020153 -333
    endloop
  endfacet
  facet normal -0.5319780276641263 0.8090169943749521 -0.2499817611248963
    outer loop
      vertex 316.5744652489109 -0.7965299180241964 -328.6922739796208
      vertex 318.59870850900626 -0.7965299180241964 -333
      vertex 318.561268194066 -0.8211492091337039 -333
    endloop
  endfacet
  facet normal -0.5621729530496282 0.7836934573260325 -0.2641706565912089
    outer loop
      vertex 316.6041735686284 -0.770513242775789 -328.6783137449929
      vertex 318.63497688168934 -0.770513242775789 -333
      vertex 318.59870850900626 -0.7965299180241964 -333
    endloop
  endfacet
  facet normal -0.5913816360484351 0.7569950556515892 -0.27789610696035977
    outer loop
      vertex 316.632869803014 -0.7431448254773942 -328.66482909931904
      vertex 318.6700096850654 -0.7431448254773942 -333
      vertex 318.63497688168934 -0.770513242775789 -333
    endloop
  endfacet
  facet normal -0.6195528347040233 0.7289686274216088 -0.2911340331278096
    outer loop
      vertex 316.6605036091215 -0.7144726796328036 -328.65184369924964
      vertex 318.70374545969315 -0.7144726796328036 -333
      vertex 318.6700096850654 -0.7431448254773942 -333
    endloop
  endfacet
  facet normal -0.6466371271624711 0.6996633405135438 -0.3038612112733294
    outer loop
      vertex 316.687026507865 -0.6845471059286885 -328.63938032558895
      vertex 318.7361250215604 -0.6845471059286885 -333
      vertex 318.70374545969315 -0.7144726796328036 -333
    endloop
  endfacet
  facet normal -0.6725869983713809 0.6691306063586683 -0.31605531360168115
    outer loop
      vertex 316.71239196906754 -0.6534206039901056 -328.6274608433296
      vertex 318.7670915659129 -0.6534206039901056 -333
      vertex 318.7361250215604 -0.6845471059286885 -333
    endloop
  endfacet
  facet normal -0.6973569234384971 0.6374239897481425 -0.32769494751362027
    outer loop
      vertex 316.7365554930909 -0.6211477802783101 -328.61610616329347
      vertex 318.7965907669094 -0.6211477802783101 -333
      vertex 318.7670915659129 -0.6534206039901056 -333
    endloop
  endfacet
  facet normal -0.7209034474972603 0.6045991148630974 -0.3387596931355973
    outer loop
      vertex 316.7594746889032 -0.5877852522924731 -328.6053362054479
      vertex 318.82457087292755 -0.5877852522924731 -333
      vertex 318.7965907669094 -0.6211477802783101 -333
    endloop
  endfacet
  facet normal -0.7431852619462048 0.5707135676839212 -0.34923013914529366
    outer loop
      vertex 316.78110934844693 -0.5533915492433443 -328.5951698639585
      vertex 318.85098279735354 -0.5533915492433443 -333
      vertex 318.82457087292755 -0.5877852522924731 -333
    endloop
  endfacet
  facet normal -0.7641632769083955 0.5358267949791946 -0.35908791682114166
    outer loop
      vertex 316.8014215171778 -0.51802700937313 -328.58562497404284
      vertex 318.8757802046972 -0.51802700937313 -333
      vertex 318.85098279735354 -0.5533915492433443 -333
    endloop
  endfacet
  facet normal -0.7838006898190016 0.5000000000000058 -0.36831573227226055
    outer loop
      vertex 316.8203755606496 -0.4817536741017154 -328.57671828068123
      vertex 318.8989195918798 -0.4817536741017154 -333
      vertex 318.8757802046972 -0.51802700937313 -333
    endloop
  endfacet
  facet normal -0.8020630499822989 0.46329603511985923 -0.37689739677438766
    outer loop
      vertex 316.8379382270296 -0.4446351791849271 -328.5684654092403
      vertex 318.9203603645534 -0.4446351791849271 -333
      vertex 318.8989195918798 -0.4817536741017154 -333
    endloop
  endfacet
  facet normal -0.8189183190128686 0.4257792915655361 -0.3848178551718825
    outer loop
      vertex 316.8540787054331 -0.4067366430758002 -328.5608808380608
      vertex 318.94006490831714 -0.4067366430758002 -333
      vertex 318.9203603645534 -0.4446351791849271 -333
    endloop
  endfacet
  facet normal -0.8343369270420913 0.3875155864517857 -0.3920632122896623
    outer loop
      vertex 316.86876867997637 -0.36812455268467836 -328.5539778730581
      vertex 318.95799865470553 -0.36812455268467836 -333
      vertex 318.94006490831714 -0.4067366430758002 -333
    endloop
  endfacet
  facet normal -0.8482918245909635 0.34857204732265434 -0.3986207573087823
    outer loop
      vertex 316.8819823794524 -0.32886664673858307 -328.54776862437825
      vertex 318.9741301418336 -0.32886664673858307 -333
      vertex 318.95799865470553 -0.36812455268467836 -333
    endloop
  endfacet
  facet normal -0.8607585300290175 0.30901699437384567 -0.40447898606780497
    outer loop
      vertex 316.8819823794524 -0.32886664673858307 -328.54776862437825
      vertex 318.98843106959123 -0.2890317969444718 -333
      vertex 318.9741301418336 -0.32886664673858307 -333
    endloop
  endfacet
  facet normal -0.8717151725165965 0.2689198206159175 -0.4096276212418581
    outer loop
      vertex 316.903890858483 -0.24868988716485443 -328.5374736123912
      vertex 319.00087634929184 -0.24868988716485443 -333
      vertex 318.98843106959123 -0.2890317969444718 -333
    endloop
  endfacet
  facet normal -0.8811425303814693 0.22835087011044297 -0.41405763037618937
    outer loop
      vertex 316.9125472031208 -0.20791169081775934 -328.5334059100333
      vertex 319.0114441476858 -0.20791169081775934 -333
      vertex 319.00087634929184 -0.24868988716485443 -333
    endloop
  endfacet
  facet normal -0.8890240648336261 0.1873813145852925 -0.4177612417290337
    outer loop
      vertex 316.9196504702857 -0.16676874671610267 -328.5300680142119
      vertex 319.0201159252637 -0.16676874671610267 -333
      vertex 319.0114441476858 -0.20791169081775934 -333
    endloop
  endfacet
  facet normal -0.8953459489835424 0.14608302856254127 -0.42073195790759194
    outer loop
      vertex 316.9251881984335 -0.12533323356430406 -328.5274657807304
      vertex 319.02687646878115 -0.12533323356430406 -333
      vertex 319.0201159252637 -0.16676874671610267 -333
    endloop
  endfacet
  facet normal -0.9000970920984536 0.10452846326762172 -0.4229645672663579
    outer loop
      vertex 316.92915067250715 -0.08367784333231569 -328.5256037747906
      vertex 319.03171391794746 -0.08367784333231569 -333
      vertex 319.02687646878115 -0.12533323356430406 -333
    endloop
  endfacet
  facet normal -0.9032691590586998 0.06279051953014196 -0.4244551530497941
    outer loop
      vertex 316.9315309409807 -0.04187565372919923 -328.5244852629837
      vertex 319.03461978623307 -0.04187565372919923 -333
      vertex 319.03171391794746 -0.08367784333231569 -333
    endloop
  endfacet
  facet normal -0.9048565849811445 0.020942419882991614 -0.4252011002639873
    outer loop
      vertex 316.9315309409807 -0.04187565372919923 -328.5244852629837
      vertex 319.0355889757575 0 -333
      vertex 319.03461978623307 -0.04187565372919923 -333
    endloop
  endfacet
  facet normal -0.9048565849811258 -0.020942419884212773 -0.42520110026396696
    outer loop
      vertex 316.93232482805445 0 -328.52411220755937
      vertex 319.034619786233 0.04187565372919962 -333
      vertex 319.0355889757575 0 -333
    endloop
  endfacet
  facet normal -0.9032691590587737 -0.06279051952892158 -0.4244551530498173
    outer loop
      vertex 316.9315309409807 0.04187565372919962 -328.5244852629837
      vertex 319.03171391794746 0.08367784333231548 -333
      vertex 319.034619786233 0.04187565372919962 -333
    endloop
  endfacet
  facet normal -0.9000970920984538 -0.10452846326762072 -0.42296456726635795
    outer loop
      vertex 316.92915067250715 0.08367784333231548 -328.5256037747906
      vertex 319.02687646878115 0.12533323356430426 -333
      vertex 319.03171391794746 0.08367784333231548 -333
    endloop
  endfacet
  facet normal -0.895345948983542 -0.14608302856254338 -0.4207319579075919
    outer loop
      vertex 316.9251881984335 0.12533323356430426 -328.5274657807304
      vertex 319.0201159252637 0.16676874671610226 -333
      vertex 319.02687646878115 0.12533323356430426 -333
    endloop
  endfacet
  facet normal -0.8890240648336264 -0.1873813145852907 -0.4177612417290339
    outer loop
      vertex 316.9196504702857 0.16676874671610226 -328.5300680142119
      vertex 319.0114441476858 0.20791169081775934 -333
      vertex 319.0201159252637 0.16676874671610226 -333
    endloop
  endfacet
  facet normal -0.8811425303814697 -0.22835087011044106 -0.4140576303761896
    outer loop
      vertex 316.9125472031208 0.20791169081775934 -328.5334059100333
      vertex 319.00087634929184 0.2486898871648548 -333
      vertex 319.0114441476858 0.20791169081775934 -333
    endloop
  endfacet
  facet normal -0.8717151725165956 -0.2689198206159208 -0.40962762124185764
    outer loop
      vertex 316.903890858483 0.2486898871648548 -328.5374736123912
      vertex 318.98843106959123 0.2890317969444716 -333
      vertex 319.00087634929184 0.2486898871648548 -333
    endloop
  endfacet
  facet normal -0.8607585300286966 -0.30901699437495583 -0.4044789860676397
    outer loop
      vertex 316.8936966225422 0.2890317969444716 -328.54226398515334
      vertex 318.97413014183354 0.32886664673858323 -333
      vertex 318.98843106959123 0.2890317969444716 -333
    endloop
  endfacet
  facet normal -0.8482918245913277 -0.3485720473215847 -0.39862075730894264
    outer loop
      vertex 316.8819823794524 0.32886664673858323 -328.54776862437825
      vertex 318.95799865470553 0.368124552684678 -333
      vertex 318.97413014183354 0.32886664673858323 -333
    endloop
  endfacet
  facet normal -0.8189183190128697 -0.425779291565533 -0.38481785517188305
    outer loop
      vertex 316.8540787054331 0.4067366430758002 -328.5608808380608
      vertex 318.9203603645534 0.44463517918492745 -333
      vertex 318.94006490831714 0.4067366430758002 -333
    endloop
  endfacet
  facet normal -0.8343369270420925 -0.3875155864517823 -0.39206321228966284
    outer loop
      vertex 316.86876867997637 0.368124552684678 -328.5539778730581
      vertex 318.94006490831714 0.4067366430758002 -333
      vertex 318.95799865470553 0.368124552684678 -333
    endloop
  endfacet
  facet normal -0.8020630499822973 -0.4632960351198631 -0.37689739677438683
    outer loop
      vertex 316.8379382270296 0.44463517918492745 -328.5684654092403
      vertex 318.8989195918798 0.4817536741017153 -333
      vertex 318.9203603645534 0.44463517918492745 -333
    endloop
  endfacet
  facet normal -0.7838006898190032 -0.5000000000000029 -0.3683157322722613
    outer loop
      vertex 316.8203755606496 0.4817536741017153 -328.57671828068123
      vertex 318.8757802046972 0.5180270093731302 -333
      vertex 318.8989195918798 0.4817536741017153 -333
    endloop
  endfacet
  facet normal 0.402419327008266 0.8957117602393802 0.18910084034473648
    outer loop
      vertex 315.6419160393805 -0.9048270524660196 -329.13048811932435
      vertex 317.4602381209754 -0.9048270524660196 -333
      vertex 317.41878567852706 -0.8862035792312147 -333
    endloop
  endfacet
  facet normal 0.43601360933934186 0.8763066800439689 0.2048871274170165
    outer loop
      vertex 315.6079613200968 -0.8862035792312147 -329.1464437793021
      vertex 317.41878567852706 -0.8862035792312147 -333
      vertex 317.3782312794066 -0.8660254037844386 -333
    endloop
  endfacet
  facet normal 0.468842975641788 0.8553642601603971 0.2203139728469587
    outer loop
      vertex 315.57474221028036 -0.8660254037844386 -329.1620537690819
      vertex 317.3782312794066 -0.8660254037844386 -333
      vertex 317.3386460698106 -0.844327925502015 -333
    endloop
  endfacet
  facet normal 0.5008498320504507 0.8329212407101678 0.23535431270505716
    outer loop
      vertex 315.5423169875377 -0.844327925502015 -329.1772907034374
      vertex 317.3386460698106 -0.844327925502015 -333
      vertex 317.30009949564777 -0.8211492091337039 -333
    endloop
  endfacet
  facet normal 0.5319780276641253 0.8090169943749531 0.24998176112489545
    outer loop
      vertex 315.5107425367276 -0.8211492091337039 -329.1921278516082
      vertex 317.30009949564777 -0.8211492091337039 -333
      vertex 317.2626591807075 -0.7965299180241964 -333
    endloop
  endfacet
  facet normal 0.5621729530501661 0.7836934573255611 0.26417065659146327
    outer loop
      vertex 315.4800742501659 -0.7965299180241964 -329.20653918419464
      vertex 317.2626591807075 -0.7965299180241964 -333
      vertex 317.22639080802446 -0.7705132427757894 -333
    endloop
  endfacet
  facet normal 0.6466371271630227 0.6996633405129209 0.30386121127359006
    outer loop
      vertex 315.39403588995526 -0.7144726796328034 -329.24696946456584
      vertex 317.1576222300206 -0.7144726796328034 -333
      vertex 317.1252426681534 -0.6845471059286885 -333
    endloop
  endfacet
  facet normal 0.6725869983713803 0.6691306063586727 0.316055313601673
    outer loop
      vertex 315.3675129912118 -0.6845471059286885 -329.2594328382265
      vertex 317.1252426681534 -0.6845471059286885 -333
      vertex 317.0942761238009 -0.6534206039901056 -333
    endloop
  endfacet
  facet normal 0.6973569234379476 0.6374239897488727 0.32769494751336836
    outer loop
      vertex 315.34214753000924 -0.6534206039901056 -329.2713523204859
      vertex 317.0942761238009 -0.6534206039901056 -333
      vertex 317.06477692280436 -0.6211477802783104 -333
    endloop
  endfacet
  facet normal 0.5913816360478882 0.7569950556521108 0.2778961069601029
    outer loop
      vertex 315.4503659304484 -0.7705132427757894 -329.2204994188225
      vertex 317.22639080802446 -0.7705132427757894 -333
      vertex 317.19135800464835 -0.7431448254773942 -333
    endloop
  endfacet
  facet normal 0.6195528347040278 0.7289686274216045 0.29113403312781116
    outer loop
      vertex 315.4216696960628 -0.7431448254773942 -329.23398406449644
      vertex 317.19135800464835 -0.7431448254773942 -333
      vertex 317.1576222300206 -0.7144726796328034 -333
    endloop
  endfacet
  facet normal 0.18817153165730358 0.9781476007338444 0.08842367246596351
    outer loop
      vertex 315.8576793391536 -0.9822872507286886 -329.029098800859
      vertex 317.72364526893625 -0.9822872507286886 -333
      vertex 317.678377796826 -0.9735789028731603 -333
    endloop
  endfacet
  facet normal 0.2976424287851847 0.9443763702375234 0.13986513476866355
    outer loop
      vertex 315.7475923494316 -0.9510565162951535 -329.0808297711934
      vertex 317.5892493822365 -0.9510565162951535 -333
      vertex 317.54554480128246 -0.9372819894918915 -333
    endloop
  endfacet
  facet normal 0.33317299593351346 0.9297764858883384 0.1565613013161924
    outer loop
      vertex 315.71179284788104 -0.9372819894918915 -329.09765231268875
      vertex 317.54554480128246 -0.9372819894918915 -333
      vertex 317.50251588508195 -0.9218631515885004 -333
    endloop
  endfacet
  facet normal 0.36811906443473247 0.9135454576423974 0.1729828061416514
    outer loop
      vertex 315.6765468000158 -0.9218631515885004 -329.1142147807981
      vertex 317.50251588508195 -0.9218631515885004 -333
      vertex 317.4602381209754 -0.9048270524660196 -333
    endloop
  endfacet
  facet normal 0.261589695676856 0.957319497532185 0.12292359724810653
    outer loop
      vertex 315.78388250017696 -0.9631625667976582 -329.06377666876614
      vertex 317.63355295525827 -0.9631625667976582 -333
      vertex 317.5892493822365 -0.9510565162951535 -333
    endloop
  endfacet
  facet normal 0.2250780453544335 0.9685831611285455 0.10576640996867415
    outer loop
      vertex 315.8205996348612 -0.9735789028731603 -329.04652292234334
      vertex 317.678377796826 -0.9735789028731603 -333
      vertex 317.63355295525827 -0.9631625667976582 -333
    endloop
  endfacet
  facet normal 0.1509349011533388 0.9859960370704721 0.07092580979556087
    outer loop
      vertex 315.895056562653 -0.9892723329629883 -329.0115348721431
      vertex 317.76927595706076 -0.9892723329629883 -333
      vertex 317.72364526893625 -0.9822872507286886 -333
    endloop
  endfacet
  facet normal 0.0757330570671969 0.9964928592495028 0.03558771602684238
    outer loop
      vertex 315.9704408709557 -0.9980267284282716 -328.976111036626
      vertex 317.86130627765704 -0.9980267284282716 -333
      vertex 317.8151898094673 -0.9945218953682733 -333
    endloop
  endfacet
  facet normal 0.11343347954412368 0.99211470131449 0.05330351915374203
    outer loop
      vertex 315.93266573300855 -0.9945218953682733 -328.9938619492947
      vertex 317.8151898094673 -0.9945218953682733 -333
      vertex 317.76927595706076 -0.9892723329629883 -333
    endloop
  endfacet
  facet normal 0.0378997730737808 0.9991228300988589 0.017809479953182612
    outer loop
      vertex 316.0083157060665 -0.9997806834748455 -328.95831327526935
      vertex 317.9075444576743 -0.9997806834748455 -333
      vertex 317.86130627765704 -0.9980267284282716 -333
    endloop
  endfacet
  facet normal 0 1 0
    outer loop
      vertex 316.04622379301026 -0.9997806834748455 -328.9404998885461
      vertex 317.9538232320395 -0.9997806834748455 -333
      vertex 317.9075444576743 -0.9997806834748455 -333
    endloop
  endfacet
  facet normal -0.03789977307378073 0.9991228300988588 -0.017809479953182442
    outer loop
      vertex 316.08409862812107 -0.9980267284282716 -328.9227021271895
      vertex 318.00006141205677 -0.9980267284282716 -333
      vertex 317.9538232320395 -0.9997806834748455 -333
    endloop
  endfacet
  facet normal -0.07573305706719653 0.9964928592495029 -0.0355877160268411
    outer loop
      vertex 316.1218737660683 -0.9945218953682733 -328.9049512145207
      vertex 318.0461778802465 -0.9945218953682733 -333
      vertex 318.00006141205677 -0.9980267284282716 -333
    endloop
  endfacet
  facet normal -0.11343347954426221 0.9921147013144707 -0.05330351915380872
    outer loop
      vertex 316.1594829364238 -0.9892723329629883 -328.8872782916724
      vertex 318.092091732653 -0.9892723329629883 -333
      vertex 318.0461778802465 -0.9945218953682733 -333
    endloop
  endfacet
  facet normal -0.1509349011529729 0.9859960370705402 -0.07092580979539143
    outer loop
      vertex 316.19686015992323 -0.9822872507286886 -328.8697143629564
      vertex 318.1377224207776 -0.9822872507286886 -333
      vertex 318.092091732653 -0.9892723329629883 -333
    endloop
  endfacet
  facet normal -0.18817153165775588 0.9781476007337382 -0.08842367246617684
    outer loop
      vertex 316.2339398642156 -0.9735789028731603 -328.85229024147213
      vertex 318.18298989288775 -0.9735789028731603 -333
      vertex 318.1377224207776 -0.9822872507286886 -333
    endloop
  endfacet
  facet normal 0.8482918245913247 0.3485720473215878 0.3986207573089464
    outer loop
      vertex 315.18577081910047 -0.36812455268467786 -329.3448352907574
      vertex 316.90336903500827 -0.36812455268467786 -333
      vertex 316.88723754788026 -0.32886664673858307 -333
    endloop
  endfacet
  facet normal 0.743185261945685 0.5707135676847477 0.34923013914504925
    outer loop
      vertex 315.2950648101736 -0.5877852522924731 -329.2934769583676
      vertex 317.03679681678625 -0.5877852522924731 -333
      vertex 317.0103848923602 -0.553391549243344 -333
    endloop
  endfacet
  facet normal 0.7209034474978009 0.6045991148623138 0.3387596931358454
    outer loop
      vertex 315.31798400598586 -0.6211477802783104 -329.282707000522
      vertex 317.06477692280436 -0.6211477802783104 -333
      vertex 317.03679681678625 -0.5877852522924731 -333
    endloop
  endfacet
  facet normal 0.7641632769088968 0.5358267949783196 0.35908791682138047
    outer loop
      vertex 315.27343015062985 -0.553391549243344 -329.30364329985696
      vertex 317.0103848923602 -0.553391549243344 -333
      vertex 316.9855874850166 -0.51802700937313 -333
    endloop
  endfacet
  facet normal 0.7838006898185174 0.5000000000009301 0.36831573227203623
    outer loop
      vertex 315.25311798189904 -0.51802700937313 -329.31318818977263
      vertex 316.9855874850166 -0.51802700937313 -333
      vertex 316.96244809783394 -0.4817536741017154 -333
    endloop
  endfacet
  facet normal 0.8020630499822969 0.46329603511986767 0.376897396774382
    outer loop
      vertex 315.2341639384272 -0.4817536741017154 -329.32209488313424
      vertex 316.96244809783394 -0.4817536741017154 -333
      vertex 316.94100732516034 -0.44463517918492756 -333
    endloop
  endfacet
  facet normal 0.8189183190132984 0.42577929156452726 0.38481785517208417
    outer loop
      vertex 315.21660127204717 -0.44463517918492756 -329.3303477545752
      vertex 316.94100732516034 -0.44463517918492756 -333
      vertex 316.92130278139666 -0.4067366430758002 -333
    endloop
  endfacet
  facet normal 0.8343369270420907 0.38751558645177714 0.39206321228967184
    outer loop
      vertex 315.2004607936437 -0.4067366430758002 -329.3379323257546
      vertex 316.92130278139666 -0.4067366430758002 -333
      vertex 316.90336903500827 -0.36812455268467786 -333
    endloop
  endfacet
  facet normal 0.8607585300280349 0.30901699437717634 0.40447898606735133
    outer loop
      vertex 315.1725571196244 -0.32886664673858307 -329.3510445394372
      vertex 316.88723754788026 -0.32886664673858307 -333
      vertex 316.87293662012246 -0.2890317969444718 -333
    endloop
  endfacet
  facet normal 0.8717151725171749 0.26891982061364345 0.4096276212421202
    outer loop
      vertex 315.16084287653456 -0.2890317969444718 -329.3565491786621
      vertex 316.87293662012246 -0.2890317969444718 -333
      vertex 316.86049134042196 -0.24868988716485485 -333
    endloop
  endfacet
  facet normal 0.8811425303814687 0.22835087011044608 0.4140576303761887
    outer loop
      vertex 315.15064864059383 -0.24868988716485485 -329.36133955142424
      vertex 316.86049134042196 -0.24868988716485485 -333
      vertex 316.849923542028 -0.20791169081775934 -333
    endloop
  endfacet
  facet normal 0.8890240648336293 0.18738131458529156 0.4177612417290274
    outer loop
      vertex 315.141992295956 -0.20791169081775934 -329.3654072537821
      vertex 316.849923542028 -0.20791169081775934 -333
      vertex 316.8412517644501 -0.16676874671610217 -333
    endloop
  endfacet
  facet normal 0.8953459489833766 0.14608302856374794 0.42073195790752577
    outer loop
      vertex 315.13488902879106 -0.16676874671610217 -329.36874514960357
      vertex 316.8412517644501 -0.16676874671610217 -333
      vertex 316.8344912209326 -0.12533323356430406 -333
    endloop
  endfacet
  facet normal 0.9000970920984497 0.10452846326762158 0.42296456726636605
    outer loop
      vertex 315.1293513006433 -0.12533323356430406 -329.3713473830851
      vertex 316.8344912209326 -0.12533323356430406 -333
      vertex 316.8296537717663 -0.08367784333231569 -333
    endloop
  endfacet
  facet normal 0.9032691590587758 0.06279051952892276 0.42445515304981307
    outer loop
      vertex 315.1253888265697 -0.08367784333231569 -329.37320938902485
      vertex 316.8296537717663 -0.08367784333231569 -333
      vertex 316.82674790348074 -0.04187565372919973 -333
    endloop
  endfacet
  facet normal 0.90485658498115 0.020942419882988696 0.42520110026397595
    outer loop
      vertex 315.1222146710224 0 -329.37470095625605
      vertex 316.82674790348074 -0.04187565372919973 -333
      vertex 316.8257787139563 0 -333
    endloop
  endfacet
  facet normal 0.9048565849811474 -0.02094241988298866 0.42520110026398134
    outer loop
      vertex 315.1230085580961 0.04187565372919973 -329.37432790083176
      vertex 316.8257787139563 0 -333
      vertex 316.82674790348074 0.04187565372919973 -333
    endloop
  endfacet
  facet normal 0.9032691590587023 -0.0627905195301481 0.424455153049788
    outer loop
      vertex 315.1230085580961 0.04187565372919973 -329.37432790083176
      vertex 316.82674790348074 0.04187565372919973 -333
      vertex 316.82965377176635 0.08367784333231569 -333
    endloop
  endfacet
  facet normal 0.9000970920985651 -0.10452846326640794 0.4229645672664203
    outer loop
      vertex 315.1293513006433 0.12533323356430406 -329.3713473830851
      vertex 316.82965377176635 0.08367784333231569 -333
      vertex 316.8344912209326 0.12533323356430406 -333
    endloop
  endfacet
  facet normal 0.8953459489833766 -0.14608302856374794 0.42073195790752577
    outer loop
      vertex 315.13488902879106 0.16676874671610217 -329.36874514960357
      vertex 316.8344912209326 0.12533323356430406 -333
      vertex 316.8412517644501 0.16676874671610217 -333
    endloop
  endfacet
  facet normal 0.8890240648336293 -0.18738131458529156 0.4177612417290274
    outer loop
      vertex 315.141992295956 0.20791169081775934 -329.3654072537821
      vertex 316.8412517644501 0.16676874671610217 -333
      vertex 316.849923542028 0.20791169081775934 -333
    endloop
  endfacet
  facet normal 0.8811425303814687 -0.22835087011044608 0.4140576303761887
    outer loop
      vertex 315.15064864059383 0.24868988716485485 -329.36133955142424
      vertex 316.849923542028 0.20791169081775934 -333
      vertex 316.86049134042196 0.24868988716485485 -333
    endloop
  endfacet
  facet normal 0.8717151725168824 -0.26891982061478054 0.4096276212419963
    outer loop
      vertex 315.16084287653456 0.2890317969444718 -329.3565491786621
      vertex 316.86049134042196 0.24868988716485485 -333
      vertex 316.8729366201225 0.2890317969444718 -333
    endloop
  endfacet
  facet normal 0.8607585300283623 -0.3090169943760631 0.40447898606750515
    outer loop
      vertex 315.1725571196244 0.32886664673858307 -329.3510445394372
      vertex 316.8729366201225 0.2890317969444718 -333
      vertex 316.88723754788026 0.32886664673858307 -333
    endloop
  endfacet
  facet normal 0.8482918245913247 -0.3485720473215878 0.3986207573089464
    outer loop
      vertex 315.18577081910047 0.36812455268467786 -329.3448352907574
      vertex 316.88723754788026 0.32886664673858307 -333
      vertex 316.90336903500827 0.36812455268467786 -333
    endloop
  endfacet
  facet normal 0.8343369270424902 -0.38751558645073186 0.39206321228985463
    outer loop
      vertex 315.18577081910047 0.36812455268467786 -329.3448352907574
      vertex 316.90336903500827 0.36812455268467786 -333
      vertex 316.9213027813966 0.4067366430758002 -333
    endloop
  endfacet
  facet normal 0.8189183190128697 -0.42577929156553346 0.38481785517188277
    outer loop
      vertex 315.21660127204717 0.44463517918492756 -329.3303477545752
      vertex 316.9213027813966 0.4067366430758002 -333
      vertex 316.94100732516034 0.44463517918492756 -333
    endloop
  endfacet
  facet normal 0.8020630499822969 -0.46329603511986767 0.376897396774382
    outer loop
      vertex 315.2341639384272 0.4817536741017154 -329.32209488313424
      vertex 316.94100732516034 0.44463517918492756 -333
      vertex 316.96244809783394 0.4817536741017154 -333
    endloop
  endfacet
  facet normal -0.15093490115300875 -0.9859960370705336 -0.07092580979540786
    outer loop
      vertex 316.1594829364238 0.9892723329629883 -328.8872782916724
      vertex 318.092091732653 0.9892723329629883 -333
      vertex 316.19686015992323 0.9822872507286887 -328.8697143629564
    endloop
  endfacet
  facet normal -0.6466371271623412 -0.6996633405136897 -0.3038612112732702
    outer loop
      vertex 316.687026507865 0.6845471059286887 -328.63938032558895
      vertex 316.6605036091215 0.7144726796328034 -328.65184369924964
      vertex 318.70374545969315 0.7144726796328034 -333
    endloop
  endfacet
  facet normal -0.6195528347040227 -0.7289686274216095 -0.29113403312780933
    outer loop
      vertex 316.632869803014 0.7431448254773942 -328.66482909931904
      vertex 318.6700096850654 0.7431448254773942 -333
      vertex 316.6605036091215 0.7144726796328034 -328.65184369924964
    endloop
  endfacet
  facet normal -0.5913816360487346 -0.756995055651305 -0.2778961069604963
    outer loop
      vertex 316.632869803014 0.7431448254773942 -328.66482909931904
      vertex 316.6041735686284 0.7705132427757891 -328.6783137449929
      vertex 318.63497688168934 0.7705132427757891 -333
    endloop
  endfacet
  facet normal -0.7641632769080215 -0.5358267949798408 -0.3590879168209732
    outer loop
      vertex 316.8014215171778 0.5180270093731302 -328.58562497404284
      vertex 316.78110934844693 0.5533915492433441 -328.5951698639585
      vertex 318.85098279735354 0.5533915492433441 -333
    endloop
  endfacet
  facet normal -0.783800689819429 -0.4999999999991941 -0.3683157322724525
    outer loop
      vertex 316.8203755606496 0.4817536741017153 -328.57671828068123
      vertex 316.8014215171778 0.5180270093731302 -328.58562497404284
      vertex 318.8757802046972 0.5180270093731302 -333
    endloop
  endfacet
  facet normal -0.7431852619458512 -0.5707135676844793 -0.3492301391451341
    outer loop
      vertex 316.78110934844693 0.5533915492433441 -328.5951698639585
      vertex 316.7594746889032 0.5877852522924731 -328.6053362054479
      vertex 318.82457087292755 0.5877852522924731 -333
    endloop
  endfacet
  facet normal -0.7209034474978325 -0.6045991148622698 -0.33875969313585635
    outer loop
      vertex 316.7594746889032 0.5877852522924731 -328.6053362054479
      vertex 316.7365554930909 0.6211477802783103 -328.61610616329347
      vertex 318.7965907669094 0.6211477802783103 -333
    endloop
  endfacet
  facet normal -0.69735692343807 -0.6374239897487091 -0.32769494751342654
    outer loop
      vertex 316.7365554930909 0.6211477802783103 -328.61610616329347
      vertex 316.71239196906754 0.6534206039901054 -328.6274608433296
      vertex 318.7670915659129 0.6534206039901054 -333
    endloop
  endfacet
  facet normal -0.6725869983718151 -0.6691306063581388 -0.3160553136018784
    outer loop
      vertex 316.71239196906754 0.6534206039901054 -328.6274608433296
      vertex 316.687026507865 0.6845471059286887 -328.63938032558895
      vertex 318.7361250215604 0.6845471059286887 -333
    endloop
  endfacet
  facet normal -0.4024193270080174 -0.8957117602395159 -0.18910084034462235
    outer loop
      vertex 316.44657817897996 0.8862035792312147 -328.7523693845134
      vertex 316.4126234596963 0.9048270524660195 -328.7683250444911
      vertex 318.4011295687383 0.9048270524660195 -333
    endloop
  endfacet
  facet normal -0.3681190644346632 -0.9135454576424301 -0.17298280614162564
    outer loop
      vertex 316.377992699061 0.9218631515885005 -328.78459838301734
      vertex 318.3588518046318 0.9218631515885005 -333
      vertex 316.4126234596963 0.9048270524660195 -328.7683250444911
    endloop
  endfacet
  facet normal -0.5008498320505029 -0.8329212407101292 -0.23535431270508347
    outer loop
      vertex 316.5122225115391 0.8443279255020151 -328.7215224603781
      vertex 318.5227216199032 0.8443279255020151 -333
      vertex 316.5437969623492 0.821149209133704 -328.70668531220724
    endloop
  endfacet
  facet normal -0.5621729530494665 -0.7836934573261737 -0.26417065659113503
    outer loop
      vertex 316.6041735686284 0.7705132427757891 -328.6783137449929
      vertex 316.5744652489109 0.7965299180241963 -328.6922739796208
      vertex 318.59870850900626 0.7965299180241963 -333
    endloop
  endfacet
  facet normal -0.5319780276641398 -0.8090169943749412 -0.2499817611249025
    outer loop
      vertex 316.5744652489109 0.7965299180241963 -328.6922739796208
      vertex 316.5437969623492 0.821149209133704 -328.70668531220724
      vertex 318.561268194066 0.821149209133704 -333
    endloop
  endfacet
  facet normal -0.46884297564178257 -0.8553642601604018 -0.22031397284695176
    outer loop
      vertex 316.5122225115391 0.8443279255020151 -328.7215224603781
      vertex 316.4797972887964 0.8660254037844386 -328.73675939473355
      vertex 318.48313641030717 0.8660254037844386 -333
    endloop
  endfacet
  facet normal -0.4360136093393373 -0.8763066800439727 -0.20488712741701043
    outer loop
      vertex 316.44657817897996 0.8862035792312147 -328.7523693845134
      vertex 318.4425820111867 0.8862035792312147 -333
      vertex 316.4797972887964 0.8660254037844386 -328.73675939473355
    endloop
  endfacet
  facet normal -0.2250780453539205 -0.968583161128691 -0.105766409968434
    outer loop
      vertex 316.2339398642156 0.9735789028731603 -328.85229024147213
      vertex 318.18298989288775 0.9735789028731603 -333
      vertex 316.2706569988999 0.9631625667976582 -328.8350364950493
    endloop
  endfacet
  facet normal -0.18817153165763362 -0.9781476007337669 -0.08842367246611825
    outer loop
      vertex 316.19686015992323 0.9822872507286887 -328.8697143629564
      vertex 318.13772242077755 0.9822872507286887 -333
      vertex 316.2339398642156 0.9735789028731603 -328.85229024147213
    endloop
  endfacet
  facet normal -0.2615896956771632 -0.9573194975320827 -0.12292359724825058
    outer loop
      vertex 316.3069471496452 0.9510565162951535 -328.817983392622
      vertex 316.2706569988999 0.9631625667976582 -328.8350364950493
      vertex 318.2278147344556 0.9631625667976582 -333
    endloop
  endfacet
  facet normal -0.33317299593368604 -0.9297764858882626 -0.15656130131627535
    outer loop
      vertex 316.377992699061 0.9218631515885005 -328.78459838301734
      vertex 316.34274665119574 0.9372819894918915 -328.80116085112667
      vertex 318.3158228884313 0.9372819894918915 -333
    endloop
  endfacet
  facet normal -0.2976424287854386 -0.9443763702374257 -0.13986513476878276
    outer loop
      vertex 316.3069471496452 0.9510565162951535 -328.817983392622
      vertex 318.27211830747723 0.9510565162951535 -333
      vertex 316.34274665119574 0.9372819894918915 -328.80116085112667
    endloop
  endfacet
  facet normal 0.7641632769085234 -0.535826794978964 0.35908791682121366
    outer loop
      vertex 315.25311798189904 0.51802700937313 -329.31318818977263
      vertex 316.9855874850166 0.51802700937313 -333
      vertex 315.27343015062985 0.553391549243344 -329.30364329985696
    endloop
  endfacet
  facet normal 0.7431852619458545 -0.570713567684478 0.34923013914512885
    outer loop
      vertex 315.27343015062985 0.553391549243344 -329.30364329985696
      vertex 317.03679681678625 0.5877852522924731 -333
      vertex 315.2950648101736 0.5877852522924731 -329.2934769583676
    endloop
  endfacet
  facet normal 0.7209034474978321 -0.6045991148622685 0.33875969313585946
    outer loop
      vertex 315.2950648101736 0.5877852522924731 -329.2934769583676
      vertex 317.03679681678625 0.5877852522924731 -333
      vertex 315.31798400598586 0.6211477802783104 -329.282707000522
    endloop
  endfacet
  facet normal 0.697356923438072 -0.6374239897487078 0.3276949475134244
    outer loop
      vertex 315.31798400598586 0.6211477802783104 -329.282707000522
      vertex 317.06477692280436 0.6211477802783104 -333
      vertex 315.34214753000924 0.6534206039901056 -329.2713523204859
    endloop
  endfacet
  facet normal 0.6725869983709959 -0.6691306063591411 0.3160553136014995
    outer loop
      vertex 315.34214753000924 0.6534206039901056 -329.2713523204859
      vertex 317.0942761238009 0.6534206039901056 -333
      vertex 315.3675129912118 0.6845471059286885 -329.2594328382265
    endloop
  endfacet
  facet normal 0.6466371271631615 -0.6996633405127654 0.3038612112736528
    outer loop
      vertex 315.3675129912118 0.6845471059286885 -329.2594328382265
      vertex 317.1252426681534 0.6845471059286885 -333
      vertex 315.39403588995526 0.7144726796328034 -329.24696946456584
    endloop
  endfacet
  facet normal 0.619552834704023 -0.7289686274216096 0.291134033127809
    outer loop
      vertex 315.4216696960628 0.7431448254773942 -329.23398406449644
      vertex 315.39403588995526 0.7144726796328034 -329.24696946456584
      vertex 317.1576222300206 0.7144726796328034 -333
    endloop
  endfacet
  facet normal 0.5913816360479276 -0.7569950556520733 0.2778961069601208
    outer loop
      vertex 315.4216696960628 0.7431448254773942 -329.23398406449644
      vertex 317.19135800464835 0.7431448254773942 -333
      vertex 315.4503659304484 0.7705132427757894 -329.2204994188225
    endloop
  endfacet
  facet normal 0.5621729530500037 -0.7836934573257022 0.2641706565913895
    outer loop
      vertex 315.4503659304484 0.7705132427757894 -329.2204994188225
      vertex 317.22639080802446 0.7705132427757894 -333
      vertex 315.4800742501659 0.7965299180241963 -329.20653918419464
    endloop
  endfacet
  facet normal 0.5319780276641399 -0.8090169943749413 0.24998176112490217
    outer loop
      vertex 315.4800742501659 0.7965299180241963 -329.20653918419464
      vertex 317.2626591807075 0.7965299180241963 -333
      vertex 315.5107425367276 0.821149209133704 -329.1921278516082
    endloop
  endfacet
  facet normal 0.5008498320507444 -0.8329212407099535 0.23535431270519083
    outer loop
      vertex 315.5107425367276 0.821149209133704 -329.1921278516082
      vertex 317.30009949564777 0.821149209133704 -333
      vertex 315.5423169875377 0.844327925502015 -329.1772907034374
    endloop
  endfacet
  facet normal 0.4688429756417827 -0.8553642601604005 0.22031397284695625
    outer loop
      vertex 315.5423169875377 0.844327925502015 -329.1772907034374
      vertex 317.3386460698106 0.844327925502015 -333
      vertex 315.57474221028036 0.8660254037844386 -329.1620537690819
    endloop
  endfacet
  facet normal 0.4024193270080172 -0.8957117602395159 0.18910084034462285
    outer loop
      vertex 315.6079613200968 0.8862035792312147 -329.1464437793021
      vertex 317.41878567852706 0.8862035792312147 -333
      vertex 315.6419160393805 0.9048270524660195 -329.13048811932435
    endloop
  endfacet
  facet normal 0.3681190644344703 -0.9135454576425256 0.17298280614153166
    outer loop
      vertex 315.6419160393805 0.9048270524660195 -329.13048811932435
      vertex 317.4602381209754 0.9048270524660195 -333
      vertex 315.6765468000158 0.9218631515885005 -329.1142147807981
    endloop
  endfacet
  facet normal 0.4360136093393357 -0.8763066800439727 0.2048871274170137
    outer loop
      vertex 315.6079613200968 0.8862035792312147 -329.1464437793021
      vertex 315.57474221028036 0.8660254037844386 -329.1620537690819
      vertex 317.3782312794066 0.8660254037844386 -333
    endloop
  endfacet
  facet normal 0.33317299593368754 -0.9297764858882626 0.15656130131627197
    outer loop
      vertex 315.6765468000158 0.9218631515885005 -329.1142147807981
      vertex 317.50251588508195 0.9218631515885005 -333
      vertex 315.71179284788104 0.9372819894918915 -329.09765231268875
    endloop
  endfacet
  facet normal 0.261589695677163 -0.9573194975320825 0.12292359724825082
    outer loop
      vertex 315.78388250017696 0.9631625667976582 -329.06377666876614
      vertex 315.7475923494316 0.9510565162951535 -329.0808297711934
      vertex 317.5892493822366 0.9510565162951535 -333
    endloop
  endfacet
  facet normal 0.2976424287850929 -0.9443763702375585 0.13986513476862156
    outer loop
      vertex 315.71179284788104 0.9372819894918915 -329.09765231268875
      vertex 317.54554480128246 0.9372819894918915 -333
      vertex 315.7475923494316 0.9510565162951535 -329.0808297711934
    endloop
  endfacet
  facet normal 0.2250780453543151 -0.9685831611285791 0.10576640996861672
    outer loop
      vertex 315.78388250017696 0.9631625667976582 -329.06377666876614
      vertex 317.6335529552582 0.9631625667976582 -333
      vertex 315.8205996348612 0.9735789028731603 -329.04652292234334
    endloop
  endfacet
  facet normal 0.18817153165730013 -0.978147600733845 0.08842367246596462
    outer loop
      vertex 315.8205996348612 0.9735789028731603 -329.04652292234334
      vertex 317.67837779682606 0.9735789028731603 -333
      vertex 315.8576793391536 0.9822872507286887 -329.029098800859
    endloop
  endfacet
  facet normal 0.113433479544119 -0.9921147013144904 0.0533035191537415
    outer loop
      vertex 315.895056562653 0.9892723329629883 -329.0115348721431
      vertex 317.7692759570608 0.9892723329629883 -333
      vertex 315.93266573300855 0.9945218953682733 -328.9938619492947
    endloop
  endfacet
  facet normal 0.15093490115327798 -0.9859960370704834 0.07092580979553299
    outer loop
      vertex 315.8576793391536 0.9822872507286887 -329.029098800859
      vertex 317.72364526893625 0.9822872507286887 -333
      vertex 315.895056562653 0.9892723329629883 -329.0115348721431
    endloop
  endfacet
  facet normal 0.07573305706730347 -0.996492859249493 0.03558771602689123
    outer loop
      vertex 315.93266573300855 0.9945218953682733 -328.9938619492947
      vertex 317.8151898094673 0.9945218953682733 -333
      vertex 315.9704408709557 0.9980267284282716 -328.976111036626
    endloop
  endfacet
  facet normal 0.03789977307378054 -0.9991228300988588 0.01780947995318196
    outer loop
      vertex 315.9704408709557 0.9980267284282716 -328.976111036626
      vertex 317.861306277657 0.9980267284282716 -333
      vertex 316.0083157060665 0.9997806834748455 -328.95831327526935
    endloop
  endfacet
  facet normal 0 -1 0
    outer loop
      vertex 316.04622379301026 0.9997806834748455 -328.9404998885461
      vertex 316.0083157060665 0.9997806834748455 -328.95831327526935
      vertex 317.9075444576743 0.9997806834748455 -333
    endloop
  endfacet
  facet normal -0.03789977307378038 -0.9991228300988588 -0.017809479953182286
    outer loop
      vertex 316.04622379301026 0.9997806834748455 -328.9404998885461
      vertex 317.9538232320395 0.9997806834748455 -333
      vertex 316.08409862812107 0.9980267284282716 -328.9227021271895
    endloop
  endfacet
  facet normal -0.0757330570671237 -0.9964928592495097 -0.03558771602680665
    outer loop
      vertex 316.08409862812107 0.9980267284282716 -328.9227021271895
      vertex 318.0000614120567 0.9980267284282716 -333
      vertex 316.1218737660683 0.9945218953682733 -328.9049512145207
    endloop
  endfacet
  facet normal -0.11343347954438772 -0.992114701314453 -0.05330351915386628
    outer loop
      vertex 316.1594829364238 0.9892723329629883 -328.8872782916724
      vertex 316.1218737660683 0.9945218953682733 -328.9049512145207
      vertex 318.0461778802465 0.9945218953682733 -333
    endloop
  endfacet
  facet normal -0.46884297564129407 -0.8553642601607271 -0.22031397284672838
    outer loop
      vertex 316.5122225115391 0.8443279255020151 -328.7215224603781
      vertex 318.48313641030717 0.8660254037844386 -333
      vertex 318.5227216199032 0.8443279255020151 -333
    endloop
  endfacet
  facet normal -0.36811906443473774 -0.9135454576423935 -0.17298280614165978
    outer loop
      vertex 316.4126234596963 0.9048270524660195 -328.7683250444911
      vertex 318.3588518046318 0.9218631515885005 -333
      vertex 318.4011295687383 0.9048270524660195 -333
    endloop
  endfacet
  facet normal -0.43601360933934113 -0.8763066800439703 -0.20488712741701212
    outer loop
      vertex 316.4797972887964 0.8660254037844386 -328.73675939473355
      vertex 318.4425820111867 0.8862035792312147 -333
      vertex 318.48313641030717 0.8660254037844386 -333
    endloop
  endfacet
  facet normal -0.4024193270082647 -0.8957117602393808 -0.18910084034473557
    outer loop
      vertex 316.44657817897996 0.8862035792312147 -328.7523693845134
      vertex 318.4011295687383 0.9048270524660195 -333
      vertex 318.4425820111867 0.8862035792312147 -333
    endloop
  endfacet
  facet normal -0.26158969567747314 -0.9573194975319796 -0.12292359724839262
    outer loop
      vertex 316.3069471496452 0.9510565162951535 -328.817983392622
      vertex 318.2278147344556 0.9631625667976582 -333
      vertex 318.27211830747723 0.9510565162951535 -333
    endloop
  endfacet
  facet normal -0.22507804535389858 -0.9685831611286972 -0.10576640996842394
    outer loop
      vertex 316.2706569988999 0.9631625667976582 -328.8350364950493
      vertex 318.18298989288775 0.9735789028731603 -333
      vertex 318.2278147344556 0.9631625667976582 -333
    endloop
  endfacet
  facet normal -0.29764242878518676 -0.9443763702375222 -0.13986513476866733
    outer loop
      vertex 316.34274665119574 0.9372819894918915 -328.80116085112667
      vertex 318.27211830747723 0.9510565162951535 -333
      vertex 318.3158228884313 0.9372819894918915 -333
    endloop
  endfacet
  facet normal -0.33317299593351174 -0.9297764858883384 -0.15656130131619547
    outer loop
      vertex 316.377992699061 0.9218631515885005 -328.78459838301734
      vertex 318.3158228884313 0.9372819894918915 -333
      vertex 318.3588518046318 0.9218631515885005 -333
    endloop
  endfacet
  facet normal -0.6973569234384931 -0.6374239897481475 -0.32769494751361833
    outer loop
      vertex 316.7365554930909 0.6211477802783103 -328.61610616329347
      vertex 318.7670915659129 0.6534206039901054 -333
      vertex 318.7965907669094 0.6211477802783103 -333
    endloop
  endfacet
  facet normal -0.7641632769083927 -0.5358267949791993 -0.3590879168211404
    outer loop
      vertex 316.8014215171778 0.5180270093731302 -328.58562497404284
      vertex 318.85098279735354 0.5533915492433441 -333
      vertex 318.8757802046972 0.5180270093731302 -333
    endloop
  endfacet
  facet normal -0.7431852619462064 -0.5707135676839188 -0.34923013914529444
    outer loop
      vertex 316.78110934844693 0.5533915492433441 -328.5951698639585
      vertex 318.82457087292755 0.5877852522924731 -333
      vertex 318.85098279735354 0.5533915492433441 -333
    endloop
  endfacet
  facet normal -0.7209034474972621 -0.6045991148630948 -0.3387596931355981
    outer loop
      vertex 316.7594746889032 0.5877852522924731 -328.6053362054479
      vertex 318.7965907669094 0.6211477802783103 -333
      vertex 318.82457087292755 0.5877852522924731 -333
    endloop
  endfacet
  facet normal -0.6725869983713854 -0.6691306063586631 -0.3160553136016832
    outer loop
      vertex 316.71239196906754 0.6534206039901054 -328.6274608433296
      vertex 318.7361250215604 0.6845471059286887 -333
      vertex 318.7670915659129 0.6534206039901054 -333
    endloop
  endfacet
  facet normal -0.6466371271624665 -0.6996633405135491 -0.30386121127332716
    outer loop
      vertex 316.687026507865 0.6845471059286887 -328.63938032558895
      vertex 318.70374545969315 0.7144726796328034 -333
      vertex 318.7361250215604 0.6845471059286887 -333
    endloop
  endfacet
  facet normal -0.5913816360484365 -0.756995055651588 -0.27789610696036043
    outer loop
      vertex 316.632869803014 0.7431448254773942 -328.66482909931904
      vertex 318.63497688168934 0.7705132427757891 -333
      vertex 318.6700096850654 0.7431448254773942 -333
    endloop
  endfacet
  facet normal -0.5621729530496253 -0.7836934573260351 -0.26417065659120753
    outer loop
      vertex 316.6041735686284 0.7705132427757891 -328.6783137449929
      vertex 318.59870850900626 0.7965299180241963 -333
      vertex 318.63497688168934 0.7705132427757891 -333
    endloop
  endfacet
  facet normal -0.619552834704026 -0.7289686274216064 -0.29113403312781083
    outer loop
      vertex 316.6605036091215 0.7144726796328034 -328.65184369924964
      vertex 318.6700096850654 0.7431448254773942 -333
      vertex 318.70374545969315 0.7144726796328034 -333
    endloop
  endfacet
  facet normal -0.5319780276641295 -0.8090169943749496 -0.24998176112489776
    outer loop
      vertex 316.5744652489109 0.7965299180241963 -328.6922739796208
      vertex 318.561268194066 0.821149209133704 -333
      vertex 318.59870850900626 0.7965299180241963 -333
    endloop
  endfacet
  facet normal -0.5008498320509629 -0.832921240709793 -0.23535431270529372
    outer loop
      vertex 316.5437969623492 0.821149209133704 -328.70668531220724
      vertex 318.5227216199032 0.8443279255020151 -333
      vertex 318.561268194066 0.821149209133704 -333
    endloop
  endfacet
  facet normal 0.7838006898185174 -0.5000000000009301 0.36831573227203623
    outer loop
      vertex 315.25311798189904 0.51802700937313 -329.31318818977263
      vertex 316.96244809783394 0.4817536741017154 -333
      vertex 316.9855874850166 0.51802700937313 -333
    endloop
  endfacet
  facet normal 0.7641632769088968 -0.5358267949783196 0.35908791682138047
    outer loop
      vertex 315.27343015062985 0.553391549243344 -329.30364329985696
      vertex 316.9855874850166 0.51802700937313 -333
      vertex 317.0103848923602 0.553391549243344 -333
    endloop
  endfacet
  facet normal 0.7431852619456867 -0.5707135676847472 0.3492301391450463
    outer loop
      vertex 315.27343015062985 0.553391549243344 -329.30364329985696
      vertex 317.0103848923602 0.553391549243344 -333
      vertex 317.03679681678625 0.5877852522924731 -333
    endloop
  endfacet
  facet normal 0.7209034474978009 -0.6045991148623138 0.3387596931358454
    outer loop
      vertex 315.31798400598586 0.6211477802783104 -329.282707000522
      vertex 317.03679681678625 0.5877852522924731 -333
      vertex 317.06477692280436 0.6211477802783104 -333
    endloop
  endfacet
  facet normal 0.6973569234379476 -0.6374239897488727 0.32769494751336836
    outer loop
      vertex 315.34214753000924 0.6534206039901056 -329.2713523204859
      vertex 317.06477692280436 0.6211477802783104 -333
      vertex 317.0942761238009 0.6534206039901056 -333
    endloop
  endfacet
  facet normal 0.6725869983713803 -0.6691306063586727 0.316055313601673
    outer loop
      vertex 315.3675129912118 0.6845471059286885 -329.2594328382265
      vertex 317.0942761238009 0.6534206039901056 -333
      vertex 317.1252426681534 0.6845471059286885 -333
    endloop
  endfacet
  facet normal 0.6466371271630227 -0.6996633405129209 0.30386121127359006
    outer loop
      vertex 315.39403588995526 0.7144726796328034 -329.24696946456584
      vertex 317.1252426681534 0.6845471059286885 -333
      vertex 317.1576222300206 0.7144726796328034 -333
    endloop
  endfacet
  facet normal 0.6195528347040278 -0.7289686274216045 0.29113403312781116
    outer loop
      vertex 315.4216696960628 0.7431448254773942 -329.23398406449644
      vertex 317.1576222300206 0.7144726796328034 -333
      vertex 317.19135800464835 0.7431448254773942 -333
    endloop
  endfacet
  facet normal 0.5913816360478882 -0.7569950556521108 0.2778961069601029
    outer loop
      vertex 315.4503659304484 0.7705132427757894 -329.2204994188225
      vertex 317.19135800464835 0.7431448254773942 -333
      vertex 317.22639080802446 0.7705132427757894 -333
    endloop
  endfacet
  facet normal 0.5621729530501646 -0.7836934573255623 0.2641706565914626
    outer loop
      vertex 315.4800742501659 0.7965299180241963 -329.20653918419464
      vertex 317.22639080802446 0.7705132427757894 -333
      vertex 317.2626591807075 0.7965299180241963 -333
    endloop
  endfacet
  facet normal 0.5319780276641284 -0.8090169943749506 0.2499817611248969
    outer loop
      vertex 315.5107425367276 0.821149209133704 -329.1921278516082
      vertex 317.2626591807075 0.7965299180241963 -333
      vertex 317.30009949564777 0.821149209133704 -333
    endloop
  endfacet
  facet normal 0.5008498320504492 -0.8329212407101692 0.23535431270505638
    outer loop
      vertex 315.5423169875377 0.844327925502015 -329.1772907034374
      vertex 317.30009949564777 0.821149209133704 -333
      vertex 317.3386460698106 0.844327925502015 -333
    endloop
  endfacet
  facet normal 0.468842975641788 -0.8553642601603971 0.2203139728469587
    outer loop
      vertex 315.57474221028036 0.8660254037844386 -329.1620537690819
      vertex 317.3386460698106 0.844327925502015 -333
      vertex 317.3782312794066 0.8660254037844386 -333
    endloop
  endfacet
  facet normal 0.43601360933934186 -0.8763066800439689 0.2048871274170165
    outer loop
      vertex 315.6079613200968 0.8862035792312147 -329.1464437793021
      vertex 317.3782312794066 0.8660254037844386 -333
      vertex 317.41878567852706 0.8862035792312147 -333
    endloop
  endfacet
  facet normal 0.40241932700826405 -0.895711760239381 0.18910084034473557
    outer loop
      vertex 315.6419160393805 0.9048270524660195 -329.13048811932435
      vertex 317.41878567852706 0.8862035792312147 -333
      vertex 317.4602381209754 0.9048270524660195 -333
    endloop
  endfacet
  facet normal 0.36811906443473646 -0.9135454576423954 0.1729828061416533
    outer loop
      vertex 315.6765468000158 0.9218631515885005 -329.1142147807981
      vertex 317.4602381209754 0.9048270524660195 -333
      vertex 317.50251588508195 0.9218631515885005 -333
    endloop
  endfacet
  facet normal 0.3331729959335114 -0.9297764858883392 0.15656130131619142
    outer loop
      vertex 315.71179284788104 0.9372819894918915 -329.09765231268875
      vertex 317.50251588508195 0.9218631515885005 -333
      vertex 317.54554480128246 0.9372819894918915 -333
    endloop
  endfacet
  facet normal 0.2976424287848404 -0.9443763702376551 0.13986513476850604
    outer loop
      vertex 315.7475923494316 0.9510565162951535 -329.0808297711934
      vertex 317.54554480128246 0.9372819894918915 -333
      vertex 317.5892493822366 0.9510565162951535 -333
    endloop
  endfacet
  facet normal 0.26158969567747153 -0.9573194975319802 0.122923597248392
    outer loop
      vertex 315.78388250017696 0.9631625667976582 -329.06377666876614
      vertex 317.5892493822366 0.9510565162951535 -333
      vertex 317.6335529552582 0.9631625667976582 -333
    endloop
  endfacet
  facet normal 0.22507804535389792 -0.9685831611286971 0.10576640996842572
    outer loop
      vertex 315.8205996348612 0.9735789028731603 -329.04652292234334
      vertex 317.6335529552582 0.9631625667976582 -333
      vertex 317.67837779682606 0.9735789028731603 -333
    endloop
  endfacet
  facet normal 0.18817153165753187 -0.9781476007337909 0.08842367246607077
    outer loop
      vertex 315.8576793391536 0.9822872507286887 -329.029098800859
      vertex 317.67837779682606 0.9735789028731603 -333
      vertex 317.72364526893625 0.9822872507286887 -333
    endloop
  endfacet
  facet normal 0.15093490115315386 -0.9859960370705066 0.07092580979547612
    outer loop
      vertex 315.895056562653 0.9892723329629883 -329.0115348721431
      vertex 317.72364526893625 0.9822872507286887 -333
      vertex 317.7692759570608 0.9892723329629883 -333
    endloop
  endfacet
  facet normal 0.11343347954426222 -0.9921147013144704 0.05330351915380712
    outer loop
      vertex 315.93266573300855 0.9945218953682733 -328.9938619492947
      vertex 317.7692759570608 0.9892723329629883 -333
      vertex 317.8151898094673 0.9945218953682733 -333
    endloop
  endfacet
  facet normal 0.07573305706728942 -0.9964928592494944 0.035587716026884784
    outer loop
      vertex 315.9704408709557 0.9980267284282716 -328.976111036626
      vertex 317.8151898094673 0.9945218953682733 -333
      vertex 317.861306277657 0.9980267284282716 -333
    endloop
  endfacet
  facet normal 0.03789977307373441 -0.999122830098861 0.01780947995316081
    outer loop
      vertex 316.0083157060665 0.9997806834748455 -328.95831327526935
      vertex 317.861306277657 0.9980267284282716 -333
      vertex 317.9075444576743 0.9997806834748455 -333
    endloop
  endfacet
  facet normal 0 -1 0
    outer loop
      vertex 316.04622379301026 0.9997806834748455 -328.9404998885461
      vertex 317.9075444576743 0.9997806834748455 -333
      vertex 317.9538232320395 0.9997806834748455 -333
    endloop
  endfacet
  facet normal -0.03789977307382725 -0.9991228300988567 -0.017809479953203776
    outer loop
      vertex 316.08409862812107 0.9980267284282716 -328.9227021271895
      vertex 317.9538232320395 0.9997806834748455 -333
      vertex 318.0000614120567 0.9980267284282716 -333
    endloop
  endfacet
  facet normal -0.11343347954426221 -0.9921147013144707 -0.05330351915380872
    outer loop
      vertex 316.1594829364238 0.9892723329629883 -328.8872782916724
      vertex 318.0461778802465 0.9945218953682733 -333
      vertex 318.092091732653 0.9892723329629883 -333
    endloop
  endfacet
  facet normal -0.15093490115315453 -0.9859960370705064 -0.0709258097954747
    outer loop
      vertex 316.19686015992323 0.9822872507286887 -328.8697143629564
      vertex 318.092091732653 0.9892723329629883 -333
      vertex 318.13772242077755 0.9822872507286887 -333
    endloop
  endfacet
  facet normal -0.18817153165753245 -0.9781476007337906 -0.08842367246607187
    outer loop
      vertex 316.2339398642156 0.9735789028731603 -328.85229024147213
      vertex 318.13772242077755 0.9822872507286887 -333
      vertex 318.18298989288775 0.9735789028731603 -333
    endloop
  endfacet
  facet normal -0.07573305706710387 -0.9964928592495115 -0.03558771602679755
    outer loop
      vertex 316.1218737660683 0.9945218953682733 -328.9049512145207
      vertex 318.0000614120567 0.9980267284282716 -333
      vertex 318.0461778802465 0.9945218953682733 -333
    endloop
  endfacet
  facet normal 0.15093490115328065 0.9859960370704829 0.07092580979553334
    outer loop
      vertex 320.3829547317338 -0.9822872507286886 -326.90262692911733
      vertex 320.42033195523317 -0.9892723329629883 -326.88506300040143
      vertex 323.1473681649979 -0.9822872507286886 -332.78548493947164
    endloop
  endfacet
  facet normal 0.03789977307375572 0.9991228300988599 0.01780947995317072
    outer loop
      vertex 320.4957162635359 -0.9980267284282716 -326.8496391648843
      vertex 320.53359109864675 -0.9997806834748455 -326.83184140352773
      vertex 323.26012969680005 -0.9980267284282716 -332.73249717523856
    endloop
  endfacet
  facet normal 0.07573305706725982 0.996492859249497 0.035587716026870976
    outer loop
      vertex 320.4957162635359 -0.9980267284282716 -326.8496391648843
      vertex 323.2223545588528 -0.9945218953682733 -332.7502480879073
      vertex 320.4579411255887 -0.9945218953682733 -326.86739007755307
    endloop
  endfacet
  facet normal 0.11343347954418448 0.9921147013144815 0.053303519153771
    outer loop
      vertex 320.42033195523317 -0.9892723329629883 -326.88506300040143
      vertex 320.4579411255887 -0.9945218953682733 -326.86739007755307
      vertex 323.1847453884973 -0.9892723329629883 -332.7679210107557
    endloop
  endfacet
  facet normal 0.2250780453544408 0.9685831611285436 0.10576640996867617
    outer loop
      vertex 320.3091578927571 -0.9631625667976582 -326.93730479702447
      vertex 320.34587502744137 -0.9735789028731603 -326.9200510506017
      vertex 323.07357132602124 -0.9631625667976582 -332.8201628073788
    endloop
  endfacet
  facet normal 0.18817153165719244 0.9781476007338705 0.08842367246591186
    outer loop
      vertex 320.3829547317338 -0.9822872507286886 -326.90262692911733
      vertex 323.1102884607055 -0.9735789028731603 -332.8029090609559
      vertex 320.34587502744137 -0.9735789028731603 -326.9200510506017
    endloop
  endfacet
  facet normal -0.1509349011532804 0.985996037070483 -0.07092580979553391
    outer loop
      vertex 320.684758329004 -0.9892723329629883 -326.7608064199307
      vertex 320.7221355525034 -0.9822872507286886 -326.7432424912148
      vertex 323.4491717622681 -0.9892723329629883 -332.64366443028496
    endloop
  endfacet
  facet normal -0.18817153165763098 0.9781476007337676 -0.08842367246611794
    outer loop
      vertex 320.7221355525034 -0.9822872507286886 -326.7432424912148
      vertex 320.75921525679576 -0.9735789028731603 -326.7258183697305
      vertex 323.4865489857675 -0.9822872507286886 -332.626100501569
    endloop
  endfacet
  facet normal -0.03789977307380237 0.9991228300988578 -0.017809479953192275
    outer loop
      vertex 320.5714991855904 -0.9997806834748455 -326.81402801680446
      vertex 320.60937402070124 -0.9980267284282716 -326.7962302554479
      vertex 323.33591261885454 -0.9997806834748455 -332.6968860271587
    endloop
  endfacet
  facet normal 0 1 0
    outer loop
      vertex 320.53359109864675 -0.9997806834748455 -326.83184140352773
      vertex 320.5714991855904 -0.9997806834748455 -326.81402801680446
      vertex 323.29800453191086 -0.9997806834748455 -332.71469941388193
    endloop
  endfacet
  facet normal -0.07573305706712342 0.9964928592495096 -0.03558771602680724
    outer loop
      vertex 320.64714915864846 -0.9945218953682733 -326.77847934277906
      vertex 323.37378745396535 -0.9980267284282716 -332.6790882658021
      vertex 320.60937402070124 -0.9980267284282716 -326.7962302554479
    endloop
  endfacet
  facet normal -0.11343347954418448 0.9921147013144815 -0.053303519153771
    outer loop
      vertex 320.64714915864846 -0.9945218953682733 -326.77847934277906
      vertex 320.684758329004 -0.9892723329629883 -326.7608064199307
      vertex 323.41156259191257 -0.9945218953682733 -332.6613373531333
    endloop
  endfacet
  facet normal -0.225078045353922 0.9685831611286903 -0.10576640996843661
    outer loop
      vertex 320.75921525679576 -0.9735789028731603 -326.7258183697305
      vertex 320.79593239148005 -0.9631625667976581 -326.70856462330767
      vertex 323.5236286900599 -0.9735789028731603 -332.6086763800847
    endloop
  endfacet
  facet normal -0.2615896956770166 0.9573194975321315 -0.1229235972481811
    outer loop
      vertex 320.8322225422254 -0.9510565162951535 -326.69151152088034
      vertex 323.56034582474416 -0.9631625667976581 -332.59142263366186
      vertex 320.79593239148005 -0.9631625667976581 -326.70856462330767
    endloop
  endfacet
  facet normal -0.2976424287854342 0.9443763702374275 -0.13986513476878132
    outer loop
      vertex 320.8322225422254 -0.9510565162951535 -326.69151152088034
      vertex 320.8680220437759 -0.9372819894918917 -326.674688979385
      vertex 323.5966359754895 -0.9510565162951535 -332.57436953123465
    endloop
  endfacet
  facet normal -0.3331729959336932 0.9297764858882599 -0.15656130131627616
    outer loop
      vertex 320.8680220437759 -0.9372819894918917 -326.674688979385
      vertex 320.90326809164117 -0.9218631515885004 -326.65812651127567
      vertex 323.63243547704 -0.9372819894918917 -332.5575469897393
    endloop
  endfacet
  facet normal -0.3681190644346611 0.913545457642432 -0.17298280614161954
    outer loop
      vertex 320.90326809164117 -0.9218631515885004 -326.65812651127567
      vertex 320.9378988522765 -0.9048270524660196 -326.64185317274945
      vertex 323.6676815249053 -0.9218631515885004 -332.54098452163
    endloop
  endfacet
  facet normal -0.5008498320507511 0.8329212407099487 -0.23535431270519383
    outer loop
      vertex 321.0374979041193 -0.8443279255020153 -326.5950505886364
      vertex 321.06907235492935 -0.8211492091337039 -326.5802134404656
      vertex 323.8019113373834 -0.8443279255020153 -332.47790859899067
    endloop
  endfacet
  facet normal -0.40241932700823085 0.8957117602393985 -0.18910084034472371
    outer loop
      vertex 320.9378988522765 -0.9048270524660196 -326.64185317274945
      vertex 320.97185357156013 -0.8862035792312145 -326.62589751277176
      vertex 323.70231228554064 -0.9048270524660196 -332.5247111831037
    endloop
  endfacet
  facet normal -0.43601360933933275 0.8763066800439749 -0.20488712741701048
    outer loop
      vertex 320.97185357156013 -0.8862035792312145 -326.62589751277176
      vertex 321.0050726813766 -0.8660254037844386 -326.61028752299194
      vertex 323.73626700482424 -0.8862035792312145 -332.50875552312596
    endloop
  endfacet
  facet normal -0.4688429756415467 0.855364260160559 -0.2203139728468434
    outer loop
      vertex 321.0374979041193 -0.8443279255020153 -326.5950505886364
      vertex 323.7694861146407 -0.8660254037844386 -332.49314553334614
      vertex 321.0050726813766 -0.8660254037844386 -326.61028752299194
    endloop
  endfacet
  facet normal 0.5319780276638876 0.8090169943751433 0.249981761124786
    outer loop
      vertex 320.0360179293078 -0.8211492091337039 -327.0656559798665
      vertex 322.7697630760102 -0.7965299180241964 -332.9629253228072
      vertex 320.00534964274607 -0.7965299180241964 -327.080067312453
    endloop
  endfacet
  facet normal 0.5621729530502614 0.7836934573254782 0.2641706565915056
    outer loop
      vertex 319.9756413230286 -0.7705132427757894 -327.0940275470808
      vertex 320.00534964274607 -0.7965299180241964 -327.080067312453
      vertex 322.7400547562927 -0.7705132427757894 -332.97688555743514
    endloop
  endfacet
  facet normal 0.5913816360476691 0.7569950556523198 0.27789610696000006
    outer loop
      vertex 319.9756413230286 -0.7705132427757894 -327.0940275470808
      vertex 322.7113585219071 -0.7431448254773942 -332.990370203109
      vertex 319.94694508864296 -0.7431448254773942 -327.1075121927548
    endloop
  endfacet
  facet normal 0.6195528347048381 0.7289686274207635 0.29113403312819275
    outer loop
      vertex 319.94694508864296 -0.7431448254773942 -327.1075121927548
      vertex 322.69086566541307 -0.7218819502917014 -333
      vertex 319.9193112825355 -0.7144726796328034 -327.12049759282417
    endloop
  endfacet
  facet normal 0.6466371271626046 0.6996633405133924 0.3038612112733941
    outer loop
      vertex 319.892788383792 -0.6845471059286885 -327.1329609664848
      vertex 319.9193112825355 -0.7144726796328034 -327.12049759282417
      vertex 322.6821478845236 -0.7144726796328034 -333
    endloop
  endfacet
  facet normal 0.6725869983707382 0.6691306063594599 0.3160553136013729
    outer loop
      vertex 319.892788383792 -0.6845471059286885 -327.1329609664848
      vertex 322.64976832265637 -0.6845471059286885 -333
      vertex 319.8674229225894 -0.6534206039901056 -327.1448804487443
    endloop
  endfacet
  facet normal 0.6973569234383296 0.6374239897483652 0.3276949475135431
    outer loop
      vertex 319.8674229225894 -0.6534206039901056 -327.1448804487443
      vertex 322.6188017783038 -0.6534206039901056 -333
      vertex 319.84325939856603 -0.6211477802783104 -327.15623512878034
    endloop
  endfacet
  facet normal 0.29764242878509206 0.9443763702375585 0.13986513476862325
    outer loop
      vertex 320.2728677420118 -0.9510565162951535 -326.9543578994518
      vertex 323.0014816737253 -0.9372819894918915 -332.85403845130134
      vertex 320.2370682404612 -0.9372819894918915 -326.97118044094714
    endloop
  endfacet
  facet normal 0.3331729959336878 0.9297764858882616 0.15656130131627669
    outer loop
      vertex 320.2370682404612 -0.9372819894918915 -326.97118044094714
      vertex 322.96623562586007 -0.9218631515885004 -332.87060091941066
      vertex 320.20182219259596 -0.9218631515885004 -326.98774290905646
    endloop
  endfacet
  facet normal 0.3681190644344657 0.9135454576425275 0.1729828061415311
    outer loop
      vertex 320.20182219259596 -0.9218631515885004 -326.98774290905646
      vertex 322.93160486522476 -0.9048270524660196 -332.88687425793694
      vertex 320.16719143196065 -0.9048270524660196 -327.00401624758274
    endloop
  endfacet
  facet normal 0.26158969567701895 0.9573194975321307 0.12292359724818214
    outer loop
      vertex 320.2728677420118 -0.9510565162951535 -326.9543578994518
      vertex 320.3091578927571 -0.9631625667976582 -326.93730479702447
      vertex 323.0372811752759 -0.9510565162951535 -332.837215909806
    endloop
  endfacet
  facet normal 0.40241932700801974 0.8957117602395148 0.18910084034462243
    outer loop
      vertex 320.16719143196065 -0.9048270524660196 -327.00401624758274
      vertex 322.8976501459411 -0.8862035792312147 -332.9028299179147
      vertex 320.133236712677 -0.8862035792312147 -327.0199719075605
    endloop
  endfacet
  facet normal 0.4360136093395577 0.8763066800438386 0.2048871274171142
    outer loop
      vertex 320.133236712677 -0.8862035792312147 -327.0199719075605
      vertex 322.86443103612464 -0.8660254037844386 -332.9184399076945
      vertex 320.10001760286053 -0.8660254037844386 -327.03558189734025
    endloop
  endfacet
  facet normal 0.46884297564155203 0.8553642601605556 0.22031397284684584
    outer loop
      vertex 320.10001760286053 -0.8660254037844386 -327.03558189734025
      vertex 322.83200581338195 -0.844327925502015 -332.93367684205
      vertex 320.06759238011784 -0.844327925502015 -327.0508188316958
    endloop
  endfacet
  facet normal 0.5008498320509868 0.8329212407097755 0.23535431270530463
    outer loop
      vertex 320.06759238011784 -0.844327925502015 -327.0508188316958
      vertex 322.8004313625719 -0.8211492091337039 -332.94851399022076
      vertex 320.0360179293078 -0.8211492091337039 -327.0656559798665
    endloop
  endfacet
  facet normal 0.43601360933934 0.8763066800439705 0.2048871274170139
    outer loop
      vertex 320.133236712677 -0.8862035792312147 -327.0199719075605
      vertex 322.8976501459411 -0.8862035792312147 -332.9028299179147
      vertex 322.86443103612464 -0.8660254037844386 -332.9184399076945
    endloop
  endfacet
  facet normal 0.5008498320507438 0.8329212407099534 0.23535431270519272
    outer loop
      vertex 320.06759238011784 -0.844327925502015 -327.0508188316958
      vertex 322.83200581338195 -0.844327925502015 -332.93367684205
      vertex 322.8004313625719 -0.8211492091337039 -332.94851399022076
    endloop
  endfacet
  facet normal 0.4688429756417869 0.8553642601603988 0.22031397284695411
    outer loop
      vertex 320.10001760286053 -0.8660254037844386 -327.03558189734025
      vertex 322.86443103612464 -0.8660254037844386 -332.9184399076945
      vertex 322.83200581338195 -0.844327925502015 -332.93367684205
    endloop
  endfacet
  facet normal 0.5621729530497518 0.783693457325923 0.2641706565912712
    outer loop
      vertex 320.00534964274607 -0.7965299180241964 -327.080067312453
      vertex 322.7697630760102 -0.7965299180241964 -332.9629253228072
      vertex 322.7400547562927 -0.7705132427757894 -332.97688555743514
    endloop
  endfacet
  facet normal 0.5319780276641366 0.8090169943749441 0.24998176112490064
    outer loop
      vertex 320.0360179293078 -0.8211492091337039 -327.0656559798665
      vertex 322.8004313625719 -0.8211492091337039 -332.94851399022076
      vertex 322.7697630760102 -0.7965299180241964 -332.9629253228072
    endloop
  endfacet
  facet normal 0.6725869983708275 0.6691306063593497 0.31605531360141587
    outer loop
      vertex 319.8674229225894 -0.6534206039901056 -327.1448804487443
      vertex 322.64976832265637 -0.6845471059286885 -333
      vertex 322.6188017783038 -0.6534206039901056 -333
    endloop
  endfacet
  facet normal 0.6973569234379501 0.6374239897488746 0.32769494751336004
    outer loop
      vertex 319.84325939856603 -0.6211477802783104 -327.15623512878034
      vertex 322.6188017783038 -0.6534206039901056 -333
      vertex 322.58930257730725 -0.6211477802783104 -333
    endloop
  endfacet
  facet normal 0.5913816360481894 0.7569950556518255 0.2778961069602392
    outer loop
      vertex 319.9756413230286 -0.7705132427757894 -327.0940275470808
      vertex 322.7400547562927 -0.7705132427757894 -332.97688555743514
      vertex 322.7113585219071 -0.7431448254773942 -332.990370203109
    endloop
  endfacet
  facet normal 0.6195528347048329 0.7289686274207687 0.29113403312819036
    outer loop
      vertex 319.94694508864296 -0.7431448254773942 -327.1075121927548
      vertex 322.7113585219071 -0.7431448254773942 -332.990370203109
      vertex 322.69086566541307 -0.7218819502917014 -333
    endloop
  endfacet
  facet normal 0.6195528347047874 0.7289686274208163 0.2911340331281688
    outer loop
      vertex 319.9193112825355 -0.7144726796328034 -327.12049759282417
      vertex 322.69086566541307 -0.7218819502917014 -333
      vertex 322.6821478845236 -0.7144726796328034 -333
    endloop
  endfacet
  facet normal 0.6466371271624632 0.6996633405135527 0.3038612112733261
    outer loop
      vertex 319.892788383792 -0.6845471059286885 -327.1329609664848
      vertex 322.6821478845236 -0.7144726796328034 -333
      vertex 322.64976832265637 -0.6845471059286885 -333
    endloop
  endfacet
  facet normal 0.783800689818719 0.500000000000551 0.36831573227212155
    outer loop
      vertex 319.7783933744792 -0.51802700937313 -327.18671631803096
      vertex 322.5101131395195 -0.51802700937313 -333
      vertex 319.75943933100734 -0.4817536741017154 -327.1956230113926
    endloop
  endfacet
  facet normal 0.7209034474975832 0.6045991148626347 0.3387596931357359
    outer loop
      vertex 319.84325939856603 -0.6211477802783104 -327.15623512878034
      vertex 322.58930257730725 -0.6211477802783104 -333
      vertex 319.82034020275375 -0.5877852522924731 -327.167005086626
    endloop
  endfacet
  facet normal 0.7431852619458561 0.570713567684478 0.34923013914512574
    outer loop
      vertex 319.82034020275375 -0.5877852522924731 -327.167005086626
      vertex 322.56132247128915 -0.5877852522924731 -333
      vertex 319.79870554321 -0.553391549243344 -327.17717142811534
    endloop
  endfacet
  facet normal 0.7641632769087612 0.5358267949785525 0.3590879168213216
    outer loop
      vertex 319.7783933744792 -0.51802700937313 -327.18671631803096
      vertex 319.79870554321 -0.553391549243344 -327.17717142811534
      vertex 322.53491054686316 -0.553391549243344 -333
    endloop
  endfacet
  facet normal 0.8020630499821738 0.4632960351201233 0.3768973967743299
    outer loop
      vertex 319.75943933100734 -0.4817536741017154 -327.1956230113926
      vertex 322.4869737523369 -0.4817536741017154 -333
      vertex 319.74187666462734 -0.44463517918492756 -327.2038758828336
    endloop
  endfacet
  facet normal 0.8189183190132201 0.4257792915647067 0.3848178551720522
    outer loop
      vertex 319.74187666462734 -0.44463517918492756 -327.2038758828336
      vertex 322.4655329796633 -0.44463517918492756 -333
      vertex 319.72573618622386 -0.4067366430758002 -327.2114604540129
    endloop
  endfacet
  facet normal 0.8343369270422442 0.3875155864513844 0.39206321228973356
    outer loop
      vertex 319.72573618622386 -0.4067366430758002 -327.2114604540129
      vertex 322.44582843589956 -0.4067366430758002 -333
      vertex 319.71104621168064 -0.36812455268467786 -327.2183634190157
    endloop
  endfacet
  facet normal 0.8482918245913208 0.34857204732160924 0.3986207573089359
    outer loop
      vertex 319.71104621168064 -0.36812455268467786 -327.2183634190157
      vertex 322.42789468951116 -0.36812455268467786 -333
      vertex 319.6978325122046 -0.32886664673858307 -327.22457266769555
    endloop
  endfacet
  facet normal 0.8607585300284165 0.3090169943759078 0.4044789860675083
    outer loop
      vertex 319.6978325122046 -0.32886664673858307 -327.22457266769555
      vertex 322.41176320238316 -0.32886664673858307 -333
      vertex 319.68611826911473 -0.2890317969444718 -327.2300773069204
    endloop
  endfacet
  facet normal 0.8717151725169735 0.26891982061443176 0.40962762124203084
    outer loop
      vertex 319.68611826911473 -0.2890317969444718 -327.2300773069204
      vertex 322.3974622746254 -0.2890317969444718 -333
      vertex 319.675924033174 -0.24868988716485485 -327.23486767968257
    endloop
  endfacet
  facet normal 0.8811425303813543 0.22835087011098243 0.41405763037613674
    outer loop
      vertex 319.675924033174 -0.24868988716485485 -327.23486767968257
      vertex 322.3850169949249 -0.24868988716485485 -333
      vertex 319.6672676885362 -0.20791169081775934 -327.2389353820405
    endloop
  endfacet
  facet normal 0.8890240648335604 0.18738131458569648 0.41776124172899226
    outer loop
      vertex 319.6672676885362 -0.20791169081775934 -327.2389353820405
      vertex 322.3744491965309 -0.20791169081775934 -333
      vertex 319.66016442137123 -0.16676874671610217 -327.2422732778619
    endloop
  endfacet
  facet normal 0.8953459489834262 0.146083028563408 0.4207319579075379
    outer loop
      vertex 319.66016442137123 -0.16676874671610217 -327.2422732778619
      vertex 322.365777418953 -0.16676874671610217 -333
      vertex 319.65462669322346 -0.12533323356430406 -327.2448755113434
    endloop
  endfacet
  facet normal 0.9000970920985389 0.10452846326665259 0.4229645672664159
    outer loop
      vertex 319.65462669322346 -0.12533323356430406 -327.2448755113434
      vertex 322.3590168754356 -0.12533323356430406 -333
      vertex 319.65066421914986 -0.08367784333231569 -327.2467375172832
    endloop
  endfacet
  facet normal 0.9032691590586955 0.06279051953030669 0.4244551530497787
    outer loop
      vertex 319.65066421914986 -0.08367784333231569 -327.2467375172832
      vertex 322.35417942626924 -0.08367784333231569 -333
      vertex 319.6482839506763 -0.04187565372919973 -327.24785602909014
    endloop
  endfacet
  facet normal 0.7209034474978043 0.6045991148623112 0.33875969313584264
    outer loop
      vertex 319.82034020275375 -0.5877852522924731 -327.167005086626
      vertex 322.58930257730725 -0.6211477802783104 -333
      vertex 322.56132247128915 -0.5877852522924731 -333
    endloop
  endfacet
  facet normal 0.7431852619462042 0.5707135676839217 0.3492301391452942
    outer loop
      vertex 319.79870554321 -0.553391549243344 -327.17717142811534
      vertex 322.56132247128915 -0.5877852522924731 -333
      vertex 322.53491054686316 -0.553391549243344 -333
    endloop
  endfacet
  facet normal 0.7641632769083967 0.5358267949791906 0.3590879168211449
    outer loop
      vertex 319.7783933744792 -0.51802700937313 -327.18671631803096
      vertex 322.53491054686316 -0.553391549243344 -333
      vertex 322.5101131395195 -0.51802700937313 -333
    endloop
  endfacet
  facet normal 0.7838006898190034 0.5000000000000034 0.3683157322722597
    outer loop
      vertex 319.75943933100734 -0.4817536741017154 -327.1956230113926
      vertex 322.5101131395195 -0.51802700937313 -333
      vertex 322.4869737523369 -0.4817536741017154 -333
    endloop
  endfacet
  facet normal 0.8020630499822955 0.4632960351198644 0.37689739677438916
    outer loop
      vertex 319.74187666462734 -0.44463517918492756 -327.2038758828336
      vertex 322.4869737523369 -0.4817536741017154 -333
      vertex 322.4655329796633 -0.44463517918492756 -333
    endloop
  endfacet
  facet normal 0.8189183190128714 0.4257792915655314 0.38481785517188166
    outer loop
      vertex 319.72573618622386 -0.4067366430758002 -327.2114604540129
      vertex 322.4655329796633 -0.44463517918492756 -333
      vertex 322.44582843589956 -0.4067366430758002 -333
    endloop
  endfacet
  facet normal 0.8343369270420955 0.3875155864517784 0.3920632122896606
    outer loop
      vertex 319.71104621168064 -0.36812455268467786 -327.2183634190157
      vertex 322.44582843589956 -0.4067366430758002 -333
      vertex 322.42789468951116 -0.36812455268467786 -333
    endloop
  endfacet
  facet normal 0.9000970920983365 0.10452846326884524 0.4229645672663049
    outer loop
      vertex 319.65066421914986 -0.08367784333231569 -327.2467375172832
      vertex 322.3590168754356 -0.12533323356430406 -333
      vertex 322.35417942626924 -0.08367784333231569 -333
    endloop
  endfacet
  facet normal 0.8482918245913283 0.34857204732158664 0.39862075730893964
    outer loop
      vertex 319.6978325122046 -0.32886664673858307 -327.22457266769555
      vertex 322.42789468951116 -0.36812455268467786 -333
      vertex 322.41176320238316 -0.32886664673858307 -333
    endloop
  endfacet
  facet normal 0.8607585300283694 0.30901699437606955 0.40447898606748495
    outer loop
      vertex 319.68611826911473 -0.2890317969444718 -327.2300773069204
      vertex 322.41176320238316 -0.32886664673858307 -333
      vertex 322.3974622746254 -0.2890317969444718 -333
    endloop
  endfacet
  facet normal 0.8717151725171721 0.2689198206136369 0.40962762124213015
    outer loop
      vertex 319.675924033174 -0.24868988716485485 -327.23486767968257
      vertex 322.3974622746254 -0.2890317969444718 -333
      vertex 322.3850169949249 -0.24868988716485485 -333
    endloop
  endfacet
  facet normal 0.881142530381223 0.22835087011160893 0.41405763037607035
    outer loop
      vertex 319.6672676885362 -0.20791169081775934 -327.2389353820405
      vertex 322.3850169949249 -0.24868988716485485 -333
      vertex 322.3744491965309 -0.20791169081775934 -333
    endloop
  endfacet
  facet normal 0.8890240648336295 0.18738131458528967 0.41776124172902773
    outer loop
      vertex 319.66016442137123 -0.16676874671610217 -327.2422732778619
      vertex 322.3744491965309 -0.20791169081775934 -333
      vertex 322.365777418953 -0.16676874671610217 -333
    endloop
  endfacet
  facet normal 0.8953459489836965 0.1460830285613436 0.42073195790768003
    outer loop
      vertex 319.65462669322346 -0.12533323356430406 -327.2448755113434
      vertex 322.365777418953 -0.16676874671610217 -333
      vertex 322.3590168754356 -0.12533323356430406 -333
    endloop
  endfacet
  facet normal 0.9048565849811709 0.020942419881841052 0.4252011002639875
    outer loop
      vertex 319.6482839506763 -0.04187565372919973 -327.24785602909014
      vertex 322.35127355798363 -0.04187565372919973 -333
      vertex 319.64749006360256 0 -327.2482290845144
    endloop
  endfacet
  facet normal 0.9048565849811708 -0.020942419881841055 0.42520110026398805
    outer loop
      vertex 319.64749006360256 0 -327.2482290845144
      vertex 322.35030436845926 0 -333
      vertex 319.6482839506763 0.04187565372919973 -327.24785602909014
    endloop
  endfacet
  facet normal 0.9032691590586951 -0.06279051953030669 0.42445515304977965
    outer loop
      vertex 319.6482839506763 0.04187565372919973 -327.24785602909014
      vertex 322.35127355798363 0.04187565372919973 -333
      vertex 319.65066421914986 0.08367784333231569 -327.2467375172832
    endloop
  endfacet
  facet normal 0.900097092098545 -0.10452846326665259 0.4229645672664028
    outer loop
      vertex 319.65066421914986 0.08367784333231569 -327.2467375172832
      vertex 322.35417942626924 0.08367784333231569 -333
      vertex 319.65462669322346 0.12533323356430406 -327.2448755113434
    endloop
  endfacet
  facet normal 0.8953459489834205 -0.146083028563408 0.42073195790755036
    outer loop
      vertex 319.65462669322346 0.12533323356430406 -327.2448755113434
      vertex 322.3590168754356 0.12533323356430406 -333
      vertex 319.66016442137123 0.16676874671610217 -327.2422732778619
    endloop
  endfacet
  facet normal 0.8890240648335593 -0.1873813145856965 0.41776124172899476
    outer loop
      vertex 319.66016442137123 0.16676874671610217 -327.2422732778619
      vertex 322.365777418953 0.16676874671610217 -333
      vertex 319.6672676885362 0.20791169081775934 -327.2389353820405
    endloop
  endfacet
  facet normal 0.8811425303813527 -0.2283508701109824 0.41405763037614
    outer loop
      vertex 319.6672676885362 0.20791169081775934 -327.2389353820405
      vertex 322.374449196531 0.20791169081775934 -333
      vertex 319.675924033174 0.24868988716485485 -327.23486767968257
    endloop
  endfacet
  facet normal 0.8717151725169714 -0.26891982061443187 0.40962762124203583
    outer loop
      vertex 319.675924033174 0.24868988716485485 -327.23486767968257
      vertex 322.3850169949249 0.24868988716485485 -333
      vertex 319.68611826911473 0.2890317969444718 -327.2300773069204
    endloop
  endfacet
  facet normal 0.8607585300284171 -0.30901699437590785 0.4044789860675073
    outer loop
      vertex 319.68611826911473 0.2890317969444718 -327.2300773069204
      vertex 322.3974622746254 0.2890317969444718 -333
      vertex 319.6978325122046 0.32886664673858307 -327.22457266769555
    endloop
  endfacet
  facet normal 0.8482918245913208 -0.34857204732160924 0.3986207573089361
    outer loop
      vertex 319.6978325122046 0.32886664673858307 -327.22457266769555
      vertex 322.41176320238316 0.32886664673858307 -333
      vertex 319.71104621168064 0.36812455268467786 -327.2183634190157
    endloop
  endfacet
  facet normal 0.8343369270422454 -0.3875155864513844 0.39206321228973107
    outer loop
      vertex 319.71104621168064 0.36812455268467786 -327.2183634190157
      vertex 322.42789468951116 0.36812455268467786 -333
      vertex 319.72573618622386 0.4067366430758002 -327.2114604540129
    endloop
  endfacet
  facet normal 0.8189183190132227 -0.4257792915647066 0.3848178551720467
    outer loop
      vertex 319.72573618622386 0.4067366430758002 -327.2114604540129
      vertex 322.44582843589956 0.4067366430758002 -333
      vertex 319.74187666462734 0.44463517918492756 -327.2038758828336
    endloop
  endfacet
  facet normal 0.8020630499821729 -0.4632960351201233 0.3768973967743316
    outer loop
      vertex 319.75943933100734 0.4817536741017154 -327.1956230113926
      vertex 319.74187666462734 0.44463517918492756 -327.2038758828336
      vertex 322.4655329796633 0.44463517918492756 -333
    endloop
  endfacet
  facet normal 0.7838006898187173 -0.5000000000005511 0.3683157322721253
    outer loop
      vertex 319.75943933100734 0.4817536741017154 -327.1956230113926
      vertex 322.4869737523369 0.4817536741017154 -333
      vertex 319.7783933744792 0.51802700937313 -327.18671631803096
    endloop
  endfacet
  facet normal 0.9032691590587044 0.06279051953014177 0.4244551530497841
    outer loop
      vertex 319.6482839506763 -0.04187565372919973 -327.24785602909014
      vertex 322.35417942626924 -0.08367784333231569 -333
      vertex 322.35127355798363 -0.04187565372919973 -333
    endloop
  endfacet
  facet normal 0.9048565849811723 0.0209424198817647 0.4252011002639888
    outer loop
      vertex 319.64749006360256 0 -327.2482290845144
      vertex 322.35127355798363 -0.04187565372919973 -333
      vertex 322.35030436845926 0 -333
    endloop
  endfacet
  facet normal 0.9048565849811724 -0.020942419881761664 0.42520110026398816
    outer loop
      vertex 319.6482839506763 0.04187565372919973 -327.24785602909014
      vertex 322.35030436845926 0 -333
      vertex 322.35127355798363 0.04187565372919973 -333
    endloop
  endfacet
  facet normal 0.903269159058705 -0.06279051953014277 0.42445515304978315
    outer loop
      vertex 319.65066421914986 0.08367784333231569 -327.2467375172832
      vertex 322.35127355798363 0.04187565372919973 -333
      vertex 322.35417942626924 0.08367784333231569 -333
    endloop
  endfacet
  facet normal 0.9000970920983306 -0.10452846326884375 0.422964567266318
    outer loop
      vertex 319.65462669322346 0.12533323356430406 -327.2448755113434
      vertex 322.35417942626924 0.08367784333231569 -333
      vertex 322.3590168754356 0.12533323356430406 -333
    endloop
  endfacet
  facet normal 0.8953459489837019 -0.146083028561346 0.4207319579076675
    outer loop
      vertex 319.66016442137123 0.16676874671610217 -327.2422732778619
      vertex 322.3590168754356 0.12533323356430406 -333
      vertex 322.365777418953 0.16676874671610217 -333
    endloop
  endfacet
  facet normal 0.8890240648334231 -0.18738131458647245 0.4177612417289365
    outer loop
      vertex 319.6672676885362 0.20791169081775934 -327.2389353820405
      vertex 322.365777418953 0.16676874671610217 -333
      vertex 322.374449196531 0.20791169081775934 -333
    endloop
  endfacet
  facet normal 0.8811425303814672 -0.2283508701104501 0.4140576303761898
    outer loop
      vertex 319.675924033174 0.24868988716485485 -327.23486767968257
      vertex 322.374449196531 0.20791169081775934 -333
      vertex 322.3850169949249 0.24868988716485485 -333
    endloop
  endfacet
  facet normal 0.8717151725171735 -0.2689198206136414 0.40962762124212476
    outer loop
      vertex 319.68611826911473 0.2890317969444718 -327.2300773069204
      vertex 322.3850169949249 0.24868988716485485 -333
      vertex 322.3974622746254 0.2890317969444718 -333
    endloop
  endfacet
  facet normal 0.8607585300283696 -0.30901699437606767 0.4044789860674862
    outer loop
      vertex 319.6978325122046 0.32886664673858307 -327.22457266769555
      vertex 322.3974622746254 0.2890317969444718 -333
      vertex 322.41176320238316 0.32886664673858307 -333
    endloop
  endfacet
  facet normal 0.8482918245913288 -0.3485720473215855 0.3986207573089397
    outer loop
      vertex 319.71104621168064 0.36812455268467786 -327.2183634190157
      vertex 322.41176320238316 0.32886664673858307 -333
      vertex 322.42789468951116 0.36812455268467786 -333
    endloop
  endfacet
  facet normal 0.834336927042094 -0.387515586451779 0.39206321228966295
    outer loop
      vertex 319.72573618622386 0.4067366430758002 -327.2114604540129
      vertex 322.42789468951116 0.36812455268467786 -333
      vertex 322.44582843589956 0.4067366430758002 -333
    endloop
  endfacet
  facet normal 0.8189183190128678 -0.4257792915655335 0.38481785517188666
    outer loop
      vertex 319.74187666462734 0.44463517918492756 -327.2038758828336
      vertex 322.44582843589956 0.4067366430758002 -333
      vertex 322.4655329796633 0.44463517918492756 -333
    endloop
  endfacet
  facet normal 0.802063049982295 -0.4632960351198667 0.3768973967743869
    outer loop
      vertex 319.75943933100734 0.4817536741017154 -327.1956230113926
      vertex 322.4655329796633 0.44463517918492756 -333
      vertex 322.4869737523369 0.4817536741017154 -333
    endloop
  endfacet
  facet normal -0.5319780276638855 0.8090169943751433 -0.24998176112479017
    outer loop
      vertex 321.06907235492935 -0.8211492091337039 -326.5802134404656
      vertex 321.09974064149105 -0.7965299180241964 -326.5658021078791
      vertex 323.8334857881935 -0.8211492091337039 -332.4630714508198
    endloop
  endfacet
  facet normal -0.5621729530497237 0.7836934573259482 -0.26417065659125544
    outer loop
      vertex 321.09974064149105 -0.7965299180241964 -326.5658021078791
      vertex 321.1294489612086 -0.770513242775789 -326.5518418732513
      vertex 323.86415407475516 -0.7965299180241964 -332.44866011823336
    endloop
  endfacet
  facet normal -0.5913816360484732 0.7569950556515528 -0.27789610696037786
    outer loop
      vertex 321.1294489612086 -0.770513242775789 -326.5518418732513
      vertex 321.15814519559416 -0.7431448254773942 -326.53835722757736
      vertex 323.8938623944727 -0.770513242775789 -332.4346998836055
    endloop
  endfacet
  facet normal -0.6195528347042819 0.7289686274213417 -0.29113403312792857
    outer loop
      vertex 321.15814519559416 -0.7431448254773942 -326.53835722757736
      vertex 321.1857790017017 -0.7144726796328036 -326.525371827508
      vertex 323.92255862885827 -0.7431448254773942 -332.4212152379316
    endloop
  endfacet
  facet normal -0.6466371271623458 0.6996633405136844 -0.30386121127327265
    outer loop
      vertex 321.2123019004452 -0.6845471059286885 -326.51290845384733
      vertex 323.9501924349658 -0.7144726796328036 -332.4082298378622
      vertex 321.1857790017017 -0.7144726796328036 -326.525371827508
    endloop
  endfacet
  facet normal -0.6725869983715501 0.6691306063584628 -0.31605531360175615
    outer loop
      vertex 321.2123019004452 -0.6845471059286885 -326.51290845384733
      vertex 321.2376673616477 -0.6534206039901056 -326.5009889715879
      vertex 323.9767153337093 -0.6845471059286885 -332.39576646420153
    endloop
  endfacet
  facet normal -0.6973569234383334 0.6374239897483613 -0.3276949475135425
    outer loop
      vertex 321.2376673616477 -0.6534206039901056 -326.5009889715879
      vertex 321.2618308856711 -0.6211477802783101 -326.48963429155185
      vertex 324.0020807949118 -0.6534206039901056 -332.38384698194216
    endloop
  endfacet
  facet normal 0.18817153165740555 0.9781476007338206 0.08842367246601031
    outer loop
      vertex 320.3829547317338 -0.9822872507286886 -326.90262692911733
      vertex 323.1473681649979 -0.9822872507286886 -332.78548493947164
      vertex 323.1102884607055 -0.9735789028731603 -332.8029090609559
    endloop
  endfacet
  facet normal 0.3681190644344683 0.9135454576425264 0.17298280614153227
    outer loop
      vertex 320.20182219259596 -0.9218631515885004 -326.98774290905646
      vertex 322.96623562586007 -0.9218631515885004 -332.87060091941066
      vertex 322.93160486522476 -0.9048270524660196 -332.88687425793694
    endloop
  endfacet
  facet normal 0.3331729959336901 0.9297764858882607 0.15656130131627774
    outer loop
      vertex 320.2370682404612 -0.9372819894918915 -326.97118044094714
      vertex 323.0014816737253 -0.9372819894918915 -332.85403845130134
      vertex 322.96623562586007 -0.9218631515885004 -332.87060091941066
    endloop
  endfacet
  facet normal 0.2250780453541881 0.9685831611286149 0.10576640996855947
    outer loop
      vertex 320.34587502744137 -0.9735789028731603 -326.9200510506017
      vertex 323.1102884607055 -0.9735789028731603 -332.8029090609559
      vertex 323.07357132602124 -0.9631625667976582 -332.8201628073788
    endloop
  endfacet
  facet normal 0.26158969567730966 0.9573194975320342 0.12292359724831638
    outer loop
      vertex 320.3091578927571 -0.9631625667976582 -326.93730479702447
      vertex 323.07357132602124 -0.9631625667976582 -332.8201628073788
      vertex 323.0372811752759 -0.9510565162951535 -332.837215909806
    endloop
  endfacet
  facet normal 0.29764242878509234 0.9443763702375585 0.13986513476862336
    outer loop
      vertex 320.2728677420118 -0.9510565162951535 -326.9543578994518
      vertex 323.0372811752759 -0.9510565162951535 -332.837215909806
      vertex 323.0014816737253 -0.9372819894918915 -332.85403845130134
    endloop
  endfacet
  facet normal 0.03789977307378047 0.9991228300988588 0.017809479953182154
    outer loop
      vertex 320.53359109864675 -0.9997806834748455 -326.83184140352773
      vertex 323.29800453191086 -0.9997806834748455 -332.71469941388193
      vertex 323.26012969680005 -0.9980267284282716 -332.73249717523856
    endloop
  endfacet
  facet normal 0 1 0
    outer loop
      vertex 320.5714991855904 -0.9997806834748455 -326.81402801680446
      vertex 323.33591261885454 -0.9997806834748455 -332.6968860271587
      vertex 323.29800453191086 -0.9997806834748455 -332.71469941388193
    endloop
  endfacet
  facet normal -0.03789977307378047 0.9991228300988588 -0.017809479953182154
    outer loop
      vertex 320.60937402070124 -0.9980267284282716 -326.7962302554479
      vertex 323.37378745396535 -0.9980267284282716 -332.6790882658021
      vertex 323.33591261885454 -0.9997806834748455 -332.6968860271587
    endloop
  endfacet
  facet normal -0.07573305706716647 0.9964928592495056 -0.03558771602682713
    outer loop
      vertex 320.64714915864846 -0.9945218953682733 -326.77847934277906
      vertex 323.41156259191257 -0.9945218953682733 -332.6613373531333
      vertex 323.37378745396535 -0.9980267284282716 -332.6790882658021
    endloop
  endfacet
  facet normal 0.11343347954418376 0.9921147013144815 0.05330351915377066
    outer loop
      vertex 320.4579411255887 -0.9945218953682733 -326.86739007755307
      vertex 323.2223545588528 -0.9945218953682733 -332.7502480879073
      vertex 323.1847453884973 -0.9892723329629883 -332.7679210107557
    endloop
  endfacet
  facet normal 0.15093490115319472 0.9859960370704989 0.07092580979549365
    outer loop
      vertex 320.42033195523317 -0.9892723329629883 -326.88506300040143
      vertex 323.1847453884973 -0.9892723329629883 -332.7679210107557
      vertex 323.1473681649979 -0.9822872507286886 -332.78548493947164
    endloop
  endfacet
  facet normal 0.07573305706716647 0.9964928592495056 0.03558771602682786
    outer loop
      vertex 320.4957162635359 -0.9980267284282716 -326.8496391648843
      vertex 323.26012969680005 -0.9980267284282716 -332.73249717523856
      vertex 323.2223545588528 -0.9945218953682733 -332.7502480879073
    endloop
  endfacet
  facet normal -0.33317299593369193 0.9297764858882605 -0.15656130131627555
    outer loop
      vertex 320.90326809164117 -0.9218631515885004 -326.65812651127567
      vertex 323.6676815249053 -0.9218631515885004 -332.54098452163
      vertex 323.63243547704 -0.9372819894918917 -332.5575469897393
    endloop
  endfacet
  facet normal -0.36811906443404985 0.9135454576427319 -0.17298280614133757
    outer loop
      vertex 320.9378988522765 -0.9048270524660196 -326.64185317274945
      vertex 323.70231228554064 -0.9048270524660196 -332.5247111831037
      vertex 323.6676815249053 -0.9218631515885004 -332.54098452163
    endloop
  endfacet
  facet normal -0.15093490115319524 0.9859960370704988 -0.07092580979549458
    outer loop
      vertex 320.7221355525034 -0.9822872507286886 -326.7432424912148
      vertex 323.4865489857675 -0.9822872507286886 -332.626100501569
      vertex 323.4491717622681 -0.9892723329629883 -332.64366443028496
    endloop
  endfacet
  facet normal -0.11343347954418376 0.9921147013144815 -0.05330351915377066
    outer loop
      vertex 320.684758329004 -0.9892723329629883 -326.7608064199307
      vertex 323.4491717622681 -0.9892723329629883 -332.64366443028496
      vertex 323.41156259191257 -0.9945218953682733 -332.6613373531333
    endloop
  endfacet
  facet normal -0.18817153165740447 0.9781476007338207 -0.0884236724660133
    outer loop
      vertex 320.75921525679576 -0.9735789028731603 -326.7258183697305
      vertex 323.5236286900599 -0.9735789028731603 -332.6086763800847
      vertex 323.4865489857675 -0.9822872507286886 -332.626100501569
    endloop
  endfacet
  facet normal -0.22507804535419035 0.9685831611286143 -0.10576640996856053
    outer loop
      vertex 320.79593239148005 -0.9631625667976581 -326.70856462330767
      vertex 323.56034582474416 -0.9631625667976581 -332.59142263366186
      vertex 323.5236286900599 -0.9735789028731603 -332.6086763800847
    endloop
  endfacet
  facet normal -0.26158969567730744 0.9573194975320349 -0.12292359724831536
    outer loop
      vertex 320.8322225422254 -0.9510565162951535 -326.69151152088034
      vertex 323.5966359754895 -0.9510565162951535 -332.57436953123465
      vertex 323.56034582474416 -0.9631625667976581 -332.59142263366186
    endloop
  endfacet
  facet normal -0.2976424287854344 0.9443763702374272 -0.13986513476878143
    outer loop
      vertex 320.8680220437759 -0.9372819894918917 -326.674688979385
      vertex 323.63243547704 -0.9372819894918917 -332.5575469897393
      vertex 323.5966359754895 -0.9510565162951535 -332.57436953123465
    endloop
  endfacet
  facet normal 0.40241932700801847 0.8957117602395156 0.18910084034462185
    outer loop
      vertex 320.16719143196065 -0.9048270524660196 -327.00401624758274
      vertex 322.93160486522476 -0.9048270524660196 -332.88687425793694
      vertex 322.8976501459411 -0.8862035792312147 -332.9028299179147
    endloop
  endfacet
  facet normal -0.40241932700846444 0.8957117602392709 -0.1891008403448314
    outer loop
      vertex 320.97185357156013 -0.8862035792312145 -326.62589751277176
      vertex 323.73626700482424 -0.8862035792312145 -332.50875552312596
      vertex 323.70231228554064 -0.9048270524660196 -332.5247111831037
    endloop
  endfacet
  facet normal -0.4360136093393363 0.8763066800439726 -0.20488712741701218
    outer loop
      vertex 321.0050726813766 -0.8660254037844386 -326.61028752299194
      vertex 323.7694861146407 -0.8660254037844386 -332.49314553334614
      vertex 323.73626700482424 -0.8862035792312145 -332.50875552312596
    endloop
  endfacet
  facet normal -0.4688429756417817 0.8553642601604023 -0.22031397284695164
    outer loop
      vertex 321.0374979041193 -0.8443279255020153 -326.5950505886364
      vertex 323.8019113373834 -0.8443279255020153 -332.47790859899067
      vertex 323.7694861146407 -0.8660254037844386 -332.49314553334614
    endloop
  endfacet
  facet normal -0.5008498320499916 0.8329212407105042 -0.23535431270484403
    outer loop
      vertex 321.06907235492935 -0.8211492091337039 -326.5802134404656
      vertex 323.8334857881935 -0.8211492091337039 -332.4630714508198
      vertex 323.8019113373834 -0.8443279255020153 -332.47790859899067
    endloop
  endfacet
  facet normal -0.5319780276646645 0.8090169943745203 -0.2499817611251487
    outer loop
      vertex 321.09974064149105 -0.7965299180241964 -326.5658021078791
      vertex 323.86415407475516 -0.7965299180241964 -332.44866011823336
      vertex 323.8334857881935 -0.8211492091337039 -332.4630714508198
    endloop
  endfacet
  facet normal -0.5621729530494687 0.7836934573261709 -0.2641706565911382
    outer loop
      vertex 321.1294489612086 -0.770513242775789 -326.5518418732513
      vertex 323.8938623944727 -0.770513242775789 -332.4346998836055
      vertex 323.86415407475516 -0.7965299180241964 -332.44866011823336
    endloop
  endfacet
  facet normal -0.5913816360487307 0.7569950556513082 -0.2778961069604962
    outer loop
      vertex 321.15814519559416 -0.7431448254773942 -326.53835722757736
      vertex 323.92255862885827 -0.7431448254773942 -332.4212152379316
      vertex 323.8938623944727 -0.770513242775789 -332.4346998836055
    endloop
  endfacet
  facet normal -0.6195528347040192 0.7289686274216133 -0.29113403312780795
    outer loop
      vertex 321.1857790017017 -0.7144726796328036 -326.525371827508
      vertex 323.9501924349658 -0.7144726796328036 -332.4082298378622
      vertex 323.92255862885827 -0.7431448254773942 -332.4212152379316
    endloop
  endfacet
  facet normal -0.6725869983718071 0.6691306063581487 -0.3160553136018739
    outer loop
      vertex 321.2376673616477 -0.6534206039901056 -326.5009889715879
      vertex 324.0020807949118 -0.6534206039901056 -332.38384698194216
      vertex 323.9767153337093 -0.6845471059286885 -332.39576646420153
    endloop
  endfacet
  facet normal -0.6973569234375323 0.6374239897494262 -0.3276949475131759
    outer loop
      vertex 321.2618308856711 -0.6211477802783101 -326.48963429155185
      vertex 324.02624431893526 -0.6211477802783101 -332.37249230190605
      vertex 324.0020807949118 -0.6534206039901056 -332.38384698194216
    endloop
  endfacet
  facet normal -0.6466371271623471 0.6996633405136827 -0.3038612112732733
    outer loop
      vertex 321.2123019004452 -0.6845471059286885 -326.51290845384733
      vertex 323.9767153337093 -0.6845471059286885 -332.39576646420153
      vertex 323.9501924349658 -0.7144726796328036 -332.4082298378622
    endloop
  endfacet
  facet normal -0.7209034474970404 0.6045991148634179 -0.33875969313549337
    outer loop
      vertex 321.2618308856711 -0.6211477802783101 -326.48963429155185
      vertex 321.2847500814834 -0.5877852522924731 -326.4788643337062
      vertex 324.02624431893526 -0.6211477802783101 -332.37249230190605
    endloop
  endfacet
  facet normal -0.7431852619463749 0.5707135676836536 -0.34923013914536905
    outer loop
      vertex 321.2847500814834 -0.5877852522924731 -326.4788643337062
      vertex 321.3063847410271 -0.5533915492433443 -326.46869799221685
      vertex 324.04916351474753 -0.5877852522924731 -332.36172234406047
    endloop
  endfacet
  facet normal -0.7641632769080261 0.535826794979836 -0.3590879168209706
    outer loop
      vertex 321.3063847410271 -0.5533915492433443 -326.46869799221685
      vertex 321.32669690975797 -0.51802700937313 -326.4591531023012
      vertex 324.0707981742912 -0.5533915492433443 -332.3515560025711
    endloop
  endfacet
  facet normal -0.7838006898194267 0.49999999999919703 -0.368315732272454
    outer loop
      vertex 321.32669690975797 -0.51802700937313 -326.4591531023012
      vertex 321.3456509532298 -0.4817536741017154 -326.45024640893956
      vertex 324.0911103430221 -0.51802700937313 -332.3420111126554
    endloop
  endfacet
  facet normal -0.8020630499823921 0.46329603511966555 -0.37689739677442774
    outer loop
      vertex 321.3456509532298 -0.4817536741017154 -326.45024640893956
      vertex 321.3632136196098 -0.4446351791849271 -326.44199353749866
      vertex 324.1100643864939 -0.4817536741017154 -332.3331044192938
    endloop
  endfacet
  facet normal -0.8189183190128172 0.4257792915656558 -0.38481785517185957
    outer loop
      vertex 321.3632136196098 -0.4446351791849271 -326.44199353749866
      vertex 321.37935409801327 -0.4067366430758002 -326.4344089663192
      vertex 324.1276270528739 -0.4446351791849271 -332.32485154785286
    endloop
  endfacet
  facet normal -0.848291824591321 0.34857204732160535 -0.3986207573089388
    outer loop
      vertex 321.39404407255654 -0.36812455268467836 -326.42750600131643
      vertex 321.40725777203255 -0.32886664673858307 -326.4212967526366
      vertex 324.15845750582065 -0.36812455268467836 -332.3103640116707
    endloop
  endfacet
  facet normal -0.8343369270418455 0.38751558645243245 -0.3920632122895458
    outer loop
      vertex 321.37935409801327 -0.4067366430758002 -326.4344089663192
      vertex 321.39404407255654 -0.36812455268467836 -326.42750600131643
      vertex 324.1437675312774 -0.4067366430758002 -332.31726697667347
    endloop
  endfacet
  facet normal -0.8607585300287423 0.3090169943747968 -0.40447898606766397
    outer loop
      vertex 321.40725777203255 -0.32886664673858307 -326.4212967526366
      vertex 321.4189720151224 -0.2890317969444718 -326.4157921134117
      vertex 324.17167120529666 -0.32886664673858307 -332.30415476299083
    endloop
  endfacet
  facet normal -0.8717151725166834 0.26891982061556874 -0.4096276212419024
    outer loop
      vertex 321.4189720151224 -0.2890317969444718 -326.4157921134117
      vertex 321.4291662510632 -0.24868988716485443 -326.41100174064957
      vertex 324.1833854483865 -0.2890317969444718 -332.2986501237659
    endloop
  endfacet
  facet normal -0.881142530381353 0.22835087011098465 -0.4140576303761381
    outer loop
      vertex 321.4291662510632 -0.24868988716485443 -326.41100174064957
      vertex 321.437822595701 -0.20791169081775934 -326.40693403829164
      vertex 324.1935796843273 -0.24868988716485443 -332.29385975100377
    endloop
  endfacet
  facet normal -0.8890240648335607 0.1873813145856987 -0.4177612417289909
    outer loop
      vertex 321.437822595701 -0.20791169081775934 -326.40693403829164
      vertex 321.44492586286594 -0.16676874671610267 -326.40359614247024
      vertex 324.2022360289651 -0.20791169081775934 -332.28979204864595
    endloop
  endfacet
  facet normal -0.8953459489836629 0.14608302856163935 -0.4207319579076487
    outer loop
      vertex 321.44492586286594 -0.16676874671610267 -326.40359614247024
      vertex 321.45046359101366 -0.12533323356430406 -326.40099390898877
      vertex 324.20933929613005 -0.16676874671610267 -332.2864541528245
    endloop
  endfacet
  facet normal -0.9000970920984278 0.10452846326786744 -0.4229645672663521
    outer loop
      vertex 321.45046359101366 -0.12533323356430406 -326.40099390898877
      vertex 321.4544260650873 -0.08367784333231569 -326.399131903049
      vertex 324.21487702427777 -0.12533323356430406 -332.28385191934296
    endloop
  endfacet
  facet normal -0.9032691590587636 0.0627905195290825 -0.4244551530498151
    outer loop
      vertex 321.4544260650873 -0.08367784333231569 -326.399131903049
      vertex 321.45680633356085 -0.04187565372919923 -326.39801339124205
      vertex 324.21883949835143 -0.08367784333231569 -332.2819899134032
    endloop
  endfacet
  facet normal -0.9048565849811372 0.02094241988364598 -0.42520110026397084
    outer loop
      vertex 321.45680633356085 -0.04187565372919923 -326.39801339124205
      vertex 321.4576002206346 0 -326.39764033581775
      vertex 324.22121976682496 -0.04187565372919923 -332.2808714015963
    endloop
  endfacet
  facet normal -0.9048565849811355 -0.02094241988364578 -0.4252011002639742
    outer loop
      vertex 321.4576002206346 0 -326.39764033581775
      vertex 321.45680633356085 0.04187565372919962 -326.39801339124205
      vertex 324.2220136538987 0 -332.28049834617195
    endloop
  endfacet
  facet normal -0.9032691590587651 -0.06279051952908342 -0.4244551530498118
    outer loop
      vertex 321.4544260650873 0.08367784333231548 -326.399131903049
      vertex 324.22121976682496 0.04187565372919962 -332.2808714015963
      vertex 321.45680633356085 0.04187565372919962 -326.39801339124205
    endloop
  endfacet
  facet normal -0.9000970920984279 -0.10452846326786644 -0.4229645672663522
    outer loop
      vertex 321.4544260650873 0.08367784333231548 -326.399131903049
      vertex 321.45046359101366 0.12533323356430426 -326.40099390898877
      vertex 324.21883949835143 0.08367784333231548 -332.2819899134032
    endloop
  endfacet
  facet normal -0.895345948983661 -0.14608302856164146 -0.4207319579076519
    outer loop
      vertex 321.45046359101366 0.12533323356430426 -326.40099390898877
      vertex 321.44492586286594 0.16676874671610226 -326.40359614247024
      vertex 324.21487702427777 0.12533323356430426 -332.28385191934296
    endloop
  endfacet
  facet normal -0.8890240648335594 -0.18738131458569687 -0.41776124172899437
    outer loop
      vertex 321.44492586286594 0.16676874671610226 -326.40359614247024
      vertex 321.437822595701 0.20791169081775934 -326.40693403829164
      vertex 324.20933929613005 0.16676874671610226 -332.2864541528245
    endloop
  endfacet
  facet normal -0.8717151725166825 -0.268919820615572 -0.40962762124190194
    outer loop
      vertex 321.4291662510632 0.2486898871648548 -326.41100174064957
      vertex 321.4189720151224 0.2890317969444716 -326.4157921134117
      vertex 324.1935796843273 0.2486898871648548 -332.29385975100377
    endloop
  endfacet
  facet normal -0.8811425303813566 -0.22835087011098273 -0.4140576303761317
    outer loop
      vertex 321.437822595701 0.20791169081775934 -326.40693403829164
      vertex 321.4291662510632 0.2486898871648548 -326.41100174064957
      vertex 324.2022360289651 0.20791169081775934 -332.28979204864595
    endloop
  endfacet
  facet normal -0.8607585300287415 -0.3090169943747945 -0.4044789860676675
    outer loop
      vertex 321.4189720151224 0.2890317969444716 -326.4157921134117
      vertex 321.40725777203255 0.32886664673858323 -326.4212967526366
      vertex 324.1833854483865 0.2890317969444716 -332.2986501237659
    endloop
  endfacet
  facet normal -0.8482918245913196 -0.3485720473216097 -0.39862075730893815
    outer loop
      vertex 321.40725777203255 0.32886664673858323 -326.4212967526366
      vertex 321.39404407255654 0.368124552684678 -326.42750600131643
      vertex 324.17167120529666 0.32886664673858323 -332.30415476299083
    endloop
  endfacet
  facet normal -0.8343369270418468 -0.38751558645242923 -0.3920632122895465
    outer loop
      vertex 321.39404407255654 0.368124552684678 -326.42750600131643
      vertex 321.37935409801327 0.4067366430758002 -326.4344089663192
      vertex 324.15845750582065 0.368124552684678 -332.3103640116707
    endloop
  endfacet
  facet normal -0.8189183190128198 -0.4257792915656527 -0.384817855171857
    outer loop
      vertex 321.37935409801327 0.4067366430758002 -326.4344089663192
      vertex 321.3632136196098 0.44463517918492745 -326.44199353749866
      vertex 324.1437675312774 0.4067366430758002 -332.31726697667347
    endloop
  endfacet
  facet normal -0.8020630499823889 -0.4632960351196694 -0.37689739677442985
    outer loop
      vertex 321.3632136196098 0.44463517918492745 -326.44199353749866
      vertex 321.3456509532298 0.4817536741017153 -326.45024640893956
      vertex 324.1276270528739 0.44463517918492745 -332.32485154785286
    endloop
  endfacet
  facet normal -0.7838006898194283 -0.4999999999991942 -0.36831573227245473
    outer loop
      vertex 321.3456509532298 0.4817536741017153 -326.45024640893956
      vertex 321.32669690975797 0.5180270093731302 -326.4591531023012
      vertex 324.1100643864939 0.4817536741017153 -332.3331044192938
    endloop
  endfacet
  facet normal -0.7209034474978308 0.6045991148622731 -0.33875969313585463
    outer loop
      vertex 321.2847500814834 -0.5877852522924731 -326.4788643337062
      vertex 324.04916351474753 -0.5877852522924731 -332.36172234406047
      vertex 324.02624431893526 -0.6211477802783101 -332.37249230190605
    endloop
  endfacet
  facet normal -0.743185261946375 0.5707135676836533 -0.3492301391453691
    outer loop
      vertex 321.3063847410271 -0.5533915492433443 -326.46869799221685
      vertex 324.0707981742912 -0.5533915492433443 -332.3515560025711
      vertex 324.04916351474753 -0.5877852522924731 -332.36172234406047
    endloop
  endfacet
  facet normal -0.7641632769080258 0.5358267949798367 -0.35908791682097047
    outer loop
      vertex 321.32669690975797 -0.51802700937313 -326.4591531023012
      vertex 324.0911103430221 -0.51802700937313 -332.3420111126554
      vertex 324.0707981742912 -0.5533915492433443 -332.3515560025711
    endloop
  endfacet
  facet normal -0.7838006898194221 0.49999999999920564 -0.36831573227245185
    outer loop
      vertex 321.3456509532298 -0.4817536741017154 -326.45024640893956
      vertex 324.1100643864939 -0.4817536741017154 -332.3331044192938
      vertex 324.0911103430221 -0.51802700937313 -332.3420111126554
    endloop
  endfacet
  facet normal -0.802063049982174 0.46329603512012335 -0.37689739677432893
    outer loop
      vertex 321.3632136196098 -0.4446351791849271 -326.44199353749866
      vertex 324.1276270528739 -0.4446351791849271 -332.32485154785286
      vertex 324.1100643864939 -0.4817536741017154 -332.3331044192938
    endloop
  endfacet
  facet normal -0.8189183190130207 0.42577929156518113 -0.3848178551719515
    outer loop
      vertex 321.37935409801327 -0.4067366430758002 -326.4344089663192
      vertex 324.1437675312774 -0.4067366430758002 -332.31726697667347
      vertex 324.1276270528739 -0.4446351791849271 -332.32485154785286
    endloop
  endfacet
  facet normal -0.8343369270418438 0.3875155864524369 -0.39206321228954505
    outer loop
      vertex 321.39404407255654 -0.36812455268467836 -326.42750600131643
      vertex 324.15845750582065 -0.36812455268467836 -332.3103640116707
      vertex 324.1437675312774 -0.4067366430758002 -332.31726697667347
    endloop
  endfacet
  facet normal -0.8482918245913178 0.3485720473216151 -0.39862075730893726
    outer loop
      vertex 321.40725777203255 -0.32886664673858307 -326.4212967526366
      vertex 324.17167120529666 -0.32886664673858307 -332.30415476299083
      vertex 324.15845750582065 -0.36812455268467836 -332.3103640116707
    endloop
  endfacet
  facet normal -0.8607585300285864 0.30901699437532176 -0.4044789860675946
    outer loop
      vertex 321.4189720151224 -0.2890317969444718 -326.4157921134117
      vertex 324.1833854483865 -0.2890317969444718 -332.2986501237659
      vertex 324.17167120529666 -0.32886664673858307 -332.30415476299083
    endloop
  endfacet
  facet normal -0.8717151725166858 0.268919820615559 -0.40962762124190355
    outer loop
      vertex 321.4291662510632 -0.24868988716485443 -326.41100174064957
      vertex 324.1935796843273 -0.24868988716485443 -332.29385975100377
      vertex 324.1833854483865 -0.2890317969444718 -332.2986501237659
    endloop
  endfacet
  facet normal -0.8811425303815871 0.22835087010989666 -0.41405763037624005
    outer loop
      vertex 321.437822595701 -0.20791169081775934 -326.40693403829164
      vertex 324.2022360289651 -0.20791169081775934 -332.28979204864595
      vertex 324.1935796843273 -0.24868988716485443 -332.29385975100377
    endloop
  endfacet
  facet normal -0.8890240648334626 0.18738131458625784 -0.4177612417289489
    outer loop
      vertex 321.44492586286594 -0.16676874671610267 -326.40359614247024
      vertex 324.20933929613005 -0.16676874671610267 -332.2864541528245
      vertex 324.2022360289651 -0.20791169081775934 -332.28979204864595
    endloop
  endfacet
  facet normal -0.8953459489835871 0.1460830285621947 -0.42073195790761714
    outer loop
      vertex 321.45046359101366 -0.12533323356430406 -326.40099390898877
      vertex 324.21487702427777 -0.12533323356430406 -332.28385191934296
      vertex 324.20933929613005 -0.16676874671610267 -332.2864541528245
    endloop
  endfacet
  facet normal -0.9000970920984278 0.10452846326786734 -0.4229645672663521
    outer loop
      vertex 321.4544260650873 -0.08367784333231569 -326.399131903049
      vertex 324.21883949835143 -0.08367784333231569 -332.2819899134032
      vertex 324.21487702427777 -0.12533323356430406 -332.28385191934296
    endloop
  endfacet
  facet normal -0.9032691590587976 0.0627905195285121 -0.424455153049827
    outer loop
      vertex 321.45680633356085 -0.04187565372919923 -326.39801339124205
      vertex 324.22121976682496 -0.04187565372919923 -332.2808714015963
      vertex 324.21883949835143 -0.08367784333231569 -332.2819899134032
    endloop
  endfacet
  facet normal -0.9048565849811244 0.02094241988422631 -0.4252011002639689
    outer loop
      vertex 321.4576002206346 0 -326.39764033581775
      vertex 324.2220136538987 0 -332.28049834617195
      vertex 324.22121976682496 -0.04187565372919923 -332.2808714015963
    endloop
  endfacet
  facet normal -0.9048565849811261 -0.020942419884225953 -0.4252011002639657
    outer loop
      vertex 321.45680633356085 0.04187565372919962 -326.39801339124205
      vertex 324.22121976682496 0.04187565372919962 -332.2808714015963
      vertex 324.2220136538987 0 -332.28049834617195
    endloop
  endfacet
  facet normal -0.903269159058796 -0.06279051952851351 -0.4244551530498304
    outer loop
      vertex 321.4544260650873 0.08367784333231548 -326.399131903049
      vertex 324.21883949835143 0.08367784333231548 -332.2819899134032
      vertex 324.22121976682496 0.04187565372919962 -332.2808714015963
    endloop
  endfacet
  facet normal -0.9000970920984279 -0.10452846326786634 -0.4229645672663522
    outer loop
      vertex 321.45046359101366 0.12533323356430426 -326.40099390898877
      vertex 324.21487702427777 0.12533323356430426 -332.28385191934296
      vertex 324.21883949835143 0.08367784333231548 -332.2819899134032
    endloop
  endfacet
  facet normal -0.8953459489835884 -0.14608302856219565 -0.4207319579076137
    outer loop
      vertex 321.44492586286594 0.16676874671610226 -326.40359614247024
      vertex 324.20933929613005 0.16676874671610226 -332.2864541528245
      vertex 324.21487702427777 0.12533323356430426 -332.28385191934296
    endloop
  endfacet
  facet normal -0.8890240648334669 -0.18738131458624196 -0.41776124172894685
    outer loop
      vertex 321.437822595701 0.20791169081775934 -326.40693403829164
      vertex 324.2022360289651 0.20791169081775934 -332.28979204864595
      vertex 324.20933929613005 0.16676874671610226 -332.2864541528245
    endloop
  endfacet
  facet normal -0.8482918245913201 -0.34857204732160796 -0.3986207573089384
    outer loop
      vertex 321.39404407255654 0.368124552684678 -326.42750600131643
      vertex 324.15845750582065 0.368124552684678 -332.3103640116707
      vertex 324.17167120529666 0.32886664673858323 -332.30415476299083
    endloop
  endfacet
  facet normal -0.8811425303815864 -0.2283508701098858 -0.4140576303762477
    outer loop
      vertex 321.4291662510632 0.2486898871648548 -326.41100174064957
      vertex 324.1935796843273 0.2486898871648548 -332.29385975100377
      vertex 324.2022360289651 0.20791169081775934 -332.28979204864595
    endloop
  endfacet
  facet normal -0.8717151725166818 -0.26891982061557435 -0.4096276212419016
    outer loop
      vertex 321.4189720151224 0.2890317969444716 -326.4157921134117
      vertex 324.1833854483865 0.2890317969444716 -332.2986501237659
      vertex 324.1935796843273 0.2486898871648548 -332.29385975100377
    endloop
  endfacet
  facet normal -0.8607585300285893 -0.3090169943753172 -0.4044789860675921
    outer loop
      vertex 321.40725777203255 0.32886664673858323 -326.4212967526366
      vertex 324.17167120529666 0.32886664673858323 -332.30415476299083
      vertex 324.1833854483865 0.2890317969444716 -332.2986501237659
    endloop
  endfacet
  facet normal -0.8343369270418493 -0.38751558645242246 -0.3920632122895476
    outer loop
      vertex 321.37935409801327 0.4067366430758002 -326.4344089663192
      vertex 324.1437675312774 0.4067366430758002 -332.31726697667347
      vertex 324.15845750582065 0.368124552684678 -332.3103640116707
    endloop
  endfacet
  facet normal -0.8189183190130194 -0.4257792915651808 -0.38481785517195455
    outer loop
      vertex 321.3632136196098 0.44463517918492745 -326.44199353749866
      vertex 324.1276270528739 0.44463517918492745 -332.32485154785286
      vertex 324.1437675312774 0.4067366430758002 -332.31726697667347
    endloop
  endfacet
  facet normal -0.802063049982175 -0.4632960351201243 -0.3768973967743257
    outer loop
      vertex 321.3456509532298 0.4817536741017153 -326.45024640893956
      vertex 324.1100643864939 0.4817536741017153 -332.3331044192938
      vertex 324.1276270528739 0.44463517918492745 -332.32485154785286
    endloop
  endfacet
  facet normal -0.42529437434739925 0 0.9050550785164704
    outer loop
      vertex 322.8004313625719 -0.8211492091337039 -332.94851399022076
      vertex 322.7697630760102 0.7965299180241963 -332.9629253228072
      vertex 322.7697630760102 -0.7965299180241964 -332.9629253228072
    endloop
  endfacet
  facet normal -0.42529437434776507 0 0.9050550785162984
    outer loop
      vertex 322.86443103612464 -0.8660254037844386 -332.9184399076945
      vertex 322.83200581338195 0.844327925502015 -332.93367684205
      vertex 322.83200581338195 -0.844327925502015 -332.93367684205
    endloop
  endfacet
  facet normal -0.425294374348394 0 0.9050550785160029
    outer loop
      vertex 322.83200581338195 -0.844327925502015 -332.93367684205
      vertex 322.8004313625719 0.821149209133704 -332.94851399022076
      vertex 322.8004313625719 -0.8211492091337039 -332.94851399022076
    endloop
  endfacet
  facet normal -0.42529437434835166 0 0.9050550785160227
    outer loop
      vertex 322.96623562586007 -0.9218631515885004 -332.87060091941066
      vertex 323.0014816737253 -0.9372819894918915 -332.85403845130134
      vertex 322.96623562586007 0.9218631515885005 -332.87060091941066
    endloop
  endfacet
  facet normal -0.42529437434869755 0 0.9050550785158603
    outer loop
      vertex 322.96623562586007 -0.9218631515885004 -332.87060091941066
      vertex 322.93160486522476 0.9048270524660195 -332.88687425793694
      vertex 322.93160486522476 -0.9048270524660196 -332.88687425793694
    endloop
  endfacet
  facet normal -0.4252943743485648 0 0.9050550785159225
    outer loop
      vertex 322.86443103612464 -0.8660254037844386 -332.9184399076945
      vertex 322.8976501459411 -0.8862035792312147 -332.9028299179147
      vertex 322.86443103612464 0.8660254037844386 -332.9184399076945
    endloop
  endfacet
  facet normal -0.4252943743488328 0 0.9050550785157965
    outer loop
      vertex 322.93160486522476 -0.9048270524660196 -332.88687425793694
      vertex 322.8976501459411 0.8862035792312147 -332.9028299179147
      vertex 322.8976501459411 -0.8862035792312147 -332.9028299179147
    endloop
  endfacet
  facet normal -0.4252943743506102 0 0.9050550785149614
    outer loop
      vertex 322.7697630760102 -0.7965299180241964 -332.9629253228072
      vertex 322.7400547562927 0.7705132427757894 -332.97688555743514
      vertex 322.7400547562927 -0.7705132427757894 -332.97688555743514
    endloop
  endfacet
  facet normal -0.42529437434763606 0 0.905055078516359
    outer loop
      vertex 323.4865489857675 -0.9822872507286886 -332.626100501569
      vertex 323.5236286900599 -0.9735789028731603 -332.6086763800847
      vertex 323.4865489857675 0.9822872507286887 -332.626100501569
    endloop
  endfacet
  facet normal -0.425294374347636 0 0.9050550785163589
    outer loop
      vertex 323.1473681649979 -0.9822872507286886 -332.78548493947164
      vertex 323.1102884607055 0.9735789028731603 -332.8029090609559
      vertex 323.1102884607055 -0.9735789028731603 -332.8029090609559
    endloop
  endfacet
  facet normal -0.4252943743487814 0 0.9050550785158208
    outer loop
      vertex 323.1473681649979 -0.9822872507286886 -332.78548493947164
      vertex 323.1847453884973 -0.9892723329629883 -332.7679210107557
      vertex 323.1473681649979 0.9822872507286887 -332.78548493947164
    endloop
  endfacet
  facet normal -0.42529437434768014 0 0.9050550785163384
    outer loop
      vertex 323.2223545588528 -0.9945218953682733 -332.7502480879073
      vertex 323.26012969680005 -0.9980267284282716 -332.73249717523856
      vertex 323.2223545588528 0.9945218953682733 -332.7502480879073
    endloop
  endfacet
  facet normal -0.4252943743485093 0 0.9050550785159487
    outer loop
      vertex 323.1847453884973 -0.9892723329629883 -332.7679210107557
      vertex 323.2223545588528 -0.9945218953682733 -332.7502480879073
      vertex 323.1847453884973 0.9892723329629883 -332.7679210107557
    endloop
  endfacet
  facet normal -0.42529437434730805 0 0.9050550785165131
    outer loop
      vertex 323.0372811752759 -0.9510565162951535 -332.837215909806
      vertex 323.07357132602124 -0.9631625667976582 -332.8201628073788
      vertex 323.0372811752759 0.9510565162951535 -332.837215909806
    endloop
  endfacet
  facet normal -0.4252943743477748 0 0.9050550785162937
    outer loop
      vertex 323.0372811752759 -0.9510565162951535 -332.837215909806
      vertex 323.0014816737253 0.9372819894918915 -332.85403845130134
      vertex 323.0014816737253 -0.9372819894918915 -332.85403845130134
    endloop
  endfacet
  facet normal -0.42529437434909034 0 0.9050550785156757
    outer loop
      vertex 323.1102884607055 -0.9735789028731603 -332.8029090609559
      vertex 323.07357132602124 0.9631625667976582 -332.8201628073788
      vertex 323.07357132602124 -0.9631625667976582 -332.8201628073788
    endloop
  endfacet
  facet normal -0.4252943743476346 0 0.9050550785163597
    outer loop
      vertex 323.29800453191086 -0.9997806834748455 -332.71469941388193
      vertex 323.33591261885454 -0.9997806834748455 -332.6968860271587
      vertex 323.29800453191086 0.9997806834748455 -332.71469941388193
    endloop
  endfacet
  facet normal -0.4252943743491405 0 0.9050550785156519
    outer loop
      vertex 323.33591261885454 -0.9997806834748455 -332.6968860271587
      vertex 323.37378745396535 -0.9980267284282716 -332.6790882658021
      vertex 323.33591261885454 0.9997806834748455 -332.6968860271587
    endloop
  endfacet
  facet normal -0.42529437434914047 0 0.905055078515652
    outer loop
      vertex 323.29800453191086 -0.9997806834748455 -332.71469941388193
      vertex 323.26012969680005 0.9980267284282716 -332.73249717523856
      vertex 323.26012969680005 -0.9980267284282716 -332.73249717523856
    endloop
  endfacet
  facet normal -0.4252943743476801 0 0.9050550785163384
    outer loop
      vertex 323.37378745396535 -0.9980267284282716 -332.6790882658021
      vertex 323.41156259191257 -0.9945218953682733 -332.6613373531333
      vertex 323.37378745396535 0.9980267284282716 -332.6790882658021
    endloop
  endfacet
  facet normal -0.42529437434850925 0 0.9050550785159486
    outer loop
      vertex 323.41156259191257 -0.9945218953682733 -332.6613373531333
      vertex 323.4491717622681 -0.9892723329629883 -332.64366443028496
      vertex 323.41156259191257 0.9945218953682733 -332.6613373531333
    endloop
  endfacet
  facet normal -0.4252943743487814 0 0.9050550785158208
    outer loop
      vertex 323.4865489857675 -0.9822872507286886 -332.626100501569
      vertex 323.4491717622681 0.9892723329629883 -332.64366443028496
      vertex 323.4491717622681 -0.9892723329629883 -332.64366443028496
    endloop
  endfacet
  facet normal -0.42529437434909023 0 0.9050550785156757
    outer loop
      vertex 323.56034582474416 -0.9631625667976581 -332.59142263366186
      vertex 323.5236286900599 0.9735789028731603 -332.6086763800847
      vertex 323.5236286900599 -0.9735789028731603 -332.6086763800847
    endloop
  endfacet
  facet normal -0.425294374347308 0 0.9050550785165131
    outer loop
      vertex 323.56034582474416 -0.9631625667976581 -332.59142263366186
      vertex 323.5966359754895 -0.9510565162951535 -332.57436953123465
      vertex 323.56034582474416 0.9631625667976582 -332.59142263366186
    endloop
  endfacet
  facet normal -0.4252943743483279 0 0.905055078516034
    outer loop
      vertex 323.5966359754895 -0.9510565162951535 -332.57436953123465
      vertex 323.63243547704 -0.9372819894918917 -332.5575469897393
      vertex 323.5966359754895 0.9510565162951535 -332.57436953123465
    endloop
  endfacet
  facet normal -0.4252943743481257 0 0.905055078516129
    outer loop
      vertex 323.6676815249053 -0.9218631515885004 -332.54098452163
      vertex 323.70231228554064 -0.9048270524660196 -332.5247111831037
      vertex 323.6676815249053 0.9218631515885005 -332.54098452163
    endloop
  endfacet
  facet normal -0.425294374349416 0 0.9050550785155225
    outer loop
      vertex 323.70231228554064 -0.9048270524660196 -332.5247111831037
      vertex 323.73626700482424 -0.8862035792312145 -332.50875552312596
      vertex 323.70231228554064 0.9048270524660195 -332.5247111831037
    endloop
  endfacet
  facet normal -0.4252943743485649 0 0.9050550785159226
    outer loop
      vertex 323.73626700482424 -0.8862035792312145 -332.50875552312596
      vertex 323.7694861146407 -0.8660254037844386 -332.49314553334614
      vertex 323.73626700482424 0.8862035792312147 -332.50875552312596
    endloop
  endfacet
  facet normal -0.42529437434835177 0 0.9050550785160228
    outer loop
      vertex 323.63243547704 -0.9372819894918917 -332.5575469897393
      vertex 323.6676815249053 -0.9218631515885004 -332.54098452163
      vertex 323.63243547704 0.9372819894918915 -332.5575469897393
    endloop
  endfacet
  facet normal -0.42529437434776507 0 0.9050550785162984
    outer loop
      vertex 323.7694861146407 -0.8660254037844386 -332.49314553334614
      vertex 323.8019113373834 -0.8443279255020153 -332.47790859899067
      vertex 323.7694861146407 0.8660254037844386 -332.49314553334614
    endloop
  endfacet
  facet normal -0.42529437434910144 0 0.9050550785156704
    outer loop
      vertex 323.8019113373834 -0.8443279255020153 -332.47790859899067
      vertex 323.8334857881935 -0.8211492091337039 -332.4630714508198
      vertex 323.8019113373834 0.8443279255020151 -332.47790859899067
    endloop
  endfacet
  facet normal -0.42529437434804485 0 0.9050550785161668
    outer loop
      vertex 323.8334857881935 -0.8211492091337039 -332.4630714508198
      vertex 323.86415407475516 -0.7965299180241964 -332.44866011823336
      vertex 323.8334857881935 0.821149209133704 -332.4630714508198
    endloop
  endfacet
  facet normal -0.42529437434852513 0 0.9050550785159412
    outer loop
      vertex 323.86415407475516 -0.7965299180241964 -332.44866011823336
      vertex 323.8938623944727 -0.770513242775789 -332.4346998836055
      vertex 323.86415407475516 0.7965299180241963 -332.44866011823336
    endloop
  endfacet
  facet normal -0.4252943743476704 0 0.9050550785163429
    outer loop
      vertex 323.8938623944727 -0.770513242775789 -332.4346998836055
      vertex 323.92255862885827 -0.7431448254773942 -332.4212152379316
      vertex 323.8938623944727 0.7705132427757891 -332.4346998836055
    endloop
  endfacet
  facet normal -0.425294374348467 0 0.9050550785159684
    outer loop
      vertex 323.92255862885827 -0.7431448254773942 -332.4212152379316
      vertex 323.9501924349658 -0.7144726796328036 -332.4082298378622
      vertex 323.92255862885827 0.7431448254773942 -332.4212152379316
    endloop
  endfacet
  facet normal -0.42529437434924333 0 0.9050550785156037
    outer loop
      vertex 323.9501924349658 -0.7144726796328036 -332.4082298378622
      vertex 323.9767153337093 -0.6845471059286885 -332.39576646420153
      vertex 323.9501924349658 0.7144726796328034 -332.4082298378622
    endloop
  endfacet
  facet normal -0.42529437434665035 0 0.9050550785168222
    outer loop
      vertex 323.9767153337093 -0.6845471059286885 -332.39576646420153
      vertex 324.0020807949118 -0.6534206039901056 -332.38384698194216
      vertex 323.9767153337093 0.6845471059286887 -332.39576646420153
    endloop
  endfacet
  facet normal -0.42529437434848916 0 0.9050550785159581
    outer loop
      vertex 324.0020807949118 -0.6534206039901056 -332.38384698194216
      vertex 324.02624431893526 -0.6211477802783101 -332.37249230190605
      vertex 324.0020807949118 0.6534206039901054 -332.38384698194216
    endloop
  endfacet
  facet normal -0.4252943743469804 0 0.9050550785166671
    outer loop
      vertex 322.7400547562927 -0.7705132427757894 -332.97688555743514
      vertex 322.7113585219071 0.7431448254773942 -332.990370203109
      vertex 322.7113585219071 -0.7431448254773942 -332.990370203109
    endloop
  endfacet
  facet normal -0.42529437434951606 0 0.9050550785154755
    outer loop
      vertex 322.7113585219071 -0.7431448254773942 -332.990370203109
      vertex 322.69086566541307 0.7218819502917014 -333
      vertex 322.69086566541307 -0.7218819502917014 -333
    endloop
  endfacet
  facet normal -0.4252943743506101 0 0.9050550785149615
    outer loop
      vertex 322.7697630760102 -0.7965299180241964 -332.9629253228072
      vertex 322.7697630760102 0.7965299180241963 -332.9629253228072
      vertex 322.7400547562927 0.7705132427757894 -332.97688555743514
    endloop
  endfacet
  facet normal -0.42529437434739925 0 0.9050550785164704
    outer loop
      vertex 322.8004313625719 -0.8211492091337039 -332.94851399022076
      vertex 322.8004313625719 0.821149209133704 -332.94851399022076
      vertex 322.7697630760102 0.7965299180241963 -332.9629253228072
    endloop
  endfacet
  facet normal -0.42529437434776507 0 0.9050550785162984
    outer loop
      vertex 322.86443103612464 -0.8660254037844386 -332.9184399076945
      vertex 322.86443103612464 0.8660254037844386 -332.9184399076945
      vertex 322.83200581338195 0.844327925502015 -332.93367684205
    endloop
  endfacet
  facet normal -0.425294374348394 0 0.905055078516003
    outer loop
      vertex 322.83200581338195 -0.844327925502015 -332.93367684205
      vertex 322.83200581338195 0.844327925502015 -332.93367684205
      vertex 322.8004313625719 0.821149209133704 -332.94851399022076
    endloop
  endfacet
  facet normal -0.4252943743485648 0 0.9050550785159225
    outer loop
      vertex 322.8976501459411 -0.8862035792312147 -332.9028299179147
      vertex 322.8976501459411 0.8862035792312147 -332.9028299179147
      vertex 322.86443103612464 0.8660254037844386 -332.9184399076945
    endloop
  endfacet
  facet normal -0.42529437434869755 0 0.9050550785158603
    outer loop
      vertex 322.96623562586007 -0.9218631515885004 -332.87060091941066
      vertex 322.96623562586007 0.9218631515885005 -332.87060091941066
      vertex 322.93160486522476 0.9048270524660195 -332.88687425793694
    endloop
  endfacet
  facet normal -0.4252943743483517 0 0.9050550785160226
    outer loop
      vertex 323.0014816737253 -0.9372819894918915 -332.85403845130134
      vertex 323.0014816737253 0.9372819894918915 -332.85403845130134
      vertex 322.96623562586007 0.9218631515885005 -332.87060091941066
    endloop
  endfacet
  facet normal -0.4252943743488329 0 0.9050550785157967
    outer loop
      vertex 322.93160486522476 -0.9048270524660196 -332.88687425793694
      vertex 322.93160486522476 0.9048270524660195 -332.88687425793694
      vertex 322.8976501459411 0.8862035792312147 -332.9028299179147
    endloop
  endfacet
  facet normal -0.4252943743484891 0 0.9050550785159582
    outer loop
      vertex 324.02624431893526 -0.6211477802783101 -332.37249230190605
      vertex 324.02624431893526 0.6211477802783103 -332.37249230190605
      vertex 324.0020807949118 0.6534206039901054 -332.38384698194216
    endloop
  endfacet
  facet normal -0.4252943743487814 0 0.9050550785158208
    outer loop
      vertex 323.4865489857675 -0.9822872507286886 -332.626100501569
      vertex 323.4865489857675 0.9822872507286887 -332.626100501569
      vertex 323.4491717622681 0.9892723329629883 -332.64366443028496
    endloop
  endfacet
  facet normal -0.42529437434763606 0 0.905055078516359
    outer loop
      vertex 323.1473681649979 -0.9822872507286886 -332.78548493947164
      vertex 323.1473681649979 0.9822872507286887 -332.78548493947164
      vertex 323.1102884607055 0.9735789028731603 -332.8029090609559
    endloop
  endfacet
  facet normal -0.42529437434878153 0 0.9050550785158208
    outer loop
      vertex 323.1847453884973 -0.9892723329629883 -332.7679210107557
      vertex 323.1847453884973 0.9892723329629883 -332.7679210107557
      vertex 323.1473681649979 0.9822872507286887 -332.78548493947164
    endloop
  endfacet
  facet normal -0.42529437434850925 0 0.9050550785159486
    outer loop
      vertex 323.2223545588528 -0.9945218953682733 -332.7502480879073
      vertex 323.2223545588528 0.9945218953682733 -332.7502480879073
      vertex 323.1847453884973 0.9892723329629883 -332.7679210107557
    endloop
  endfacet
  facet normal -0.4252943743476801 0 0.9050550785163384
    outer loop
      vertex 323.26012969680005 -0.9980267284282716 -332.73249717523856
      vertex 323.26012969680005 0.9980267284282716 -332.73249717523856
      vertex 323.2223545588528 0.9945218953682733 -332.7502480879073
    endloop
  endfacet
  facet normal -0.4252943743477747 0 0.9050550785162937
    outer loop
      vertex 323.0372811752759 -0.9510565162951535 -332.837215909806
      vertex 323.0372811752759 0.9510565162951535 -332.837215909806
      vertex 323.0014816737253 0.9372819894918915 -332.85403845130134
    endloop
  endfacet
  facet normal -0.425294374347308 0 0.9050550785165131
    outer loop
      vertex 323.07357132602124 -0.9631625667976582 -332.8201628073788
      vertex 323.07357132602124 0.9631625667976582 -332.8201628073788
      vertex 323.0372811752759 0.9510565162951535 -332.837215909806
    endloop
  endfacet
  facet normal -0.4252943743490903 0 0.9050550785156757
    outer loop
      vertex 323.1102884607055 -0.9735789028731603 -332.8029090609559
      vertex 323.1102884607055 0.9735789028731603 -332.8029090609559
      vertex 323.07357132602124 0.9631625667976582 -332.8201628073788
    endloop
  endfacet
  facet normal -0.4252943743476346 0 0.9050550785163597
    outer loop
      vertex 323.33591261885454 -0.9997806834748455 -332.6968860271587
      vertex 323.33591261885454 0.9997806834748455 -332.6968860271587
      vertex 323.29800453191086 0.9997806834748455 -332.71469941388193
    endloop
  endfacet
  facet normal -0.42529437434914047 0 0.905055078515652
    outer loop
      vertex 323.37378745396535 -0.9980267284282716 -332.6790882658021
      vertex 323.37378745396535 0.9980267284282716 -332.6790882658021
      vertex 323.33591261885454 0.9997806834748455 -332.6968860271587
    endloop
  endfacet
  facet normal -0.4252943743491405 0 0.9050550785156519
    outer loop
      vertex 323.29800453191086 -0.9997806834748455 -332.71469941388193
      vertex 323.29800453191086 0.9997806834748455 -332.71469941388193
      vertex 323.26012969680005 0.9980267284282716 -332.73249717523856
    endloop
  endfacet
  facet normal -0.42529437434768014 0 0.9050550785163384
    outer loop
      vertex 323.41156259191257 -0.9945218953682733 -332.6613373531333
      vertex 323.41156259191257 0.9945218953682733 -332.6613373531333
      vertex 323.37378745396535 0.9980267284282716 -332.6790882658021
    endloop
  endfacet
  facet normal -0.4252943743485093 0 0.9050550785159487
    outer loop
      vertex 323.4491717622681 -0.9892723329629883 -332.64366443028496
      vertex 323.4491717622681 0.9892723329629883 -332.64366443028496
      vertex 323.41156259191257 0.9945218953682733 -332.6613373531333
    endloop
  endfacet
  facet normal -0.42529437434730805 0 0.9050550785165131
    outer loop
      vertex 323.5966359754895 -0.9510565162951535 -332.57436953123465
      vertex 323.5966359754895 0.9510565162951535 -332.57436953123465
      vertex 323.56034582474416 0.9631625667976582 -332.59142263366186
    endloop
  endfacet
  facet normal -0.4252943743483279 0 0.9050550785160338
    outer loop
      vertex 323.63243547704 -0.9372819894918917 -332.5575469897393
      vertex 323.63243547704 0.9372819894918915 -332.5575469897393
      vertex 323.5966359754895 0.9510565162951535 -332.57436953123465
    endloop
  endfacet
  facet normal -0.42529437434763606 0 0.9050550785163589
    outer loop
      vertex 323.5236286900599 -0.9735789028731603 -332.6086763800847
      vertex 323.5236286900599 0.9735789028731603 -332.6086763800847
      vertex 323.4865489857675 0.9822872507286887 -332.626100501569
    endloop
  endfacet
  facet normal -0.4252943743490903 0 0.9050550785156757
    outer loop
      vertex 323.56034582474416 -0.9631625667976581 -332.59142263366186
      vertex 323.56034582474416 0.9631625667976582 -332.59142263366186
      vertex 323.5236286900599 0.9735789028731603 -332.6086763800847
    endloop
  endfacet
  facet normal -0.42529437434835166 0 0.9050550785160227
    outer loop
      vertex 323.6676815249053 -0.9218631515885004 -332.54098452163
      vertex 323.6676815249053 0.9218631515885005 -332.54098452163
      vertex 323.63243547704 0.9372819894918915 -332.5575469897393
    endloop
  endfacet
  facet normal -0.4252943743481257 0 0.9050550785161289
    outer loop
      vertex 323.70231228554064 -0.9048270524660196 -332.5247111831037
      vertex 323.70231228554064 0.9048270524660195 -332.5247111831037
      vertex 323.6676815249053 0.9218631515885005 -332.54098452163
    endloop
  endfacet
  facet normal -0.4252943743485648 0 0.9050550785159225
    outer loop
      vertex 323.7694861146407 -0.8660254037844386 -332.49314553334614
      vertex 323.7694861146407 0.8660254037844386 -332.49314553334614
      vertex 323.73626700482424 0.8862035792312147 -332.50875552312596
    endloop
  endfacet
  facet normal -0.425294374349416 0 0.9050550785155225
    outer loop
      vertex 323.73626700482424 -0.8862035792312145 -332.50875552312596
      vertex 323.73626700482424 0.8862035792312147 -332.50875552312596
      vertex 323.70231228554064 0.9048270524660195 -332.5247111831037
    endloop
  endfacet
  facet normal -0.4252943743485251 0 0.9050550785159412
    outer loop
      vertex 323.8938623944727 -0.770513242775789 -332.4346998836055
      vertex 323.8938623944727 0.7705132427757891 -332.4346998836055
      vertex 323.86415407475516 0.7965299180241963 -332.44866011823336
    endloop
  endfacet
  facet normal -0.4252943743480449 0 0.905055078516167
    outer loop
      vertex 323.86415407475516 -0.7965299180241964 -332.44866011823336
      vertex 323.86415407475516 0.7965299180241963 -332.44866011823336
      vertex 323.8334857881935 0.821149209133704 -332.4630714508198
    endloop
  endfacet
  facet normal -0.42529437434846706 0 0.9050550785159686
    outer loop
      vertex 323.9501924349658 -0.7144726796328036 -332.4082298378622
      vertex 323.9501924349658 0.7144726796328034 -332.4082298378622
      vertex 323.92255862885827 0.7431448254773942 -332.4212152379316
    endloop
  endfacet
  facet normal -0.42529437434665035 0 0.9050550785168222
    outer loop
      vertex 324.0020807949118 -0.6534206039901056 -332.38384698194216
      vertex 324.0020807949118 0.6534206039901054 -332.38384698194216
      vertex 323.9767153337093 0.6845471059286887 -332.39576646420153
    endloop
  endfacet
  facet normal -0.4252943743492434 0 0.9050550785156037
    outer loop
      vertex 323.9767153337093 -0.6845471059286885 -332.39576646420153
      vertex 323.9767153337093 0.6845471059286887 -332.39576646420153
      vertex 323.9501924349658 0.7144726796328034 -332.4082298378622
    endloop
  endfacet
  facet normal -0.4252943743476704 0 0.9050550785163429
    outer loop
      vertex 323.92255862885827 -0.7431448254773942 -332.4212152379316
      vertex 323.92255862885827 0.7431448254773942 -332.4212152379316
      vertex 323.8938623944727 0.7705132427757891 -332.4346998836055
    endloop
  endfacet
  facet normal -0.42529437434776507 0 0.9050550785162984
    outer loop
      vertex 323.8019113373834 -0.8443279255020153 -332.47790859899067
      vertex 323.8019113373834 0.8443279255020151 -332.47790859899067
      vertex 323.7694861146407 0.8660254037844386 -332.49314553334614
    endloop
  endfacet
  facet normal -0.4252943743491015 0 0.9050550785156705
    outer loop
      vertex 323.8334857881935 -0.8211492091337039 -332.4630714508198
      vertex 323.8334857881935 0.821149209133704 -332.4630714508198
      vertex 323.8019113373834 0.8443279255020151 -332.47790859899067
    endloop
  endfacet
  facet normal -0.42529437434951606 0 0.9050550785154756
    outer loop
      vertex 322.7113585219071 -0.7431448254773942 -332.990370203109
      vertex 322.7113585219071 0.7431448254773942 -332.990370203109
      vertex 322.69086566541307 0.7218819502917014 -333
    endloop
  endfacet
  facet normal -0.42529437434698036 0 0.9050550785166672
    outer loop
      vertex 322.7400547562927 -0.7705132427757894 -332.97688555743514
      vertex 322.7400547562927 0.7705132427757894 -332.97688555743514
      vertex 322.7113585219071 0.7431448254773942 -332.990370203109
    endloop
  endfacet
  facet normal -0.42529437434360823 0 0.9050550785182517
    outer loop
      vertex 324.1935796843273 -0.24868988716485443 -332.29385975100377
      vertex 324.2022360289651 -0.20791169081775934 -332.28979204864595
      vertex 324.1935796843273 0.2486898871648548 -332.29385975100377
    endloop
  endfacet
  facet normal -0.42529437434825884 0 0.9050550785160665
    outer loop
      vertex 324.02624431893526 -0.6211477802783101 -332.37249230190605
      vertex 324.04916351474753 -0.5877852522924731 -332.36172234406047
      vertex 324.02624431893526 0.6211477802783103 -332.37249230190605
    endloop
  endfacet
  facet normal -0.425294374348758 0 0.9050550785158318
    outer loop
      vertex 324.04916351474753 -0.5877852522924731 -332.36172234406047
      vertex 324.0707981742912 -0.5533915492433443 -332.3515560025711
      vertex 324.04916351474753 0.5877852522924731 -332.36172234406047
    endloop
  endfacet
  facet normal -0.42529437434851614 0 0.9050550785159455
    outer loop
      vertex 324.0707981742912 -0.5533915492433443 -332.3515560025711
      vertex 324.0911103430221 -0.51802700937313 -332.3420111126554
      vertex 324.0707981742912 0.5533915492433441 -332.3515560025711
    endloop
  endfacet
  facet normal -0.42529437434815703 0 0.9050550785161142
    outer loop
      vertex 324.0911103430221 -0.51802700937313 -332.3420111126554
      vertex 324.1100643864939 -0.4817536741017154 -332.3331044192938
      vertex 324.0911103430221 0.5180270093731302 -332.3420111126554
    endloop
  endfacet
  facet normal -0.4252943743487353 0 0.9050550785158425
    outer loop
      vertex 324.1100643864939 -0.4817536741017154 -332.3331044192938
      vertex 324.1276270528739 -0.4446351791849271 -332.32485154785286
      vertex 324.1100643864939 0.4817536741017153 -332.3331044192938
    endloop
  endfacet
  facet normal -0.42529437434746226 0 0.9050550785164407
    outer loop
      vertex 324.1276270528739 -0.4446351791849271 -332.32485154785286
      vertex 324.1437675312774 -0.4067366430758002 -332.31726697667347
      vertex 324.1276270528739 0.44463517918492745 -332.32485154785286
    endloop
  endfacet
  facet normal -0.42529437434890005 0 0.905055078515765
    outer loop
      vertex 324.1437675312774 -0.4067366430758002 -332.31726697667347
      vertex 324.15845750582065 -0.36812455268467836 -332.3103640116707
      vertex 324.1437675312774 0.4067366430758002 -332.31726697667347
    endloop
  endfacet
  facet normal -0.42529437434781747 0 0.9050550785162738
    outer loop
      vertex 324.15845750582065 -0.36812455268467836 -332.3103640116707
      vertex 324.17167120529666 -0.32886664673858307 -332.30415476299083
      vertex 324.15845750582065 0.368124552684678 -332.3103640116707
    endloop
  endfacet
  facet normal -0.425294374351461 0 0.9050550785145618
    outer loop
      vertex 324.17167120529666 -0.32886664673858307 -332.30415476299083
      vertex 324.1833854483865 -0.2890317969444718 -332.2986501237659
      vertex 324.17167120529666 0.32886664673858323 -332.30415476299083
    endloop
  endfacet
  facet normal -0.4252943743467496 0 0.9050550785167756
    outer loop
      vertex 324.1935796843273 -0.24868988716485443 -332.29385975100377
      vertex 324.1833854483865 0.2890317969444716 -332.2986501237659
      vertex 324.1833854483865 -0.2890317969444718 -332.2986501237659
    endloop
  endfacet
  facet normal -0.42529437435098405 0 0.9050550785147858
    outer loop
      vertex 324.2022360289651 -0.20791169081775934 -332.28979204864595
      vertex 324.20933929613005 -0.16676874671610267 -332.2864541528245
      vertex 324.2022360289651 0.20791169081775934 -332.28979204864595
    endloop
  endfacet
  facet normal -0.4252943743550313 0 0.9050550785128839
    outer loop
      vertex 324.20933929613005 -0.16676874671610267 -332.2864541528245
      vertex 324.21487702427777 -0.12533323356430406 -332.28385191934296
      vertex 324.20933929613005 0.16676874671610226 -332.2864541528245
    endloop
  endfacet
  facet normal -0.42529437434311346 0 0.9050550785184841
    outer loop
      vertex 324.21487702427777 -0.12533323356430406 -332.28385191934296
      vertex 324.21883949835143 -0.08367784333231569 -332.2819899134032
      vertex 324.21487702427777 0.12533323356430426 -332.28385191934296
    endloop
  endfacet
  facet normal -0.42529437434526984 0 0.9050550785174709
    outer loop
      vertex 324.21883949835143 -0.08367784333231569 -332.2819899134032
      vertex 324.22121976682496 -0.04187565372919923 -332.2808714015963
      vertex 324.21883949835143 0.08367784333231548 -332.2819899134032
    endloop
  endfacet
  facet normal -0.4252943743812307 0 0.9050550785005727
    outer loop
      vertex 324.22121976682496 -0.04187565372919923 -332.2808714015963
      vertex 324.2220136538987 0 -332.28049834617195
      vertex 324.22121976682496 0.04187565372919962 -332.2808714015963
    endloop
  endfacet
  facet normal -0.4252943743452699 0 0.9050550785174708
    outer loop
      vertex 324.22121976682496 -0.04187565372919923 -332.2808714015963
      vertex 324.22121976682496 0.04187565372919962 -332.2808714015963
      vertex 324.21883949835143 0.08367784333231548 -332.2819899134032
    endloop
  endfacet
  facet normal -0.4252943743431135 0 0.9050550785184843
    outer loop
      vertex 324.21883949835143 -0.08367784333231569 -332.2819899134032
      vertex 324.21883949835143 0.08367784333231548 -332.2819899134032
      vertex 324.21487702427777 0.12533323356430426 -332.28385191934296
    endloop
  endfacet
  facet normal -0.4252943743550313 0 0.905055078512884
    outer loop
      vertex 324.21487702427777 -0.12533323356430406 -332.28385191934296
      vertex 324.21487702427777 0.12533323356430426 -332.28385191934296
      vertex 324.20933929613005 0.16676874671610226 -332.2864541528245
    endloop
  endfacet
  facet normal -0.42529437435098405 0 0.9050550785147857
    outer loop
      vertex 324.20933929613005 -0.16676874671610267 -332.2864541528245
      vertex 324.20933929613005 0.16676874671610226 -332.2864541528245
      vertex 324.2022360289651 0.20791169081775934 -332.28979204864595
    endloop
  endfacet
  facet normal -0.42529437434360823 0 0.9050550785182518
    outer loop
      vertex 324.2022360289651 -0.20791169081775934 -332.28979204864595
      vertex 324.2022360289651 0.20791169081775934 -332.28979204864595
      vertex 324.1935796843273 0.2486898871648548 -332.29385975100377
    endloop
  endfacet
  facet normal -0.4252943743474623 0 0.9050550785164407
    outer loop
      vertex 324.1437675312774 -0.4067366430758002 -332.31726697667347
      vertex 324.1437675312774 0.4067366430758002 -332.31726697667347
      vertex 324.1276270528739 0.44463517918492745 -332.32485154785286
    endloop
  endfacet
  facet normal -0.425294374351461 0 0.9050550785145617
    outer loop
      vertex 324.1833854483865 -0.2890317969444718 -332.2986501237659
      vertex 324.1833854483865 0.2890317969444716 -332.2986501237659
      vertex 324.17167120529666 0.32886664673858323 -332.30415476299083
    endloop
  endfacet
  facet normal -0.4252943743467496 0 0.9050550785167756
    outer loop
      vertex 324.1935796843273 -0.24868988716485443 -332.29385975100377
      vertex 324.1935796843273 0.2486898871648548 -332.29385975100377
      vertex 324.1833854483865 0.2890317969444716 -332.2986501237659
    endloop
  endfacet
  facet normal -0.4252943743478175 0 0.9050550785162738
    outer loop
      vertex 324.17167120529666 -0.32886664673858307 -332.30415476299083
      vertex 324.17167120529666 0.32886664673858323 -332.30415476299083
      vertex 324.15845750582065 0.368124552684678 -332.3103640116707
    endloop
  endfacet
  facet normal -0.42529437434890005 0 0.905055078515765
    outer loop
      vertex 324.15845750582065 -0.36812455268467836 -332.3103640116707
      vertex 324.15845750582065 0.368124552684678 -332.3103640116707
      vertex 324.1437675312774 0.4067366430758002 -332.31726697667347
    endloop
  endfacet
  facet normal -0.4252943743487353 0 0.9050550785158425
    outer loop
      vertex 324.1276270528739 -0.4446351791849271 -332.32485154785286
      vertex 324.1276270528739 0.44463517918492745 -332.32485154785286
      vertex 324.1100643864939 0.4817536741017153 -332.3331044192938
    endloop
  endfacet
  facet normal -0.4252943743481571 0 0.9050550785161142
    outer loop
      vertex 324.1100643864939 -0.4817536741017154 -332.3331044192938
      vertex 324.1100643864939 0.4817536741017153 -332.3331044192938
      vertex 324.0911103430221 0.5180270093731302 -332.3420111126554
    endloop
  endfacet
  facet normal -0.4252943743485161 0 0.9050550785159454
    outer loop
      vertex 324.0911103430221 -0.51802700937313 -332.3420111126554
      vertex 324.0911103430221 0.5180270093731302 -332.3420111126554
      vertex 324.0707981742912 0.5533915492433441 -332.3515560025711
    endloop
  endfacet
  facet normal -0.425294374348758 0 0.9050550785158319
    outer loop
      vertex 324.0707981742912 -0.5533915492433443 -332.3515560025711
      vertex 324.0707981742912 0.5533915492433441 -332.3515560025711
      vertex 324.04916351474753 0.5877852522924731 -332.36172234406047
    endloop
  endfacet
  facet normal -0.4252943743482588 0 0.9050550785160664
    outer loop
      vertex 324.04916351474753 -0.5877852522924731 -332.36172234406047
      vertex 324.04916351474753 0.5877852522924731 -332.36172234406047
      vertex 324.02624431893526 0.6211477802783103 -332.37249230190605
    endloop
  endfacet
  facet normal 0.22507804535443995 -0.9685831611285435 0.10576640996867782
    outer loop
      vertex 320.3091578927571 0.9631625667976582 -326.93730479702447
      vertex 323.1102884607055 0.9735789028731603 -332.8029090609559
      vertex 320.34587502744137 0.9735789028731603 -326.9200510506017
    endloop
  endfacet
  facet normal 0.1881715316571954 -0.9781476007338701 0.08842367246591155
    outer loop
      vertex 320.34587502744137 0.9735789028731603 -326.9200510506017
      vertex 323.1473681649979 0.9822872507286887 -332.78548493947164
      vertex 320.3829547317338 0.9822872507286887 -326.90262692911733
    endloop
  endfacet
  facet normal 0.15093490115327807 -0.9859960370704834 0.07092580979553281
    outer loop
      vertex 320.3829547317338 0.9822872507286887 -326.90262692911733
      vertex 323.1847453884973 0.9892723329629883 -332.7679210107557
      vertex 320.42033195523317 0.9892723329629883 -326.88506300040143
    endloop
  endfacet
  facet normal 0.03789977307375579 -0.9991228300988599 0.017809479953170556
    outer loop
      vertex 320.4957162635359 0.9980267284282716 -326.8496391648843
      vertex 323.29800453191086 0.9997806834748455 -332.71469941388193
      vertex 320.53359109864675 0.9997806834748455 -326.83184140352773
    endloop
  endfacet
  facet normal 0.11343347954418448 -0.9921147013144815 0.05330351915377101
    outer loop
      vertex 320.42033195523317 0.9892723329629883 -326.88506300040143
      vertex 323.2223545588528 0.9945218953682733 -332.7502480879073
      vertex 320.4579411255887 0.9945218953682733 -326.86739007755307
    endloop
  endfacet
  facet normal 0.07573305706725955 -0.9964928592494972 0.035587716026871594
    outer loop
      vertex 320.4957162635359 0.9980267284282716 -326.8496391648843
      vertex 320.4579411255887 0.9945218953682733 -326.86739007755307
      vertex 323.26012969680005 0.9980267284282716 -332.73249717523856
    endloop
  endfacet
  facet normal -0.46884297564155114 -0.8553642601605567 -0.2203139728468433
    outer loop
      vertex 321.0374979041193 0.8443279255020151 -326.5950505886364
      vertex 321.0050726813766 0.8660254037844386 -326.61028752299194
      vertex 323.8019113373834 0.8443279255020151 -332.47790859899067
    endloop
  endfacet
  facet normal -0.43601360933933647 -0.8763066800439728 -0.20488712741701223
    outer loop
      vertex 321.0050726813766 0.8660254037844386 -326.61028752299194
      vertex 320.97185357156013 0.8862035792312147 -326.62589751277176
      vertex 323.7694861146407 0.8660254037844386 -332.49314553334614
    endloop
  endfacet
  facet normal -0.40241932700822597 -0.8957117602394018 -0.18910084034471936
    outer loop
      vertex 320.9378988522765 0.9048270524660195 -326.64185317274945
      vertex 323.73626700482424 0.8862035792312147 -332.50875552312596
      vertex 320.97185357156013 0.8862035792312147 -326.62589751277176
    endloop
  endfacet
  facet normal -0.368119064434663 -0.91354545764243 -0.1729828061416257
    outer loop
      vertex 320.9378988522765 0.9048270524660195 -326.64185317274945
      vertex 320.90326809164117 0.9218631515885005 -326.65812651127567
      vertex 323.70231228554064 0.9048270524660195 -332.5247111831037
    endloop
  endfacet
  facet normal -0.11343347954418448 -0.9921147013144815 -0.053303519153771
    outer loop
      vertex 320.684758329004 0.9892723329629883 -326.7608064199307
      vertex 320.64714915864846 0.9945218953682733 -326.77847934277906
      vertex 323.4491717622681 0.9892723329629883 -332.64366443028496
    endloop
  endfacet
  facet normal -0.1509349011532778 -0.9859960370704833 -0.07092580979553337
    outer loop
      vertex 320.684758329004 0.9892723329629883 -326.7608064199307
      vertex 323.4865489857675 0.9822872507286887 -332.626100501569
      vertex 320.7221355525034 0.9822872507286887 -326.7432424912148
    endloop
  endfacet
  facet normal -0.2250780453539206 -0.968583161128691 -0.10576640996843377
    outer loop
      vertex 320.75921525679576 0.9735789028731603 -326.7258183697305
      vertex 323.56034582474416 0.9631625667976582 -332.59142263366186
      vertex 320.79593239148005 0.9631625667976582 -326.70856462330767
    endloop
  endfacet
  facet normal -0.1881715316576326 -0.9781476007337669 -0.08842367246612051
    outer loop
      vertex 320.7221355525034 0.9822872507286887 -326.7432424912148
      vertex 323.5236286900599 0.9735789028731603 -332.6086763800847
      vertex 320.75921525679576 0.9735789028731603 -326.7258183697305
    endloop
  endfacet
  facet normal -0.0378997730738023 -0.9991228300988578 -0.017809479953192413
    outer loop
      vertex 320.5714991855904 0.9997806834748455 -326.81402801680446
      vertex 323.37378745396535 0.9980267284282716 -332.6790882658021
      vertex 320.60937402070124 0.9980267284282716 -326.7962302554479
    endloop
  endfacet
  facet normal 0 -1 0
    outer loop
      vertex 320.53359109864675 0.9997806834748455 -326.83184140352773
      vertex 323.33591261885454 0.9997806834748455 -332.6968860271587
      vertex 320.5714991855904 0.9997806834748455 -326.81402801680446
    endloop
  endfacet
  facet normal -0.07573305706712355 -0.9964928592495096 -0.03558771602680695
    outer loop
      vertex 320.64714915864846 0.9945218953682733 -326.77847934277906
      vertex 320.60937402070124 0.9980267284282716 -326.7962302554479
      vertex 323.41156259191257 0.9945218953682733 -332.6613373531333
    endloop
  endfacet
  facet normal -0.333172995933687 -0.9297764858882626 -0.15656130131627322
    outer loop
      vertex 320.90326809164117 0.9218631515885005 -326.65812651127567
      vertex 320.8680220437759 0.9372819894918915 -326.674688979385
      vertex 323.6676815249053 0.9218631515885005 -332.54098452163
    endloop
  endfacet
  facet normal -0.29764242878543845 -0.9443763702374257 -0.1398651347687833
    outer loop
      vertex 320.8680220437759 0.9372819894918915 -326.674688979385
      vertex 320.8322225422254 0.9510565162951535 -326.69151152088034
      vertex 323.63243547704 0.9372819894918915 -332.5575469897393
    endloop
  endfacet
  facet normal -0.2615896956770198 -0.9573194975321307 -0.12292359724818018
    outer loop
      vertex 320.8322225422254 0.9510565162951535 -326.69151152088034
      vertex 320.79593239148005 0.9631625667976582 -326.70856462330767
      vertex 323.5966359754895 0.9510565162951535 -332.57436953123465
    endloop
  endfacet
  facet normal 0.7641632769087633 -0.5358267949785526 0.35908791682131713
    outer loop
      vertex 319.7783933744792 0.51802700937313 -327.18671631803096
      vertex 322.5101131395195 0.51802700937313 -333
      vertex 319.79870554321 0.553391549243344 -327.17717142811534
    endloop
  endfacet
  facet normal 0.7431852619458543 -0.5707135676844781 0.34923013914512985
    outer loop
      vertex 319.79870554321 0.553391549243344 -327.17717142811534
      vertex 322.53491054686316 0.553391549243344 -333
      vertex 319.82034020275375 0.5877852522924731 -327.167005086626
    endloop
  endfacet
  facet normal 0.7209034474975821 -0.6045991148626347 0.3387596931357382
    outer loop
      vertex 319.82034020275375 0.5877852522924731 -327.167005086626
      vertex 322.56132247128915 0.5877852522924731 -333
      vertex 319.84325939856603 0.6211477802783104 -327.15623512878034
    endloop
  endfacet
  facet normal 0.6973569234383314 -0.6374239897483653 0.3276949475135392
    outer loop
      vertex 319.84325939856603 0.6211477802783104 -327.15623512878034
      vertex 322.58930257730725 0.6211477802783104 -333
      vertex 319.8674229225894 0.6534206039901056 -327.1448804487443
    endloop
  endfacet
  facet normal 0.6725869983707378 -0.6691306063594599 0.31605531360137373
    outer loop
      vertex 319.8674229225894 0.6534206039901056 -327.1448804487443
      vertex 322.6188017783038 0.6534206039901056 -333
      vertex 319.892788383792 0.6845471059286885 -327.1329609664848
    endloop
  endfacet
  facet normal 0.6466371271626052 -0.6996633405133924 0.30386121127339283
    outer loop
      vertex 319.892788383792 0.6845471059286885 -327.1329609664848
      vertex 322.64976832265637 0.6845471059286885 -333
      vertex 319.9193112825355 0.7144726796328034 -327.12049759282417
    endloop
  endfacet
  facet normal 0.591381636047671 -0.7569950556523197 0.2778961069599956
    outer loop
      vertex 319.94694508864296 0.7431448254773942 -327.1075121927548
      vertex 322.7400547562927 0.7705132427757894 -332.97688555743514
      vertex 319.9756413230286 0.7705132427757894 -327.0940275470808
    endloop
  endfacet
  facet normal 0.619552834704838 -0.7289686274207635 0.2911340331281927
    outer loop
      vertex 319.94694508864296 0.7431448254773942 -327.1075121927548
      vertex 319.9193112825355 0.7144726796328034 -327.12049759282417
      vertex 322.7113585219071 0.7431448254773942 -332.990370203109
    endloop
  endfacet
  facet normal 0.562172953050258 -0.7836934573254796 0.26417065659150907
    outer loop
      vertex 319.9756413230286 0.7705132427757894 -327.0940275470808
      vertex 322.7697630760102 0.7965299180241963 -332.9629253228072
      vertex 320.00534964274607 0.7965299180241963 -327.080067312453
    endloop
  endfacet
  facet normal 0.5319780276638915 -0.8090169943751407 0.24998176112478543
    outer loop
      vertex 320.00534964274607 0.7965299180241963 -327.080067312453
      vertex 322.8004313625719 0.821149209133704 -332.94851399022076
      vertex 320.0360179293078 0.821149209133704 -327.0656559798665
    endloop
  endfacet
  facet normal 0.5008498320509842 -0.8329212407097767 0.23535431270530566
    outer loop
      vertex 320.0360179293078 0.821149209133704 -327.0656559798665
      vertex 322.83200581338195 0.844327925502015 -332.93367684205
      vertex 320.06759238011784 0.844327925502015 -327.0508188316958
    endloop
  endfacet
  facet normal 0.4688429756415529 -0.8553642601605554 0.22031397284684412
    outer loop
      vertex 320.06759238011784 0.844327925502015 -327.0508188316958
      vertex 322.86443103612464 0.8660254037844386 -332.9184399076945
      vertex 320.10001760286053 0.8660254037844386 -327.03558189734025
    endloop
  endfacet
  facet normal 0.43601360933955696 -0.8763066800438388 0.20488712741711584
    outer loop
      vertex 320.133236712677 0.8862035792312147 -327.0199719075605
      vertex 320.10001760286053 0.8660254037844386 -327.03558189734025
      vertex 322.8976501459411 0.8862035792312147 -332.9028299179147
    endloop
  endfacet
  facet normal 0.4024193270080178 -0.8957117602395159 0.18910084034462157
    outer loop
      vertex 320.133236712677 0.8862035792312147 -327.0199719075605
      vertex 322.93160486522476 0.9048270524660195 -332.88687425793694
      vertex 320.16719143196065 0.9048270524660195 -327.00401624758274
    endloop
  endfacet
  facet normal 0.3681190644344697 -0.9135454576425256 0.17298280614153297
    outer loop
      vertex 320.16719143196065 0.9048270524660195 -327.00401624758274
      vertex 322.96623562586007 0.9218631515885005 -332.87060091941066
      vertex 320.20182219259596 0.9218631515885005 -326.98774290905646
    endloop
  endfacet
  facet normal 0.3331729959336858 -0.9297764858882624 0.1565613013162757
    outer loop
      vertex 320.20182219259596 0.9218631515885005 -326.98774290905646
      vertex 323.0014816737253 0.9372819894918915 -332.85403845130134
      vertex 320.2370682404612 0.9372819894918915 -326.97118044094714
    endloop
  endfacet
  facet normal 0.29764242878509206 -0.9443763702375585 0.13986513476862325
    outer loop
      vertex 320.2370682404612 0.9372819894918915 -326.97118044094714
      vertex 323.0372811752759 0.9510565162951535 -332.837215909806
      vertex 320.2728677420118 0.9510565162951535 -326.9543578994518
    endloop
  endfacet
  facet normal 0.2615896956770198 -0.9573194975321307 0.12292359724818021
    outer loop
      vertex 320.2728677420118 0.9510565162951535 -326.9543578994518
      vertex 323.07357132602124 0.9631625667976582 -332.8201628073788
      vertex 320.3091578927571 0.9631625667976582 -326.93730479702447
    endloop
  endfacet
  facet normal 0.783800689819001 -0.5000000000000115 0.36831573227225406
    outer loop
      vertex 319.7783933744792 0.51802700937313 -327.18671631803096
      vertex 322.4869737523369 0.4817536741017154 -333
      vertex 322.5101131395195 0.51802700937313 -333
    endloop
  endfacet
  facet normal 0.7641632769083934 -0.5358267949791925 0.35908791682114877
    outer loop
      vertex 319.79870554321 0.553391549243344 -327.17717142811534
      vertex 322.5101131395195 0.51802700937313 -333
      vertex 322.53491054686316 0.553391549243344 -333
    endloop
  endfacet
  facet normal 0.7431852619462068 -0.5707135676839205 0.34923013914529055
    outer loop
      vertex 319.82034020275375 0.5877852522924731 -327.167005086626
      vertex 322.53491054686316 0.553391549243344 -333
      vertex 322.56132247128915 0.5877852522924731 -333
    endloop
  endfacet
  facet normal 0.7209034474978001 -0.6045991148623189 0.3387596931358378
    outer loop
      vertex 319.84325939856603 0.6211477802783104 -327.15623512878034
      vertex 322.56132247128915 0.5877852522924731 -333
      vertex 322.58930257730725 0.6211477802783104 -333
    endloop
  endfacet
  facet normal 0.697356923437947 -0.637423989748876 0.3276949475133633
    outer loop
      vertex 319.8674229225894 0.6534206039901056 -327.1448804487443
      vertex 322.58930257730725 0.6211477802783104 -333
      vertex 322.6188017783038 0.6534206039901056 -333
    endloop
  endfacet
  facet normal 0.6725869983708301 -0.6691306063593473 0.31605531360141603
    outer loop
      vertex 319.892788383792 0.6845471059286885 -327.1329609664848
      vertex 322.6188017783038 0.6534206039901056 -333
      vertex 322.64976832265637 0.6845471059286885 -333
    endloop
  endfacet
  facet normal 0.6466371271624689 -0.6996633405135455 0.3038612112733304
    outer loop
      vertex 319.9193112825355 0.7144726796328034 -327.12049759282417
      vertex 322.64976832265637 0.6845471059286885 -333
      vertex 322.6821478845236 0.7144726796328034 -333
    endloop
  endfacet
  facet normal 0.6195528347048301 -0.728968627420772 0.29113403312818886
    outer loop
      vertex 319.9193112825355 0.7144726796328034 -327.12049759282417
      vertex 322.6821478845236 0.7144726796328034 -333
      vertex 322.7113585219071 0.7431448254773942 -332.990370203109
    endloop
  endfacet
  facet normal 0.5621729530497462 -0.7836934573259295 0.26417065659126343
    outer loop
      vertex 319.9756413230286 0.7705132427757894 -327.0940275470808
      vertex 322.7400547562927 0.7705132427757894 -332.97688555743514
      vertex 322.7697630760102 0.7965299180241963 -332.9629253228072
    endloop
  endfacet
  facet normal 0.5913816360481878 -0.756995055651825 0.27789610696024386
    outer loop
      vertex 319.94694508864296 0.7431448254773942 -327.1075121927548
      vertex 322.7113585219071 0.7431448254773942 -332.990370203109
      vertex 322.7400547562927 0.7705132427757894 -332.97688555743514
    endloop
  endfacet
  facet normal 0.5319780276641417 -0.8090169943749393 0.24998176112490547
    outer loop
      vertex 320.00534964274607 0.7965299180241963 -327.080067312453
      vertex 322.7697630760102 0.7965299180241963 -332.9629253228072
      vertex 322.8004313625719 0.821149209133704 -332.94851399022076
    endloop
  endfacet
  facet normal 0.5008498320507457 -0.8329212407099525 0.2353543127051913
    outer loop
      vertex 320.0360179293078 0.821149209133704 -327.0656559798665
      vertex 322.8004313625719 0.821149209133704 -332.94851399022076
      vertex 322.83200581338195 0.844327925502015 -332.93367684205
    endloop
  endfacet
  facet normal 0.4688429756417834 -0.8553642601604006 0.22031397284695456
    outer loop
      vertex 320.06759238011784 0.844327925502015 -327.0508188316958
      vertex 322.83200581338195 0.844327925502015 -332.93367684205
      vertex 322.86443103612464 0.8660254037844386 -332.9184399076945
    endloop
  endfacet
  facet normal 0.43601360933933847 -0.8763066800439719 0.2048871274170112
    outer loop
      vertex 320.10001760286053 0.8660254037844386 -327.03558189734025
      vertex 322.86443103612464 0.8660254037844386 -332.9184399076945
      vertex 322.8976501459411 0.8862035792312147 -332.9028299179147
    endloop
  endfacet
  facet normal -0.7431852619463765 -0.5707135676836511 -0.34923013914536977
    outer loop
      vertex 321.3063847410271 0.5533915492433441 -326.46869799221685
      vertex 321.2847500814834 0.5877852522924731 -326.4788643337062
      vertex 324.0707981742912 0.5533915492433441 -332.3515560025711
    endloop
  endfacet
  facet normal -0.720903447497046 -0.6045991148634153 -0.3387596931354859
    outer loop
      vertex 321.2847500814834 0.5877852522924731 -326.4788643337062
      vertex 321.2618308856711 0.6211477802783103 -326.48963429155185
      vertex 324.04916351474753 0.5877852522924731 -332.36172234406047
    endloop
  endfacet
  facet normal -0.6973569234383258 -0.6374239897483664 -0.32769494751354883
    outer loop
      vertex 321.2618308856711 0.6211477802783103 -326.48963429155185
      vertex 321.2376673616477 0.6534206039901054 -326.5009889715879
      vertex 324.02624431893526 0.6211477802783103 -332.37249230190605
    endloop
  endfacet
  facet normal -0.7641632769080233 -0.5358267949798408 -0.3590879168209693
    outer loop
      vertex 321.32669690975797 0.5180270093731302 -326.4591531023012
      vertex 321.3063847410271 0.5533915492433441 -326.46869799221685
      vertex 324.0911103430221 0.5180270093731302 -332.3420111126554
    endloop
  endfacet
  facet normal -0.6725869983715557 -0.6691306063584576 -0.3160553136017557
    outer loop
      vertex 321.2376673616477 0.6534206039901054 -326.5009889715879
      vertex 321.2123019004452 0.6845471059286887 -326.51290845384733
      vertex 324.0020807949118 0.6534206039901054 -332.38384698194216
    endloop
  endfacet
  facet normal -0.6466371271623411 -0.6996633405136897 -0.3038612112732704
    outer loop
      vertex 321.2123019004452 0.6845471059286887 -326.51290845384733
      vertex 321.1857790017017 0.7144726796328034 -326.525371827508
      vertex 323.9767153337093 0.6845471059286887 -332.39576646420153
    endloop
  endfacet
  facet normal -0.5913816360484754 -0.7569950556515513 -0.2778961069603763
    outer loop
      vertex 321.15814519559416 0.7431448254773942 -326.53835722757736
      vertex 321.1294489612086 0.7705132427757891 -326.5518418732513
      vertex 323.92255862885827 0.7431448254773942 -332.4212152379316
    endloop
  endfacet
  facet normal -0.5621729530497198 -0.783693457325951 -0.2641706565912562
    outer loop
      vertex 321.1294489612086 0.7705132427757891 -326.5518418732513
      vertex 321.09974064149105 0.7965299180241963 -326.5658021078791
      vertex 323.8938623944727 0.7705132427757891 -332.4346998836055
    endloop
  endfacet
  facet normal -0.6195528347042834 -0.7289686274213392 -0.29113403312793207
    outer loop
      vertex 321.1857790017017 0.7144726796328034 -326.525371827508
      vertex 321.15814519559416 0.7431448254773942 -326.53835722757736
      vertex 323.9501924349658 0.7144726796328034 -332.4082298378622
    endloop
  endfacet
  facet normal -0.5319780276638915 -0.8090169943751407 -0.24998176112478543
    outer loop
      vertex 321.06907235492935 0.821149209133704 -326.5802134404656
      vertex 323.86415407475516 0.7965299180241963 -332.44866011823336
      vertex 321.09974064149105 0.7965299180241963 -326.5658021078791
    endloop
  endfacet
  facet normal -0.5008498320507433 -0.8329212407099523 -0.23535431270519727
    outer loop
      vertex 321.06907235492935 0.821149209133704 -326.5802134404656
      vertex 321.0374979041193 0.8443279255020151 -326.5950505886364
      vertex 323.8334857881935 0.821149209133704 -332.4630714508198
    endloop
  endfacet
  facet normal -0.5913816360487342 -0.7569950556513038 -0.27789610696050054
    outer loop
      vertex 321.1294489612086 0.7705132427757891 -326.5518418732513
      vertex 323.8938623944727 0.7705132427757891 -332.4346998836055
      vertex 323.92255862885827 0.7431448254773942 -332.4212152379316
    endloop
  endfacet
  facet normal 0.4024193270080165 -0.8957117602395166 0.18910084034462094
    outer loop
      vertex 320.133236712677 0.8862035792312147 -327.0199719075605
      vertex 322.8976501459411 0.8862035792312147 -332.9028299179147
      vertex 322.93160486522476 0.9048270524660195 -332.88687425793694
    endloop
  endfacet
  facet normal 0.36811906443447223 -0.9135454576425243 0.17298280614153416
    outer loop
      vertex 320.16719143196065 0.9048270524660195 -327.00401624758274
      vertex 322.93160486522476 0.9048270524660195 -332.88687425793694
      vertex 322.96623562586007 0.9218631515885005 -332.87060091941066
    endloop
  endfacet
  facet normal 0.33317299593368394 -0.9297764858882632 0.15656130131627483
    outer loop
      vertex 320.20182219259596 0.9218631515885005 -326.98774290905646
      vertex 322.96623562586007 0.9218631515885005 -332.87060091941066
      vertex 323.0014816737253 0.9372819894918915 -332.85403845130134
    endloop
  endfacet
  facet normal 0.29764242878509234 -0.9443763702375585 0.13986513476862336
    outer loop
      vertex 320.2370682404612 0.9372819894918915 -326.97118044094714
      vertex 323.0014816737253 0.9372819894918915 -332.85403845130134
      vertex 323.0372811752759 0.9510565162951535 -332.837215909806
    endloop
  endfacet
  facet normal 0.26158969567730816 -0.9573194975320342 0.12292359724831806
    outer loop
      vertex 320.2728677420118 0.9510565162951535 -326.9543578994518
      vertex 323.0372811752759 0.9510565162951535 -332.837215909806
      vertex 323.07357132602124 0.9631625667976582 -332.8201628073788
    endloop
  endfacet
  facet normal 0.1881715316574068 -0.9781476007338202 0.08842367246601258
    outer loop
      vertex 320.34587502744137 0.9735789028731603 -326.9200510506017
      vertex 323.1102884607055 0.9735789028731603 -332.8029090609559
      vertex 323.1473681649979 0.9822872507286887 -332.78548493947164
    endloop
  endfacet
  facet normal 0.22507804535418938 -0.9685831611286148 0.10576640996855803
    outer loop
      vertex 320.3091578927571 0.9631625667976582 -326.93730479702447
      vertex 323.07357132602124 0.9631625667976582 -332.8201628073788
      vertex 323.1102884607055 0.9735789028731603 -332.8029090609559
    endloop
  endfacet
  facet normal 0.11343347954418376 -0.9921147013144815 0.05330351915377066
    outer loop
      vertex 320.42033195523317 0.9892723329629883 -326.88506300040143
      vertex 323.1847453884973 0.9892723329629883 -332.7679210107557
      vertex 323.2223545588528 0.9945218953682733 -332.7502480879073
    endloop
  endfacet
  facet normal 0.15093490115319186 -0.9859960370704995 0.07092580979549162
    outer loop
      vertex 320.3829547317338 0.9822872507286887 -326.90262692911733
      vertex 323.1473681649979 0.9822872507286887 -332.78548493947164
      vertex 323.1847453884973 0.9892723329629883 -332.7679210107557
    endloop
  endfacet
  facet normal 0.03789977307378083 -0.9991228300988588 0.017809479953182522
    outer loop
      vertex 320.4957162635359 0.9980267284282716 -326.8496391648843
      vertex 323.26012969680005 0.9980267284282716 -332.73249717523856
      vertex 323.29800453191086 0.9997806834748455 -332.71469941388193
    endloop
  endfacet
  facet normal 0 -1 0
    outer loop
      vertex 320.53359109864675 0.9997806834748455 -326.83184140352773
      vertex 323.29800453191086 0.9997806834748455 -332.71469941388193
      vertex 323.33591261885454 0.9997806834748455 -332.6968860271587
    endloop
  endfacet
  facet normal -0.07573305706716672 -0.9964928592495056 -0.03558771602682759
    outer loop
      vertex 320.60937402070124 0.9980267284282716 -326.7962302554479
      vertex 323.37378745396535 0.9980267284282716 -332.6790882658021
      vertex 323.41156259191257 0.9945218953682733 -332.6613373531333
    endloop
  endfacet
  facet normal -0.03789977307378083 -0.9991228300988588 -0.017809479953182154
    outer loop
      vertex 320.5714991855904 0.9997806834748455 -326.81402801680446
      vertex 323.33591261885454 0.9997806834748455 -332.6968860271587
      vertex 323.37378745396535 0.9980267284282716 -332.6790882658021
    endloop
  endfacet
  facet normal 0.07573305706716747 -0.9964928592495056 0.03558771602682759
    outer loop
      vertex 320.4579411255887 0.9945218953682733 -326.86739007755307
      vertex 323.2223545588528 0.9945218953682733 -332.7502480879073
      vertex 323.26012969680005 0.9980267284282716 -332.73249717523856
    endloop
  endfacet
  facet normal -0.531978027664669 -0.8090169943745146 -0.24998176112515835
    outer loop
      vertex 321.06907235492935 0.821149209133704 -326.5802134404656
      vertex 323.8334857881935 0.821149209133704 -332.4630714508198
      vertex 323.86415407475516 0.7965299180241963 -332.44866011823336
    endloop
  endfacet
  facet normal -0.5621729530494638 -0.7836934573261761 -0.2641706565911333
    outer loop
      vertex 321.09974064149105 0.7965299180241963 -326.5658021078791
      vertex 323.86415407475516 0.7965299180241963 -332.44866011823336
      vertex 323.8938623944727 0.7705132427757891 -332.4346998836055
    endloop
  endfacet
  facet normal -0.5008498320499961 -0.8329212407105028 -0.23535431270483909
    outer loop
      vertex 321.0374979041193 0.8443279255020151 -326.5950505886364
      vertex 323.8019113373834 0.8443279255020151 -332.47790859899067
      vertex 323.8334857881935 0.821149209133704 -332.4630714508198
    endloop
  endfacet
  facet normal -0.4688429756417816 -0.8553642601604018 -0.22031397284695375
    outer loop
      vertex 321.0050726813766 0.8660254037844386 -326.61028752299194
      vertex 323.7694861146407 0.8660254037844386 -332.49314553334614
      vertex 323.8019113373834 0.8443279255020151 -332.47790859899067
    endloop
  endfacet
  facet normal -0.4360136093393351 -0.8763066800439735 -0.20488712741701157
    outer loop
      vertex 320.97185357156013 0.8862035792312147 -326.62589751277176
      vertex 323.73626700482424 0.8862035792312147 -332.50875552312596
      vertex 323.7694861146407 0.8660254037844386 -332.49314553334614
    endloop
  endfacet
  facet normal -0.40241932700845695 -0.8957117602392747 -0.18910084034482996
    outer loop
      vertex 320.9378988522765 0.9048270524660195 -326.64185317274945
      vertex 323.70231228554064 0.9048270524660195 -332.5247111831037
      vertex 323.73626700482424 0.8862035792312147 -332.50875552312596
    endloop
  endfacet
  facet normal -0.3681190644340571 -0.9135454576427292 -0.17298280614133577
    outer loop
      vertex 320.90326809164117 0.9218631515885005 -326.65812651127567
      vertex 323.6676815249053 0.9218631515885005 -332.54098452163
      vertex 323.70231228554064 0.9048270524660195 -332.5247111831037
    endloop
  endfacet
  facet normal -0.33317299593368566 -0.929776485888263 -0.1565613013162726
    outer loop
      vertex 320.8680220437759 0.9372819894918915 -326.674688979385
      vertex 323.63243547704 0.9372819894918915 -332.5575469897393
      vertex 323.6676815249053 0.9218631515885005 -332.54098452163
    endloop
  endfacet
  facet normal -0.15093490115319239 -0.9859960370704993 -0.07092580979549255
    outer loop
      vertex 320.684758329004 0.9892723329629883 -326.7608064199307
      vertex 323.4491717622681 0.9892723329629883 -332.64366443028496
      vertex 323.4865489857675 0.9822872507286887 -332.626100501569
    endloop
  endfacet
  facet normal -0.1881715316574068 -0.9781476007338202 -0.08842367246601258
    outer loop
      vertex 320.7221355525034 0.9822872507286887 -326.7432424912148
      vertex 323.4865489857675 0.9822872507286887 -332.626100501569
      vertex 323.5236286900599 0.9735789028731603 -332.6086763800847
    endloop
  endfacet
  facet normal -0.2976424287854387 -0.9443763702374255 -0.13986513476878343
    outer loop
      vertex 320.8322225422254 0.9510565162951535 -326.69151152088034
      vertex 323.5966359754895 0.9510565162951535 -332.57436953123465
      vertex 323.63243547704 0.9372819894918915 -332.5575469897393
    endloop
  endfacet
  facet normal -0.26158969567730816 -0.9573194975320342 -0.12292359724831806
    outer loop
      vertex 320.79593239148005 0.9631625667976582 -326.70856462330767
      vertex 323.56034582474416 0.9631625667976582 -332.59142263366186
      vertex 323.5966359754895 0.9510565162951535 -332.57436953123465
    endloop
  endfacet
  facet normal -0.22507804535418804 -0.9685831611286148 -0.10576640996856164
    outer loop
      vertex 320.75921525679576 0.9735789028731603 -326.7258183697305
      vertex 323.5236286900599 0.9735789028731603 -332.6086763800847
      vertex 323.56034582474416 0.9631625667976582 -332.59142263366186
    endloop
  endfacet
  facet normal -0.11343347954418376 -0.9921147013144815 -0.05330351915377066
    outer loop
      vertex 320.64714915864846 0.9945218953682733 -326.77847934277906
      vertex 323.41156259191257 0.9945218953682733 -332.6613373531333
      vertex 323.4491717622681 0.9892723329629883 -332.64366443028496
    endloop
  endfacet
  facet normal -0.7838006898194281 -0.4999999999991942 -0.3683157322724547
    outer loop
      vertex 324.1100643864939 0.4817536741017153 -332.3331044192938
      vertex 321.32669690975797 0.5180270093731302 -326.4591531023012
      vertex 324.0911103430221 0.5180270093731302 -332.3420111126554
    endloop
  endfacet
  facet normal -0.764163276908023 -0.5358267949798415 -0.35908791682096913
    outer loop
      vertex 321.3063847410271 0.5533915492433441 -326.46869799221685
      vertex 324.0707981742912 0.5533915492433441 -332.3515560025711
      vertex 324.0911103430221 0.5180270093731302 -332.3420111126554
    endloop
  endfacet
  facet normal -0.7209034474978274 -0.6045991148622721 -0.3387596931358633
    outer loop
      vertex 321.2618308856711 0.6211477802783103 -326.48963429155185
      vertex 324.02624431893526 0.6211477802783103 -332.37249230190605
      vertex 324.04916351474753 0.5877852522924731 -332.36172234406047
    endloop
  endfacet
  facet normal -0.7431852619463766 -0.5707135676836509 -0.3492301391453698
    outer loop
      vertex 321.2847500814834 0.5877852522924731 -326.4788643337062
      vertex 324.04916351474753 0.5877852522924731 -332.36172234406047
      vertex 324.0707981742912 0.5533915492433441 -332.3515560025711
    endloop
  endfacet
  facet normal -0.6973569234375276 -0.6374239897494376 -0.3276949475131638
    outer loop
      vertex 321.2376673616477 0.6534206039901054 -326.5009889715879
      vertex 324.0020807949118 0.6534206039901054 -332.38384698194216
      vertex 324.02624431893526 0.6211477802783103 -332.37249230190605
    endloop
  endfacet
  facet normal -0.6725869983718138 -0.6691306063581391 -0.31605531360188005
    outer loop
      vertex 321.2123019004452 0.6845471059286887 -326.51290845384733
      vertex 323.9767153337093 0.6845471059286887 -332.39576646420153
      vertex 324.0020807949118 0.6534206039901054 -332.38384698194216
    endloop
  endfacet
  facet normal -0.6466371271623366 -0.6996633405136947 -0.3038612112732683
    outer loop
      vertex 321.1857790017017 0.7144726796328034 -326.525371827508
      vertex 323.9501924349658 0.7144726796328034 -332.4082298378622
      vertex 323.9767153337093 0.6845471059286887 -332.39576646420153
    endloop
  endfacet
  facet normal -0.6195528347040196 -0.728968627421614 -0.2911340331278053
    outer loop
      vertex 321.15814519559416 0.7431448254773942 -326.53835722757736
      vertex 323.92255862885827 0.7431448254773942 -332.4212152379316
      vertex 323.9501924349658 0.7144726796328034 -332.4082298378622
    endloop
  endfacet
  facet normal 0.6195528347047767 -0.7289686274207677 0.2911340331283127
    outer loop
      vertex 322.7113585219071 0.7431448254773942 -332.990370203109
      vertex 322.6821478845236 0.7144726796328034 -333
      vertex 322.69086566541307 0.7218819502917014 -333
    endloop
  endfacet
  facet normal -0.06255393191669263 0.9973380027691157 -0.037468838176185404
    outer loop
      vertex 316.4601487204399 -3.2920457903561084 -333
      vertex 315.08447797614 -3.385988169725107 -333.20386783546945
      vertex 315.08447797614 -3.37832909034046 -333
    endloop
  endfacet
  facet normal -0.06221809211714522 0.9973697754927968 -0.037181177317976016
    outer loop
      vertex 318.7600048536921 -3.4063851221051595 -339.9
      vertex 315.08447797614 -3.472235027150813 -335.51585789925576
      vertex 315.08447797614 -3.452150531771742 -334.9770995787271
    endloop
  endfacet
  facet normal -0.06247125562765087 0.9973462034195151 -0.037388403883876965
    outer loop
      vertex 320.3312470888207 -3.308367619945274 -339.9
      vertex 315.08447797614 -3.387820669657842 -333.25275028726804
      vertex 315.08447797614 -3.385988169725107 -333.20386783546945
    endloop
  endfacet
  facet normal -0.06234820061231088 0.9973575451234669 -0.03729113923841364
    outer loop
      vertex 320.3312470888207 -3.308367619945274 -339.9
      vertex 315.08447797614 -3.400728682284561 -333.5979771708851
      vertex 315.08447797614 -3.387820669657842 -333.25275028726804
    endloop
  endfacet
  facet normal -0.06255393191669237 0.9973380027691157 -0.03746883817618705
    outer loop
      vertex 316.4601487204399 -3.2920457903561084 -333
      vertex 321.58354624685353 -3.229926753016989 -339.9
      vertex 315.08447797614 -3.385988169725107 -333.20386783546945
    endloop
  endfacet
  facet normal -0.062224314074881965 0.9973691394098594 -0.03718782718507427
    outer loop
      vertex 320.3312470888207 -3.308367619945274 -339.9
      vertex 315.08447797614 -3.452150531771742 -334.9770995787271
      vertex 315.08447797614 -3.400728682284561 -333.5979771708851
    endloop
  endfacet
  facet normal -0.06280712276867637 0.9973150015421673 -0.03765704487167125
    outer loop
      vertex 316.4601487204399 -3.2920457903561084 -333
      vertex 317.71427823261007 -3.2130654620577372 -333
      vertex 321.58354624685353 -3.229926753016989 -339.9
    endloop
  endfacet
  facet normal -0.06280935882116405 0.9973148133929349 -0.037658298308472664
    outer loop
      vertex 317.71427823261007 -3.2130654620577372 -333
      vertex 317.7146527447415 -3.2130418758575425 -333
      vertex 321.58354624685353 -3.229926753016989 -339.9
    endloop
  endfacet
  facet normal -0.06314536167427469 0.9972859321342552 -0.03786070345535911
    outer loop
      vertex 317.7146527447415 -3.2130418758575425 -333
      vertex 318.00257341052173 -3.194811542922551 -333
      vertex 321.8710467264133 -3.2118204133338915 -339.9
    endloop
  endfacet
  facet normal -0.06320623062282918 0.9972807805567705 -0.03789481682937876
    outer loop
      vertex 318.00257341052173 -3.194811542922551 -333
      vertex 318.00417014432065 -3.1947103442163236 -333
      vertex 321.8710467264133 -3.2118204133338915 -339.9
    endloop
  endfacet
  facet normal -0.06346554831251583 0.997257012467706 -0.03808641833222756
    outer loop
      vertex 318.00417014432065 -3.1947103442163236 -333
      vertex 318.00609883550635 -3.1945876020925827 -333
      vertex 323.0968060393868 -3.1341335398532046 -339.9
    endloop
  endfacet
  facet normal -0.0635420597016735 0.9972493482140546 -0.03815945669834043
    outer loop
      vertex 318.00609883550635 -3.1945876020925827 -333
      vertex 319.2336494987007 -3.116371358916076 -333
      vertex 324.5773979729525 -3.0399085028614237 -339.9
    endloop
  endfacet
  facet normal -0.06368798295272145 0.9972357030589402 -0.038272619089308076
    outer loop
      vertex 319.2336494987007 -3.116371358916076 -333
      vertex 319.2340072552468 -3.1163485109647433 -333
      vertex 324.5773979729525 -3.0399085028614237 -339.9
    endloop
  endfacet
  facet normal -0.06380132579926238 0.997224906283493 -0.03836505068594085
    outer loop
      vertex 319.2340072552468 -3.1163485109647433 -333
      vertex 320.71676286576434 -3.021483477820034 -333
      vertex 324.8520357481676 -3.0223688922219014 -339.9
    endloop
  endfacet
  facet normal -0.06396440311180468 0.9972106945966265 -0.03846278352725377
    outer loop
      vertex 320.71676286576434 -3.021483477820034 -333
      vertex 320.71829018267266 -3.0213855106452607 -333
      vertex 324.8520357481676 -3.0223688922219014 -339.9
    endloop
  endfacet
  facet normal -0.0640238500759383 0.9972051130452314 -0.038508559281035255
    outer loop
      vertex 320.71829018267266 -3.0213855106452607 -333
      vertex 320.99332928790506 -3.0037270949311203 -333
      vertex 326.0245060281221 -2.9471627577208834 -339.9
    endloop
  endfacet
  facet normal -0.06413238283349222 0.9971950765991993 -0.03858777887382868
    outer loop
      vertex 320.99332928790506 -3.0037270949311203 -333
      vertex 320.9936780016402 -3.003704668183048 -333
      vertex 326.0245060281221 -2.9471627577208834 -339.9
    endloop
  endfacet
  facet normal -0.06429889106302407 0.9971793914720759 -0.038715808546973096
    outer loop
      vertex 320.9936780016402 -3.003704668183048 -333
      vertex 320.99517047650886 -3.0036084322601893 -333
      vertex 326.29220193878024 -2.929946490783993 -339.9
    endloop
  endfacet
  facet normal -0.06430020706195144 0.9971792587954661 -0.038717040175034315
    outer loop
      vertex 320.99517047650886 -3.0036084322601893 -333
      vertex 322.1693540183283 -2.9278946183177235 -333
      vertex 327.4379251462957 -2.8560693806691764 -339.9
    endloop
  endfacet
  facet normal -0.0644681670040106 0.9971634200302999 -0.03884545271481115
    outer loop
      vertex 322.1693540183283 -2.9278946183177235 -333
      vertex 322.43744108661974 -2.9105623721251157 -333
      vertex 327.4379251462957 -2.8560693806691764 -339.9
    endloop
  endfacet
  facet normal -0.06463468215112106 0.9971479274570954 -0.038966249899663276
    outer loop
      vertex 322.43744108661974 -2.9105623721251157 -333
      vertex 323.5848383812459 -2.8361885932733224 -333
      vertex 327.4379251462957 -2.8560693806691764 -339.9
    endloop
  endfacet
  facet normal -0.06465300698841386 0.9971463397267838 -0.03897647825078151
    outer loop
      vertex 323.5848383812459 -2.8361885932733224 -333
      vertex 323.5851769883037 -2.8361666386578332 -333
      vertex 327.4379251462957 -2.8560693806691764 -339.9
    endloop
  endfacet
  facet normal -0.06498890268516545 0.9971166585864861 -0.03917667286918507
    outer loop
      vertex 323.84549412839146 -2.819199992740568 -333
      vertex 327.6978624976441 -2.839215554178383 -339.9
      vertex 323.5851769883037 -2.8361666386578332 -333
    endloop
  endfacet
  facet normal -0.06508174523385664 0.9971085660169895 -0.03922848471274692
    outer loop
      vertex 323.84549412839146 -2.819199992740568 -333
      vertex 323.84695149867497 -2.8191048694964853 -333
      vertex 327.6978624976441 -2.839215554178383 -339.9
    endloop
  endfacet
  facet normal -0.06532971645175664 0.997085300148796 -0.03940726297928157
    outer loop
      vertex 323.84695149867497 -2.8191048694964853 -333
      vertex 323.8472797332803 -2.8190833633387955 -333
      vertex 328.81663708531147 -2.7661926104706733 -339.9
    endloop
  endfacet
  facet normal -0.06541749915895946 0.9970769137762252 -0.03947377380318887
    outer loop
      vertex 323.8472797332803 -2.8190833633387955 -333
      vertex 324.96768882419735 -2.745574128745077 -333
      vertex 329.06861185065856 -2.749683050083956 -339.9
    endloop
  endfacet
  facet normal -0.06553941672150065 0.9970660363054821 -0.03954622740389664
    outer loop
      vertex 324.96768882419735 -2.745574128745077 -333
      vertex 324.96911055508497 -2.7454806751424905 -333
      vertex 329.06861185065856 -2.749683050083956 -339.9
    endloop
  endfacet
  facet normal -0.06566548351506349 0.997053970763388 -0.039641186406238614
    outer loop
      vertex 324.96911055508497 -2.7454806751424905 -333
      vertex 325.2214534348009 -2.7288614973506986 -333
      vertex 330.1600272620276 -2.6779418344985833 -339.9
    endloop
  endfacet
  facet normal -0.06587514083172805 0.9970341573693435 -0.03979139177263148
    outer loop
      vertex 325.2214534348009 -2.7288614973506986 -333
      vertex 326.3144632598984 -2.6566451388372276 -333
      vertex 330.1600272620276 -2.6779418344985833 -339.9
    endloop
  endfacet
  facet normal -0.06599426890699839 0.9970236286171981 -0.039857752701656486
    outer loop
      vertex 326.3144632598984 -2.6566451388372276 -333
      vertex 326.3147803239605 -2.6566241519615144 -333
      vertex 330.1600272620276 -2.6779418344985833 -339.9
    endloop
  endfacet
  facet normal -0.06633008596901169 0.9969933694946492 -0.04005672077254226
    outer loop
      vertex 326.3147803239605 -2.6566241519615144 -333
      vertex 326.55853538397736 -2.640407099189645 -333
      vertex 330.40342677376066 -2.661830909576196 -339.9
    endloop
  endfacet
  facet normal -0.06649703314186241 0.9969785082717116 -0.040149702709269826
    outer loop
      vertex 326.55853538397736 -2.640407099189645 -333
      vertex 326.559921745084 -2.640314630897008 -333
      vertex 330.40342677376066 -2.661830909576196 -339.9
    endloop
  endfacet
  facet normal -0.06667958812050474 0.9969610726664924 -0.0402796737295208
    outer loop
      vertex 326.559921745084 -2.640314630897008 -333
      vertex 326.56022710657896 -2.6402942074529343 -333
      vertex 331.4676899832998 -2.5908460835950313 -339.9
    endloop
  endfacet
  facet normal -0.0667127474319414 0.9969578544294176 -0.04030441441794955
    outer loop
      vertex 326.56022710657896 -2.6402942074529343 -333
      vertex 326.5615775600796 -2.6402038400789194 -333
      vertex 331.702105824253 -2.5751676863612554 -339.9
    endloop
  endfacet
  facet normal -0.06683264898605012 0.9969454686598376 -0.04041199757651201
    outer loop
      vertex 326.5615775600796 -2.6402038400789194 -333
      vertex 327.62739527596494 -2.5687541735443684 -333
      vertex 332.73880396159564 -2.505795665575576 -339.9
    endloop
  endfacet
  facet normal -0.06702599637636195 0.9969266650666877 -0.04055539777598347
    outer loop
      vertex 327.62739527596494 -2.5687541735443684 -333
      vertex 327.6276884022847 -2.5687344658925064 -333
      vertex 332.73880396159564 -2.505795665575576 -339.9
    endloop
  endfacet
  facet normal -0.06704221776029173 0.9969250631804266 -0.040567960763194647
    outer loop
      vertex 327.6276884022847 -2.5687344658925064 -333
      vertex 328.90065895843105 -2.4831284636165294 -333
      vertex 332.96382726639285 -2.490666758162938 -339.9
    endloop
  endfacet
  facet normal -0.06188855270412153 0.9974023598929947 -0.03685565796555313
    outer loop
      vertex 316.85511931508734 -3.5246199862602645 -339.9
      vertex 315.08447797614 -3.552722084557979 -337.68722358608613
      vertex 315.08447797614 -3.513640915757461 -336.62959357374325
    endloop
  endfacet
  facet normal -0.06181088791362194 0.9974094737386242 -0.03679342103923568
    outer loop
      vertex 315.5244158745751 -3.60708557674585 -339.9
      vertex 315.08447797614 -3.6076387419457268 -339.1759243591452
      vertex 315.08447797614 -3.552722084557979 -337.68722358608613
    endloop
  endfacet
  facet normal -0.06176408181794594 0.9974134220538273 -0.036764979315368394
    outer loop
      vertex 315.5244158745751 -3.60708557674585 -339.9
      vertex 315.08447797614 -3.6141711294515244 -339.3531443956492
      vertex 315.08447797614 -3.6076387419457268 -339.1759243591452
    endloop
  endfacet
  facet normal -0.061641412263913994 0.9974246487303783 -0.03666614786409816
    outer loop
      vertex 315.21854017140083 -3.6259888696862004 -339.9
      vertex 315.08447797614 -3.627791296764613 -339.7236521088745
      vertex 315.08447797614 -3.6141711294515244 -339.3531443956492
    endloop
  endfacet
  facet normal -0.06164141226390728 0.9974246487303785 -0.03666614786409651
    outer loop
      vertex 315.21854017140083 -3.6259888696862004 -339.9
      vertex 315.08447797614 -3.6141711294515244 -339.3531443956492
      vertex 315.5244158745751 -3.60708557674585 -339.9
    endloop
  endfacet
  facet normal -0.06214666508531713 0.9973764629883988 -0.037121194694197945
    outer loop
      vertex 318.7600048536921 -3.4063851221051595 -339.9
      vertex 315.08447797614 -3.5027872093828063 -336.3367373914744
      vertex 315.08447797614 -3.472235027150813 -335.51585789925576
    endloop
  endfacet
  facet normal -0.06201239477321869 0.9973899790360272 -0.03698232838807916
    outer loop
      vertex 318.4620919328575 -3.4249077602338236 -339.9
      vertex 315.08447797614 -3.5081993422056374 -336.482699186688
      vertex 315.08447797614 -3.5027872093828063 -336.3367373914744
    endloop
  endfacet
  facet normal -0.061977307749378936 0.9973934483529044 -0.03694756428834016
    outer loop
      vertex 318.4620919328575 -3.4249077602338236 -339.9
      vertex 315.08447797614 -3.513640915757461 -336.62959357374325
      vertex 315.08447797614 -3.5081993422056374 -336.482699186688
    endloop
  endfacet
  facet normal -0.06188855270412568 0.9974023598929946 -0.03685565796555537
    outer loop
      vertex 316.85511931508734 -3.5246199862602645 -339.9
      vertex 315.08447797614 -3.513640915757461 -336.62959357374325
      vertex 318.4620919328575 -3.4249077602338236 -339.9
    endloop
  endfacet
  facet normal -0.061810887913620924 0.9974094737386242 -0.03679342103923547
    outer loop
      vertex 315.5244158745751 -3.60708557674585 -339.9
      vertex 315.08447797614 -3.552722084557979 -337.68722358608613
      vertex 316.85511931508734 -3.5246199862602645 -339.9
    endloop
  endfacet
  facet normal -0.06201239477322235 0.9973899790360268 -0.03698232838808266
    outer loop
      vertex 318.4620919328575 -3.4249077602338236 -339.9
      vertex 315.08447797614 -3.5027872093828063 -336.3367373914744
      vertex 318.7600048536921 -3.4063851221051595 -339.9
    endloop
  endfacet
  facet normal -0.06145845410024762 0.9974412389208607 -0.03652168286958293
    outer loop
      vertex 315.21854017140083 -3.6259888696862004 -339.9
      vertex 315.08447797614 -3.6295787271607547 -339.77244335361866
      vertex 315.08447797614 -3.6281520799446807 -339.73348028688963
    endloop
  endfacet
  facet normal -0.06157387626307208 0.9974307085091336 -0.03661474409179632
    outer loop
      vertex 315.21854017140083 -3.6259888696862004 -339.9
      vertex 315.08447797614 -3.6281520799446807 -339.73348028688963
      vertex 315.08447797614 -3.627791296764613 -339.7236521088745
    endloop
  endfacet
  facet normal -0.06142815760766503 0.9974442737185563 -0.03648975580885307
    outer loop
      vertex 315.21854017140083 -3.6259888696862004 -339.9
      vertex 315.08447797614 -3.6342451641747227 -339.9
      vertex 315.08447797614 -3.6295787271607547 -339.77244335361866
    endloop
  endfacet
  facet normal -0.06142815213808229 0.9974441849057999 -0.03649219262396978
    outer loop
      vertex 315.21854017140083 -3.6259888696862004 -339.9
      vertex 315.08447797614 -3.689706612962408 -341.4159324666995
      vertex 315.08447797614 -3.6342451641747227 -339.9
    endloop
  endfacet
  facet normal -0.061641391480364745 0.9974243124302054 -0.036675329984834255
    outer loop
      vertex 315.21854017140083 -3.6259888696862004 -339.9
      vertex 315.5244158745751 -3.60708557674585 -339.9
      vertex 322.283873923791 -3.4397879430301175 -346.711
    endloop
  endfacet
  facet normal -0.0622180921171394 0.9973697754927972 -0.03718117731797163
    outer loop
      vertex 318.7600048536921 -3.4063851221051595 -339.9
      vertex 315.08447797614 -3.452150531771742 -334.9770995787271
      vertex 320.3312470888207 -3.308367619945274 -339.9
    endloop
  endfacet
  facet normal -0.06247125562772991 0.9973462034195079 -0.037388403883938846
    outer loop
      vertex 320.3312470888207 -3.308367619945274 -339.9
      vertex 315.08447797614 -3.385988169725107 -333.20386783546945
      vertex 321.58354624685353 -3.229926753016989 -339.9
    endloop
  endfacet
  facet normal -0.06280935882238292 0.9973148133928322 -0.037658298309155847
    outer loop
      vertex 317.7146527447415 -3.2130418758575425 -333
      vertex 321.8710467264133 -3.2118204133338915 -339.9
      vertex 321.58354624685353 -3.229926753016989 -339.9
    endloop
  endfacet
  facet normal -0.0632062306227873 0.997280780556774 -0.03789481682935529
    outer loop
      vertex 318.00417014432065 -3.1947103442163236 -333
      vertex 323.0968060393868 -3.1341335398532046 -339.9
      vertex 321.8710467264133 -3.2118204133338915 -339.9
    endloop
  endfacet
  facet normal -0.06346554831201147 0.9972570124677522 -0.038086418331855054
    outer loop
      vertex 318.00609883550635 -3.1945876020925827 -333
      vertex 324.5773979729525 -3.0399085028614237 -339.9
      vertex 323.0968060393868 -3.1341335398532046 -339.9
    endloop
  endfacet
  facet normal -0.06181075959546934 0.9974074031367551 -0.03684972409972089
    outer loop
      vertex 315.5244158745751 -3.60708557674585 -339.9
      vertex 316.85511931508734 -3.5246199862602645 -339.9
      vertex 322.5809095852703 -3.4214204564418114 -346.711
    endloop
  endfacet
  facet normal -0.06188841349533385 0.9974001163896098 -0.03691655592039449
    outer loop
      vertex 316.85511931508734 -3.5246199862602645 -339.9
      vertex 318.4620919328575 -3.4249077602338236 -339.9
      vertex 324.1475250850815 -3.3242222140814692 -346.711
    endloop
  endfacet
  facet normal -0.06201230787959224 0.9973885814632313 -0.037020146382881536
    outer loop
      vertex 318.4620919328575 -3.4249077602338236 -339.9
      vertex 318.7600048536921 -3.4063851221051595 -339.9
      vertex 324.1475250850815 -3.3242222140814692 -346.711
    endloop
  endfacet
  facet normal -0.06221805226643148 0.9973691366771369 -0.037198375987053126
    outer loop
      vertex 318.7600048536921 -3.4063851221051595 -339.9
      vertex 320.3312470888207 -3.308367619945274 -339.9
      vertex 325.39613675361545 -3.2464352533133156 -346.711
    endloop
  endfacet
  facet normal -0.06142815213808138 0.9974441849058001 -0.036492192623969855
    outer loop
      vertex 315.21854017140083 -3.6259888696862004 -339.9
      vertex 319.35484850285854 -3.6204372272016028 -346.711
      vertex 315.08447797614 -3.689706612962408 -341.4159324666995
    endloop
  endfacet
  facet normal -0.061305474918689255 0.9974553525402172 -0.03639310970314548
    outer loop
      vertex 319.04987353367994 -3.6391815602448805 -346.711
      vertex 315.08447797614 -3.6929580296198705 -341.5050466692169
      vertex 315.08447797614 -3.689706612962408 -341.4159324666995
    endloop
  endfacet
  facet normal -0.061140306585136986 0.9974700781835966 -0.03626714820722759
    outer loop
      vertex 319.04987353367994 -3.6391815602448805 -346.711
      vertex 315.08447797614 -3.745691437123454 -342.95539495149524
      vertex 315.08447797614 -3.6929580296198705 -341.5050466692169
    endloop
  endfacet
  facet normal -0.061092206955404404 0.9974748754976787 -0.036216225648299856
    outer loop
      vertex 317.6972358863584 -3.722026372796787 -346.711
      vertex 315.08447797614 -3.7713909137684665 -343.66321532228096
      vertex 315.08447797614 -3.745691437123454 -342.95539495149524
    endloop
  endfacet
  facet normal -0.060999160573694367 0.9974834678860489 -0.036136321109466046
    outer loop
      vertex 317.6972358863584 -3.722026372796787 -346.711
      vertex 315.08447797614 -3.7928394068407463 -344.25526555301303
      vertex 315.08447797614 -3.7713909137684665 -343.66321532228096
    endloop
  endfacet
  facet normal -0.06081272308031342 0.9975020371147971 -0.03593742705574651
    outer loop
      vertex 317.6972358863584 -3.722026372796787 -346.711
      vertex 315.08447797614 -3.7965189151979035 -344.3573963225907
      vertex 315.08447797614 -3.7928394068407463 -344.25526555301303
    endloop
  endfacet
  facet normal -0.0613054749187121 0.997455352540215 -0.03639310970316269
    outer loop
      vertex 319.04987353367994 -3.6391815602448805 -346.711
      vertex 315.08447797614 -3.689706612962408 -341.4159324666995
      vertex 319.35484850285854 -3.6204372272016028 -346.711
    endloop
  endfacet
  facet normal -0.06080448014296227 0.9975028701901016 -0.03592825012512171
    outer loop
      vertex 315.69963519303633 -3.8437935128427294 -346.711
      vertex 315.08447797614 -3.854165692774814 -345.9578869084089
      vertex 315.08447797614 -3.7965189151979035 -344.3573963225907
    endloop
  endfacet
  facet normal -0.060663290087382526 0.9975156200942437 -0.03581274778302329
    outer loop
      vertex 315.69963519303633 -3.8437935128427294 -346.711
      vertex 315.08447797614 -3.881203915192521 -346.711
      vertex 315.08447797614 -3.854165692774814 -345.9578869084089
    endloop
  endfacet
  facet normal -0.060663189592505745 0.9975139676087095 -0.03585891596234174
    outer loop
      vertex 315.69963519303633 -3.8437935128427294 -346.711
      vertex 315.08447797614 -3.9077159629902765 -347.4485052278754
      vertex 315.08447797614 -3.881203915192521 -346.711
    endloop
  endfacet
  facet normal -0.060476740346572425 0.9975324529307552 -0.035659069351343546
    outer loop
      vertex 315.08447797614 -3.9077159629902765 -347.4485052278754
      vertex 315.31805059363387 -3.909981127719775 -347.90800364348775
      vertex 315.08447797614 -3.916657914770715 -347.6986488030103
    endloop
  endfacet
  facet normal -0.06046849688848286 0.997533282339317 -0.035649845853749106
    outer loop
      vertex 315.08447797614 -3.924139838355514 -347.90800364348775
      vertex 315.08447797614 -3.916657914770715 -347.6986488030103
      vertex 315.31805059363387 -3.909981127719775 -347.90800364348775
    endloop
  endfacet
  facet normal -0.06066318959250515 0.9975139676087095 -0.035858915962342246
    outer loop
      vertex 315.69963519303633 -3.8437935128427294 -346.711
      vertex 315.575669880373 -3.8943626135886142 -347.90800364348775
      vertex 315.08447797614 -3.9077159629902765 -347.4485052278754
    endloop
  endfacet
  facet normal -0.060476740346561524 0.997532452930756 -0.03565906935133801
    outer loop
      vertex 315.08447797614 -3.9077159629902765 -347.4485052278754
      vertex 315.575669880373 -3.8943626135886142 -347.90800364348775
      vertex 315.31805059363387 -3.909981127719775 -347.90800364348775
    endloop
  endfacet
  facet normal -0.060804480142961866 0.9975028701901018 -0.035928250125121616
    outer loop
      vertex 315.69963519303633 -3.8437935128427294 -346.711
      vertex 315.08447797614 -3.7965189151979035 -344.3573963225907
      vertex 317.6972358863584 -3.722026372796787 -346.711
    endloop
  endfacet
  facet normal -0.061092206955405425 0.9974748754976785 -0.03621622564830055
    outer loop
      vertex 317.6972358863584 -3.722026372796787 -346.711
      vertex 315.08447797614 -3.745691437123454 -342.95539495149524
      vertex 319.04987353367994 -3.6391815602448805 -346.711
    endloop
  endfacet
  facet normal -0.06080434444323011 0.9975006440240103 -0.03599023295998067
    outer loop
      vertex 315.69963519303633 -3.8437935128427294 -346.711
      vertex 317.6972358863584 -3.722026372796787 -346.711
      vertex 316.9693702761105 -3.809583039331491 -347.90800364348775
    endloop
  endfacet
  facet normal -0.060663189592505246 0.9975139676087094 -0.03585891596234223
    outer loop
      vertex 315.69963519303633 -3.8437935128427294 -346.711
      vertex 316.72893563321753 -3.824227476350323 -347.90800364348775
      vertex 315.575669880373 -3.8943626135886142 -347.90800364348775
    endloop
  endfacet
  facet normal -0.06075624177302631 0.9975054196642816 -0.03593907102309309
    outer loop
      vertex 315.69963519303633 -3.8437935128427294 -346.711
      vertex 316.9693702761105 -3.809583039331491 -347.90800364348775
      vertex 316.72893563321753 -3.824227476350323 -347.90800364348775
    endloop
  endfacet
  facet normal -0.060804344443231004 0.9975006440240103 -0.03599023295998013
    outer loop
      vertex 317.6972358863584 -3.722026372796787 -346.711
      vertex 318.6107762266737 -3.709528354267237 -347.90800364348775
      vertex 316.9693702761105 -3.809583039331491 -347.90800364348775
    endloop
  endfacet
  facet normal -0.06147496113187553 0.997440260497357 -0.03652062284242979
    outer loop
      vertex 315.21854017140083 -3.6259888696862004 -339.9
      vertex 320.6816333792327 -3.538663859977793 -346.711
      vertex 319.35484850285854 -3.6204372272016028 -346.711
    endloop
  endfacet
  facet normal -0.06155263079090206 0.9974331841554597 -0.036583012290133124
    outer loop
      vertex 315.21854017140083 -3.6259888696862004 -339.9
      vertex 322.283873923791 -3.4397879430301175 -346.711
      vertex 320.6816333792327 -3.538663859977793 -346.711
    endloop
  endfacet
  facet normal -0.06167648073185766 0.9974208590720487 -0.036710238524269564
    outer loop
      vertex 315.5244158745751 -3.60708557674585 -339.9
      vertex 322.5809095852703 -3.4214204564418114 -346.711
      vertex 322.283873923791 -3.4397879430301175 -346.711
    endloop
  endfacet
  facet normal -0.06188219113952501 0.9974007497178017 -0.03690987513035456
    outer loop
      vertex 316.85511931508734 -3.5246199862602645 -339.9
      vertex 324.1475250850815 -3.3242222140814692 -346.711
      vertex 322.5809095852703 -3.4214204564418114 -346.711
    endloop
  endfacet
  facet normal -0.06109220793585628 0.9974748915058593 -0.036215783091028644
    outer loop
      vertex 317.6972358863584 -3.722026372796787 -346.711
      vertex 319.04987353367994 -3.6391815602448805 -346.711
      vertex 318.66498627446396 -3.7062148633916543 -347.90800364348775
    endloop
  endfacet
  facet normal -0.06096952304875489 0.9974859996079789 -0.0361164484034401
    outer loop
      vertex 317.6972358863584 -3.722026372796787 -346.711
      vertex 318.66498627446396 -3.7062148633916543 -347.90800364348775
      vertex 318.6107762266737 -3.709528354267237 -347.90800364348775
    endloop
  endfacet
  facet normal -0.06130546417277306 0.9974551777011093 -0.036397919443416096
    outer loop
      vertex 319.04987353367994 -3.6391815602448805 -346.711
      vertex 319.35484850285854 -3.6204372272016028 -346.711
      vertex 320.34987365749754 -3.60296071580611 -347.90800364348775
    endloop
  endfacet
  facet normal -0.061092207935854924 0.9974748915058594 -0.03621578309102909
    outer loop
      vertex 319.04987353367994 -3.6391815602448805 -346.711
      vertex 319.7764333673147 -3.6381422156645193 -347.90800364348775
      vertex 318.66498627446396 -3.7062148633916543 -347.90800364348775
    endloop
  endfacet
  facet normal -0.06113901982532933 0.9974709911510808 -0.03624420045853362
    outer loop
      vertex 319.04987353367994 -3.6391815602448805 -346.711
      vertex 320.01227263842617 -3.623686675603716 -347.90800364348775
      vertex 319.7764333673147 -3.6381422156645193 -347.90800364348775
    endloop
  endfacet
  facet normal -0.0612360750784968 0.9974621948663392 -0.036322347410454404
    outer loop
      vertex 319.04987353367994 -3.6391815602448805 -346.711
      vertex 320.34987365749754 -3.60296071580611 -347.90800364348775
      vertex 320.01227263842617 -3.623686675603716 -347.90800364348775
    endloop
  endfacet
  facet normal -0.06147483961054562 0.9974382887959569 -0.036574637915514914
    outer loop
      vertex 319.35484850285854 -3.6204372272016028 -346.711
      vertex 320.6816333792327 -3.538663859977793 -346.711
      vertex 320.6004681486068 -3.587558708838737 -347.90800364348775
    endloop
  endfacet
  facet normal -0.061305464172777116 0.9974551777011088 -0.036397919443419476
    outer loop
      vertex 319.35484850285854 -3.6204372272016028 -346.711
      vertex 320.6004681486068 -3.587558708838737 -347.90800364348775
      vertex 320.34987365749754 -3.60296071580611 -347.90800364348775
    endloop
  endfacet
  facet normal -3.8689619473460036e-8 6.269481880680272e-7 0.9999999999998027
    outer loop
      vertex 320.6816333792327 -3.538663859977793 -346.711
      vertex 322.283873923791 -3.4397879430301175 -346.711
      vertex 322.2547157688905 -3.441556586786905 -346.7110000000193
    endloop
  endfacet
  facet normal -0.06157186580298766 0.9974290762129392 -0.03666255946523074
    outer loop
      vertex 320.6816333792327 -3.538663859977793 -346.711
      vertex 322.2547157688905 -3.441556586786905 -346.7110000000193
      vertex 321.9691420916879 -3.503183546391621 -347.90800364348775
    endloop
  endfacet
  facet normal -0.06147483961054569 0.9974382887959568 -0.03657463791551489
    outer loop
      vertex 320.6816333792327 -3.538663859977793 -346.711
      vertex 321.6906723112696 -3.520366455648469 -347.90800364348775
      vertex 320.6004681486068 -3.587558708838737 -347.90800364348775
    endloop
  endfacet
  facet normal -0.061546275669798305 0.997431669756473 -0.03663495759505114
    outer loop
      vertex 320.6816333792327 -3.538663859977793 -346.711
      vertex 321.9691420916879 -3.503183546391621 -347.90800364348775
      vertex 321.6906723112696 -3.520366455648469 -347.90800364348775
    endloop
  endfacet
  facet normal -0.063687982957824 0.9972357030584625 -0.03827261909326483
    outer loop
      vertex 319.2340072552468 -3.1163485109647433 -333
      vertex 324.8520357481676 -3.0223688922219014 -339.9
      vertex 324.5773979729525 -3.0399085028614237 -339.9
    endloop
  endfacet
  facet normal -0.063964403111862 0.9972106945966214 -0.038462783527288116
    outer loop
      vertex 320.71829018267266 -3.0213855106452607 -333
      vertex 326.0245060281221 -2.9471627577208834 -339.9
      vertex 324.8520357481676 -3.0223688922219014 -339.9
    endloop
  endfacet
  facet normal -0.06413238283942517 0.9971950765986501 -0.038587778878158945
    outer loop
      vertex 320.9936780016402 -3.003704668183048 -333
      vertex 326.29220193878024 -2.929946490783993 -339.9
      vertex 326.0245060281221 -2.9471627577208834 -339.9
    endloop
  endfacet
  facet normal -0.06429889106267148 0.997179391472109 -0.03871580854670204
    outer loop
      vertex 320.99517047650886 -3.0036084322601893 -333
      vertex 327.4379251462957 -2.8560693806691764 -339.9
      vertex 326.29220193878024 -2.929946490783993 -339.9
    endloop
  endfacet
  facet normal -0.06247125919845912 0.997346260425777 -0.03738687722820238
    outer loop
      vertex 320.3312470888207 -3.308367619945274 -339.9
      vertex 321.58354624685353 -3.229926753016989 -339.9
      vertex 325.39613675361545 -3.2464352533133156 -346.711
    endloop
  endfacet
  facet normal -0.06280951956864679 0.9973173657931932 -0.037590372954814745
    outer loop
      vertex 321.58354624685353 -3.229926753016989 -339.9
      vertex 321.8710467264133 -3.2118204133338915 -339.9
      vertex 325.6827906892179 -3.228479326276397 -346.711
    endloop
  endfacet
  facet normal -0.06320624309825913 0.9972809773973096 -0.03788961539618426
    outer loop
      vertex 321.8710467264133 -3.2118204133338915 -339.9
      vertex 323.0968060393868 -3.1341335398532046 -339.9
      vertex 328.3811734396887 -3.057987657417174 -346.711
    endloop
  endfacet
  facet normal -0.06346552599027672 0.9972566617182967 -0.038095638454502305
    outer loop
      vertex 323.0968060393868 -3.1341335398532046 -339.9
      vertex 324.5773979729525 -3.0399085028614237 -339.9
      vertex 328.6550026020422 -3.0405924501081394 -346.711
    endloop
  endfacet
  facet normal -0.0636880646703153 0.997236982524539 -0.038239130532769325
    outer loop
      vertex 324.5773979729525 -3.0399085028614237 -339.9
      vertex 324.8520357481676 -3.0223688922219014 -339.9
      vertex 329.8240208676108 -2.966003762615544 -346.711
    endloop
  endfacet
  facet normal -0.06396443969246292 0.9972112648914205 -0.03844793399498214
    outer loop
      vertex 324.8520357481676 -3.0223688922219014 -339.9
      vertex 326.0245060281221 -2.9471627577208834 -339.9
      vertex 331.2332786652389 -2.8756559995350464 -346.711
    endloop
  endfacet
  facet normal -0.06413241064863355 0.9971955090043139 -0.03857655668955581
    outer loop
      vertex 326.0245060281221 -2.9471627577208834 -339.9
      vertex 326.29220193878024 -2.929946490783993 -339.9
      vertex 331.2332786652389 -2.8756559995350464 -346.711
    endloop
  endfacet
  facet normal -0.06429893673026398 0.9971800997079961 -0.038697486762167665
    outer loop
      vertex 326.29220193878024 -2.929946490783993 -339.9
      vertex 327.4379251462957 -2.8560693806691764 -339.9
      vertex 331.2332786652389 -2.8756559995350464 -346.711
    endloop
  endfacet
  facet normal -0.06465300699761901 0.9971463397259861 -0.03897647825591909
    outer loop
      vertex 323.5851769883037 -2.8361666386578332 -333
      vertex 327.6978624976441 -2.839215554178383 -339.9
      vertex 327.4379251462957 -2.8560693806691764 -339.9
    endloop
  endfacet
  facet normal -0.06508174523212677 0.9971085660171404 -0.03922848471178191
    outer loop
      vertex 323.84695149867497 -2.8191048694964853 -333
      vertex 328.81663708531147 -2.7661926104706733 -339.9
      vertex 327.6978624976441 -2.839215554178383 -339.9
    endloop
  endfacet
  facet normal -0.06532971645330087 0.9970853001486509 -0.039407262980394805
    outer loop
      vertex 323.8472797332803 -2.8190833633387955 -333
      vertex 329.06861185065856 -2.749683050083956 -339.9
      vertex 328.81663708531147 -2.7661926104706733 -339.9
    endloop
  endfacet
  facet normal -0.06553941672283164 0.9970660363053631 -0.03954622740468735
    outer loop
      vertex 324.96911055508497 -2.7454806751424905 -333
      vertex 330.1600272620276 -2.6779418344985833 -339.9
      vertex 329.06861185065856 -2.749683050083956 -339.9
    endloop
  endfacet
  facet normal -0.06599426889619185 0.9970236286181539 -0.039857752695637134
    outer loop
      vertex 326.3147803239605 -2.6566241519615144 -333
      vertex 330.40342677376066 -2.661830909576196 -339.9
      vertex 330.1600272620276 -2.6779418344985833 -339.9
    endloop
  endfacet
  facet normal -0.06649703314208545 0.9969785082716918 -0.040149702709394
    outer loop
      vertex 326.559921745084 -2.640314630897008 -333
      vertex 331.4676899832998 -2.5908460835950313 -339.9
      vertex 330.40342677376066 -2.661830909576196 -339.9
    endloop
  endfacet
  facet normal -0.06667958812133222 0.9969610726664132 -0.04027967373010988
    outer loop
      vertex 326.56022710657896 -2.6402942074529343 -333
      vertex 331.702105824253 -2.5751676863612554 -339.9
      vertex 331.4676899832998 -2.5908460835950313 -339.9
    endloop
  endfacet
  facet normal -0.06465318055008401 0.9971490164337409 -0.03890765053278556
    outer loop
      vertex 327.4379251462957 -2.8560693806691764 -339.9
      vertex 327.6978624976441 -2.839215554178383 -339.9
      vertex 331.4924507452025 -2.85893959579307 -346.711
    endloop
  endfacet
  facet normal -0.06508180546973776 0.9971094889093853 -0.039204919635978025
    outer loop
      vertex 327.6978624976441 -2.839215554178383 -339.9
      vertex 328.81663708531147 -2.7661926104706733 -339.9
      vertex 332.85916468207415 -2.770133715259868 -346.711
    endloop
  endfacet
  facet normal -0.06213537068690981 0.9973772995142012 -0.037117625508104754
    outer loop
      vertex 318.7600048536921 -3.4063851221051595 -339.9
      vertex 325.39613675361545 -3.2464352533133156 -346.711
      vertex 324.1475250850815 -3.3242222140814692 -346.711
    endloop
  endfacet
  facet normal -0.06247349539339203 0.9973460734461438 -0.03738812852886588
    outer loop
      vertex 321.58354624685353 -3.229926753016989 -339.9
      vertex 325.6827906892179 -3.228479326276397 -346.711
      vertex 325.39613675361545 -3.2464352533133156 -346.711
    endloop
  endfacet
  facet normal -0.06287039238663907 0.9973122460932695 -0.03762442761754352
    outer loop
      vertex 321.8710467264133 -3.2118204133338915 -339.9
      vertex 326.9049408737392 -3.1514351889390206 -346.711
      vertex 325.6827906892179 -3.228479326276397 -346.711
    endloop
  endfacet
  facet normal -0.06312972673587879 0.9972886064434177 -0.03781630680538662
    outer loop
      vertex 321.8710467264133 -3.2118204133338915 -339.9
      vertex 328.3811734396887 -3.057987657417174 -346.711
      vertex 326.9049408737392 -3.1514351889390206 -346.711
    endloop
  endfacet
  facet normal -0.061571865802989394 0.9974290762129391 -0.03666255946523032
    outer loop
      vertex 322.2547157688905 -3.441556586786905 -346.7110000000193
      vertex 322.5809095852703 -3.4214204564418114 -346.711
      vertex 321.9691420916879 -3.503183546391621 -347.90800364348775
    endloop
  endfacet
  facet normal -0.06157186580298766 0.9974290762129392 -0.03666255946523121
    outer loop
      vertex 322.5809095852703 -3.4214204564418114 -346.711
      vertex 323.52975592045505 -3.4068459645758056 -347.90800364348775
      vertex 321.9691420916879 -3.503183546391621 -347.90800364348775
    endloop
  endfacet
  facet normal -3.4660067959762635e-8 5.605163321529342e-7 0.9999999999998422
    outer loop
      vertex 322.283873923791 -3.4397879430301175 -346.711
      vertex 322.5809095852703 -3.4214204564418114 -346.711
      vertex 322.2547157688905 -3.441556586786905 -346.7110000000193
    endloop
  endfacet
  facet normal -0.061882158141678405 0.9974002178672587 -0.03692429961520107
    outer loop
      vertex 322.5809095852703 -3.4214204564418114 -346.711
      vertex 324.1475250850815 -3.3242222140814692 -346.711
      vertex 323.751699746512 -3.3930943139065097 -347.90800364348775
    endloop
  endfacet
  facet normal -0.06179947126351475 0.997408342486788 -0.03684323125498632
    outer loop
      vertex 322.5809095852703 -3.4214204564418114 -346.711
      vertex 323.751699746512 -3.3930943139065097 -347.90800364348775
      vertex 323.52975592045505 -3.4068459645758056 -347.90800364348775
    endloop
  endfacet
  facet normal -0.06213538115768717 0.997377467587805 -0.03711309144393496
    outer loop
      vertex 324.1475250850815 -3.3242222140814692 -346.711
      vertex 325.39613675361545 -3.2464352533133156 -346.711
      vertex 325.0389700264187 -3.313227614857047 -347.90800364348775
    endloop
  endfacet
  facet normal -0.06188215814167904 0.9974002178672587 -0.036924299615200856
    outer loop
      vertex 324.1475250850815 -3.3242222140814692 -346.711
      vertex 325.0389700264187 -3.313227614857047 -347.90800364348775
      vertex 323.751699746512 -3.3930943139065097 -347.90800364348775
    endloop
  endfacet
  facet normal -0.062473662981336865 0.9973487488715819 -0.037316411376024074
    outer loop
      vertex 325.39613675361545 -3.2464352533133156 -346.711
      vertex 325.6827906892179 -3.228479326276397 -346.711
      vertex 326.1158935995104 -3.2461364949900107 -347.90800364348775
    endloop
  endfacet
  facet normal -0.062135381157685785 0.997377467587805 -0.03711309144393539
    outer loop
      vertex 325.39613675361545 -3.2464352533133156 -346.711
      vertex 326.0649401462358 -3.2493109468723462 -347.90800364348775
      vertex 325.0389700264187 -3.313227614857047 -347.90800364348775
    endloop
  endfacet
  facet normal -0.06213761749373268 0.9973772817849935 -0.03711434050849034
    outer loop
      vertex 325.39613675361545 -3.2464352533133156 -346.711
      vertex 326.1158935995104 -3.2461364949900107 -347.90800364348775
      vertex 326.0649401462358 -3.2493109468723462 -347.90800364348775
    endloop
  endfacet
  facet normal -0.06247366298133723 0.9973487488715819 -0.037316411376024206
    outer loop
      vertex 325.6827906892179 -3.228479326276397 -346.711
      vertex 326.3514339040483 -3.2313823123423955 -347.90800364348775
      vertex 326.1158935995104 -3.2461364949900107 -347.90800364348775
    endloop
  endfacet
  facet normal -0.0633521757927055 0.9972674037392572 -0.038002990165137536
    outer loop
      vertex 323.0968060393868 -3.1341335398532046 -339.9
      vertex 328.6550026020422 -3.0405924501081394 -346.711
      vertex 328.3811734396887 -3.057987657417174 -346.711
    endloop
  endfacet
  facet normal -0.06362861383469648 0.9972425348408811 -0.03819327435045228
    outer loop
      vertex 324.5773979729525 -3.0399085028614237 -339.9
      vertex 329.8240208676108 -2.966003762615544 -346.711
      vertex 328.6550026020422 -3.0405924501081394 -346.711
    endloop
  endfacet
  facet normal -0.0637966045020386 0.9972270001917767 -0.03831844650453192
    outer loop
      vertex 324.8520357481676 -3.0223688922219014 -339.9
      vertex 330.0909286323257 -2.948928604100215 -346.711
      vertex 329.8240208676108 -2.966003762615544 -346.711
    endloop
  endfacet
  facet normal -0.06396312360656765 0.9972113969581551 -0.03844669810602455
    outer loop
      vertex 324.8520357481676 -3.0223688922219014 -339.9
      vertex 331.2332786652389 -2.8756559995350464 -346.711
      vertex 330.0909286323257 -2.948928604100215 -346.711
    endloop
  endfacet
  facet normal -0.06287041202447118 0.9973125576079543 -0.03761613655539367
    outer loop
      vertex 325.6827906892179 -3.228479326276397 -346.711
      vertex 326.9049408737392 -3.1514351889390206 -346.711
      vertex 326.8310782411241 -3.20123946170943 -347.90800364348775
    endloop
  endfacet
  facet normal -0.06253453966596487 0.9973436612447043 -0.037350404599878685
    outer loop
      vertex 325.6827906892179 -3.228479326276397 -346.711
      vertex 326.5686741733482 -3.2177611095760135 -347.90800364348775
      vertex 326.3514339040483 -3.2313823123423955 -347.90800364348775
    endloop
  endfacet
  facet normal -0.06279389068118725 0.9973201510694968 -0.037542556703493254
    outer loop
      vertex 325.6827906892179 -3.228479326276397 -346.711
      vertex 326.8310782411241 -3.20123946170943 -347.90800364348775
      vertex 326.5686741733482 -3.2177611095760135 -347.90800364348775
    endloop
  endfacet
  facet normal -0.06287041202447143 0.9973125576079543 -0.03761613655539364
    outer loop
      vertex 326.9049408737392 -3.1514351889390206 -346.711
      vertex 327.8353052580957 -3.1379331633564433 -347.90800364348775
      vertex 326.8310782411241 -3.20123946170943 -347.90800364348775
    endloop
  endfacet
  facet normal -0.06312971172368584 0.9972883692890723 -0.03782258555978431
    outer loop
      vertex 326.9049408737392 -3.1514351889390206 -346.711
      vertex 328.3811734396887 -3.057987657417174 -346.711
      vertex 327.8839790859986 -3.1348576092796825 -347.90800364348775
    endloop
  endfacet
  facet normal -0.06301635416334925 0.9972990560603342 -0.03772972156172989
    outer loop
      vertex 326.9049408737392 -3.1514351889390206 -346.711
      vertex 327.8839790859986 -3.1348576092796825 -347.90800364348775
      vertex 327.8353052580957 -3.1379331633564433 -347.90800364348775
    endloop
  endfacet
  facet normal -0.06335226480660294 0.9972688049643494 -0.03796605311133116
    outer loop
      vertex 328.3811734396887 -3.057987657417174 -346.711
      vertex 328.6550026020422 -3.0405924501081394 -346.711
      vertex 329.3047787032949 -3.0448848898698557 -347.90800364348775
    endloop
  endfacet
  facet normal -0.06312971172368509 0.9972883692890724 -0.037822585559784634
    outer loop
      vertex 328.3811734396887 -3.057987657417174 -346.711
      vertex 329.09698272895145 -3.058072827006545 -347.90800364348775
      vertex 327.8839790859986 -3.1348576092796825 -347.90800364348775
    endloop
  endfacet
  facet normal -0.06329281009667292 0.9972743277934567 -0.03792011753905226
    outer loop
      vertex 328.3811734396887 -3.057987657417174 -346.711
      vertex 329.3047787032949 -3.0448848898698557 -347.90800364348775
      vertex 329.09698272895145 -3.058072827006545 -347.90800364348775
    endloop
  endfacet
  facet normal -0.06362865787674891 0.9972432251059267 -0.03817517357044507
    outer loop
      vertex 328.6550026020422 -3.0405924501081394 -346.711
      vertex 329.8240208676108 -2.966003762615544 -346.711
      vertex 329.7802802174045 -3.014616758423797 -347.90800364348775
    endloop
  endfacet
  facet normal -0.06335226480660788 0.9972688049643491 -0.03796605311133384
    outer loop
      vertex 328.6550026020422 -3.0405924501081394 -346.711
      vertex 329.5297810363574 -3.0305914442959825 -347.90800364348775
      vertex 329.3047787032949 -3.0448848898698557 -347.90800364348775
    endloop
  endfacet
  facet normal -0.06346081171008774 0.9972588771886781 -0.03804546287632094
    outer loop
      vertex 328.6550026020422 -3.0405924501081394 -346.711
      vertex 329.5772245732695 -3.027572363261249 -347.90800364348775
      vertex 329.5297810363574 -3.0305914442959825 -347.90800364348775
    endloop
  endfacet
  facet normal -0.06362734170407648 0.9972433565562259 -0.03817393341201552
    outer loop
      vertex 328.6550026020422 -3.0405924501081394 -346.711
      vertex 329.7802802174045 -3.014616758423797 -347.90800364348775
      vertex 329.5772245732695 -3.027572363261249 -347.90800364348775
    endloop
  endfacet
  facet normal -0.06362865787674993 0.9972432251059266 -0.03817517357044503
    outer loop
      vertex 329.8240208676108 -2.966003762615544 -346.711
      vertex 330.74084933606565 -2.9533280755031677 -347.90800364348775
      vertex 329.7802802174045 -3.014616758423797 -347.90800364348775
    endloop
  endfacet
  facet normal -0.06431726277661731 0.9971785216890657 -0.03870769420842521
    outer loop
      vertex 327.4379251462957 -2.8560693806691764 -339.9
      vertex 331.4924507452025 -2.85893959579307 -346.711
      vertex 331.2332786652389 -2.8756559995350464 -346.711
    endloop
  endfacet
  facet normal -0.14562158391285557 -0.9861468123177934 -0.07942807346376973
    outer loop
      vertex 315.08447797614 4.294592533119253 -335.6418006851035
      vertex 346.58447797614 -0.5628041029381148 -333.085697953381
      vertex 315.08447797614 4.081811701429645 -333
    endloop
  endfacet
  facet normal -0.14585834403469078 -0.9863173041906134 -0.07683436034495837
    outer loop
      vertex 315.08447797614 4.294592533119253 -335.6418006851035
      vertex 315.08447797614 4.295481295992896 -335.6532096718857
      vertex 346.58447797614 -0.5628041029381148 -333.085697953381
    endloop
  endfacet
  facet normal -0.14599956084067817 -0.986415677416165 -0.07528771202485285
    outer loop
      vertex 346.58447797614 -0.562772352521857 -333.0861055312515
      vertex 315.08447797614 4.295481295992896 -335.6532096718857
      vertex 315.08447797614 4.619615567753974 -339.9
    endloop
  endfacet
  facet normal -0.1459539380570635 -0.9861074365643021 -0.07930681886329681
    outer loop
      vertex 315.08447797614 4.854723004809888 -342.82334499599637
      vertex 346.58447797614 -0.010729344466813506 -340.2975887250408
      vertex 315.08447797614 4.619615567753974 -339.9
    endloop
  endfacet
  facet normal -0.14619105736913346 -0.9862799151729468 -0.07668183404001101
    outer loop
      vertex 315.08447797614 4.854723004809888 -342.82334499599637
      vertex 315.08447797614 4.855700594138473 -342.83591872655643
      vertex 346.58447797614 -0.010596387701430898 -340.29929881177674
    endloop
  endfacet
  facet normal -0.14633247630470322 -0.9863793965069068 -0.07511652631215074
    outer loop
      vertex 315.08447797614 5 -344.7307608852383
      vertex 346.58447797614 -0.010596387701430898 -340.29929881177674
      vertex 315.08447797614 4.855700594138473 -342.83591872655643
    endloop
  endfacet
  facet normal -0.1463324763047029 -0.9863793965069065 -0.07511652631215301
    outer loop
      vertex 315.08447797614 5 -344.7307608852383
      vertex 316.10098973979404 5 -346.711
      vertex 346.58447797614 -0.010596387701430898 -340.29929881177674
    endloop
  endfacet
  facet normal -0.14628644220956916 -0.9860690957170645 -0.0791707982617147
    outer loop
      vertex 316.7488128226833 5 -347.90800364348775
      vertex 340.1594790539717 1.5269542594877812 -347.90800364348775
      vertex 316.10098973979404 5 -346.711
    endloop
  endfacet
  facet normal -0.0673617441346297 0.9968958505385441 -0.04075608673772639
    outer loop
      vertex 328.90065895843105 -2.4831284636165294 -333
      vertex 329.1260109132317 -2.4679010948685103 -333
      vertex 332.96382726639285 -2.490666758162938 -339.9
    endloop
  endfacet
  facet normal -0.06756158093021711 0.9968777791656362 -0.04086717739211447
    outer loop
      vertex 329.1260109132317 -2.4679010948685103 -333
      vertex 329.12732519755673 -2.467812021635416 -333
      vertex 332.96382726639285 -2.490666758162938 -339.9
    endloop
  endfacet
  facet normal -0.06789719767304403 0.9968452777805894 -0.041103074272944976
    outer loop
      vertex 329.12732519755673 -2.467812021635416 -333
      vertex 330.1377308974121 -2.398991195513039 -333
      vertex 333.97275953325834 -2.422288206223857 -339.9
    endloop
  endfacet
  facet normal -0.06801141772441074 0.996834873216441 -0.041166522790703916
    outer loop
      vertex 330.1377308974121 -2.398991195513039 -333
      vertex 330.1380115234677 -2.398972049136438 -333
      vertex 333.97275953325834 -2.422288206223857 -339.9
    endloop
  endfacet
  facet normal -0.06834711462616881 0.9968037570894891 -0.041363531940058415
    outer loop
      vertex 330.1380115234677 -2.398972049136438 -333
      vertex 330.3537533766585 -2.3841794351792545 -333
      vertex 334.1881868019492 -2.4075901711196805 -339.9
    endloop
  endfacet
  facet normal -0.06848881997514496 0.9967907617168117 -0.04144223563504471
    outer loop
      vertex 334.1881868019492 -2.4075901711196805 -339.9
      vertex 330.3537533766585 -2.3841794351792545 -333
      vertex 330.355030960057 -2.3840916532868643 -333
    endloop
  endfacet
  facet normal -0.06882438042608403 0.9967578790447122 -0.04167655481505573
    outer loop
      vertex 330.355030960057 -2.3840916532868643 -333
      vertex 331.3372212211485 -2.3162731412877964 -333
      vertex 335.16894499084685 -2.3402029383949503 -339.9
    endloop
  endfacet
  facet normal -0.06916922303622142 0.9967259873875302 -0.04186794299841551
    outer loop
      vertex 331.3372212211485 -2.3162731412877964 -333
      vertex 331.33748908107543 -2.316254552765714 -333
      vertex 335.16894499084685 -2.3402029383949503 -339.9
    endloop
  endfacet
  facet normal -0.06950484963312543 0.9966943730085692 -0.04206426857240883
    outer loop
      vertex 331.33748908107543 -2.316254552765714 -333
      vertex 331.5434164353553 -2.301894132779228 -333
      vertex 335.37457212805543 -2.325933149609515 -339.9
    endloop
  endfacet
  facet normal -0.06997871347731772 0.9966500819763461 -0.042327222405941146
    outer loop
      vertex 331.5434164353553 -2.301894132779228 -333
      vertex 331.54465705526013 -2.3018070239870614 -333
      vertex 335.37457212805543 -2.325933149609515 -339.9
    endloop
  endfacet
  facet normal -0.07031418065963697 0.9966165600097477 -0.04255993788177568
    outer loop
      vertex 331.54465705526013 -2.3018070239870614 -333
      vertex 332.49842990452146 -2.2345155910305774 -333
      vertex 336.32695467499013 -2.2590626334892963 -339.9
    endloop
  endfacet
  facet normal -0.07068994188529441 0.9965810574771781 -0.04276830595105638
    outer loop
      vertex 332.49842990452146 -2.2345155910305774 -333
      vertex 332.4986844666545 -2.2344975343133093 -333
      vertex 336.32695467499013 -2.2590626334892963 -339.9
    endloop
  endfacet
  facet normal -0.07102547449949408 0.9965487863588002 -0.042963919501415065
    outer loop
      vertex 332.4986844666545 -2.2344975343133093 -333
      vertex 332.69438857317414 -2.220549419361661 -333
      vertex 336.5223735391089 -2.245201093533156 -339.9
    endloop
  endfacet
  facet normal -0.07122014464605342 0.9965302336241244 -0.043071852405527425
    outer loop
      vertex 332.69438857317414 -2.220549419361661 -333
      vertex 332.6955919613328 -2.220463415469522 -333
      vertex 336.5223735391089 -2.245201093533156 -339.9
    endloop
  endfacet
  facet normal -0.07155553340859032 0.9964961909626022 -0.0433029679772322
    outer loop
      vertex 332.6955919613328 -2.220463415469522 -333
      vertex 333.62074124414534 -2.15403109890414 -333
      vertex 337.4461745156009 -2.179178772334505 -339.9
    endloop
  endfacet
  facet normal -0.07162717514127315 0.9964893182787307 -0.04334266186648147
    outer loop
      vertex 333.62074124414534 -2.15403109890414 -333
      vertex 333.62098224151083 -2.1540137761288825 -333
      vertex 337.4461745156009 -2.179178772334505 -339.9
    endloop
  endfacet
  facet normal -0.07196264914569762 0.9964566505005422 -0.04353757918365856
    outer loop
      vertex 333.62098224151083 -2.1540137761288825 -333
      vertex 333.80625788736194 -2.1406334386190387 -333
      vertex 337.6311801598313 -2.1658806551952243 -339.9
    endloop
  endfacet
  facet normal -0.07203954403716735 0.9964492321274956 -0.04358017768941953
    outer loop
      vertex 333.80625788736194 -2.1406334386190387 -333
      vertex 333.8074235086149 -2.1405491685720817 -333
      vertex 337.6311801598313 -2.1658806551952243 -339.9
    endloop
  endfacet
  facet normal -0.07237488162023431 0.9964148670069941 -0.043809694336885245
    outer loop
      vertex 333.8074235086149 -2.1405491685720817 -333
      vertex 334.70353790771964 -2.0754596404037517 -333
      vertex 338.525988741695 -2.1011893491478437 -339.9
    endloop
  endfacet
  facet normal -0.07265370170355837 0.9963877767306775 -0.04396405361733623
    outer loop
      vertex 334.70353790771964 -2.0754596404037517 -333
      vertex 334.70376534029 -2.075443056681521 -333
      vertex 338.525988741695 -2.1011893491478437 -339.9
    endloop
  endfacet
  facet normal -0.07298911071200322 0.996354673970647 -0.044158276396574936
    outer loop
      vertex 334.70376534029 -2.075443056681521 -333
      vertex 334.8786125051934 -2.06263442596977 -333
      vertex 338.70058114486716 -2.08845857838216 -339.9
    endloop
  endfacet
  facet normal -0.07346056266104678 0.9963084243585368 -0.04441924454256413
    outer loop
      vertex 334.8786125051934 -2.06263442596977 -333
      vertex 334.87973929884333 -2.0625513443722427 -333
      vertex 338.70058114486716 -2.08845857838216 -339.9
    endloop
  endfacet
  facet normal -0.07379580767097751 0.9962734639049091 -0.04464710392737241
    outer loop
      vertex 334.87973929884333 -2.0625513443722427 -333
      vertex 335.7460032586007 -1.9983855797678216 -333
      vertex 339.56558307012654 -2.024679605346786 -339.9
    endloop
  endfacet
  facet normal -0.0742770997593856 0.9962257292887279 -0.04491334717515789
    outer loop
      vertex 335.7460032586007 -1.9983855797678216 -333
      vertex 335.74621712690845 -1.998369634066799 -333
      vertex 339.565583071382 -2.0246796052537923 -339.9
    endloop
  endfacet
  facet normal -0.07461240670882396 0.9961919292948487 -0.045106859488598605
    outer loop
      vertex 335.74621712690845 -1.998369634066799 -333
      vertex 335.9106361965049 -1.9860550367179703 -333
      vertex 339.72976264229817 -2.0124386221019464 -339.9
    endloop
  endfacet
  facet normal -0.07523579114753612 0.996129370213915 -0.045451661439747625
    outer loop
      vertex 335.9106361965049 -1.9860550367179703 -333
      vertex 335.91172416411456 -1.9859728645560992 -333
      vertex 339.72976264229817 -2.0124386221019464 -339.9
    endloop
  endfacet
  facet normal -0.07557091870113618 0.9960936551436157 -0.04567785491130218
    outer loop
      vertex 335.91172416411456 -1.9859728645560992 -333
      vertex 336.74813882204535 -1.9225163574409998 -333
      vertex 340.5649591106286 -1.9493577925054142 -339.9
    endloop
  endfacet
  facet normal -0.07642784209741416 0.9960064361829307 -0.04615153339283926
    outer loop
      vertex 336.74813882204535 -1.9225163574409998 -333
      vertex 336.7483388604203 -1.9225010076392535 -333
      vertex 340.5649591106286 -1.9493577925054142 -339.9
    endloop
  endfacet
  facet normal -0.07676300406989706 0.9959717096927048 -0.04634430599281395
    outer loop
      vertex 336.7483388604203 -1.9225010076392535 -333
      vertex 336.9021255909661 -1.9106481293818731 -333
      vertex 340.718521903142 -1.9375742613648677 -339.9
    endloop
  endfacet
  facet normal -0.07776471014644519 0.9958680798697915 -0.04689794614152893
    outer loop
      vertex 336.9021255909661 -1.9106481293818731 -333
      vertex 336.903173938055 -1.9105662667244099 -333
      vertex 340.718521903142 -1.9375742613648677 -339.9
    endloop
  endfacet
  facet normal -0.07809966394003712 0.995831271004259 -0.04712241698486118
    outer loop
      vertex 336.903173938055 -1.9105662667244099 -333
      vertex 337.70912839623935 -1.8473579962392936 -333
      vertex 341.52330301841494 -1.874731027985445 -339.9
    endloop
  endfacet
  facet normal -0.07900862234038855 0.9957356805247142 -0.04762449081993402
    outer loop
      vertex 337.70912839623935 -1.8473579962392936 -333
      vertex 337.70931487081975 -1.8473432000438903 -333
      vertex 341.52330301841494 -1.874731027985445 -339.9
    endloop
  endfacet
  facet normal -0.07934360845690214 0.9956998403459814 -0.047816521538325815
    outer loop
      vertex 337.70931487081975 -1.8473432000438903 -333
      vertex 337.85267385622797 -1.8359194569175927 -333
      vertex 341.6664533379919 -1.8633724819807505 -339.9
    endloop
  endfacet
  facet normal -0.079895196998503 0.9956410554049173 -0.048121162587292945
    outer loop
      vertex 337.85267385622797 -1.8359194569175927 -333
      vertex 337.8536817814607 -1.8358385759770255 -333
      vertex 341.6664533379919 -1.8633724819807505 -339.9
    endloop
  endfacet
  facet normal -0.08023000141090375 0.9956033417809307 -0.048343900424455126
    outer loop
      vertex 337.8536817814607 -1.8358385759770255 -333
      vertex 338.62856009439884 -1.7733955471809397 -333
      vertex 342.44020394163886 -1.801282879938526 -339.9
    endloop
  endfacet
  facet normal -0.08040162086178919 0.9955848926310606 -0.04843863052973812
    outer loop
      vertex 338.62856009439884 -1.7733955471809397 -333
      vertex 338.6287330036609 -1.7733815833441693 -333
      vertex 342.44020394163886 -1.801282879938526 -339.9
    endloop
  endfacet
  facet normal -0.0807365103168881 0.9955484628311216 -0.04862997076332444
    outer loop
      vertex 338.76166312267526 -1.7626012805001392 -333
      vertex 342.57294061847665 -1.7905633079111214 -339.9
      vertex 338.6287330036609 -1.7733815833441693 -333
    endloop
  endfacet
  facet normal -0.08091002346593966 0.9955296935443863 -0.048725736260845545
    outer loop
      vertex 338.76166312267526 -1.7626012805001392 -333
      vertex 338.7626303532129 -1.7625226704435986 -333
      vertex 342.57294061847665 -1.7905633079111214 -339.9
    endloop
  endfacet
  facet normal -0.08124475819058749 0.9954915879907702 -0.04894678238829725
    outer loop
      vertex 338.7626303532129 -1.7625226704435986 -333
      vertex 339.5062229949086 -1.7018360658598242 -333
      vertex 343.3154512612115 -1.7302169878400366 -339.9
    endloop
  endfacet
  facet normal -0.08197534405194296 0.9954117951343517 -0.049349782927312305
    outer loop
      vertex 339.5062229949086 -1.7018360658598242 -333
      vertex 339.50638260484465 -1.7018229214712572 -333
      vertex 343.3154512612115 -1.7302169878400366 -339.9
    endloop
  endfacet
  facet normal -0.08231012232757319 0.9953746975717326 -0.04954044001017634
    outer loop
      vertex 339.50638260484465 -1.7018229214712572 -333
      vertex 339.6290883500257 -1.691676064291957 -333
      vertex 343.43797848874624 -1.7201264788834942 -339.9
    endloop
  endfacet
  facet normal -0.08358908439111294 0.9952327459829309 -0.05024585847540256
    outer loop
      vertex 339.6290883500257 -1.691676064291957 -333
      vertex 339.6300135637607 -1.69159835606814 -333
      vertex 343.43797848874624 -1.7201264788834942 -339.9
    endloop
  endfacet
  facet normal -0.0839236235587113 0.9951934984861205 -0.05046509664839438
    outer loop
      vertex 339.6300135637607 -1.69159835606814 -333
      vertex 340.3413038510078 -1.631615992438656 -333
      vertex 344.1482342326356 -1.6604724657331982 -339.9
    endloop
  endfacet
  facet normal -0.08525964413947765 0.9950423059865348 -0.05120158570014407
    outer loop
      vertex 340.3413038510078 -1.631615992438656 -333
      vertex 340.3414504287462 -1.6316034330070217 -333
      vertex 344.1482342326356 -1.6604724657331982 -339.9
    endloop
  endfacet
  facet normal -0.08559418265682331 0.9950037936993444 -0.05139150142993201
    outer loop
      vertex 340.3414504287462 -1.6316034330070217 -333
      vertex 340.45413712614527 -1.621909675233186 -333
      vertex 344.26075707646874 -1.6508310087151876 -339.9
    endloop
  endfacet
  facet normal -0.08722332540456046 0.9948155112057091 -0.05228948431466736
    outer loop
      vertex 340.45413712614527 -1.621909675233186 -333
      vertex 340.4550195284146 -1.6218323080636876 -333
      vertex 344.26075707646874 -1.6508310087151876 -339.9
    endloop
  endfacet
  facet normal -0.08755758842865036 0.9947746981106637 -0.05250684438620512
    outer loop
      vertex 340.4550195284146 -1.6218323080636876 -333
      vertex 341.13339642317214 -1.5621232653392418 -333
      vertex 344.9381478852116 -1.5914388115967453 -339.9
    endloop
  endfacet
  facet normal -0.08960411012587162 0.9945322850429654 -0.05363429365404549
    outer loop
      vertex 341.13339642317214 -1.5621232653392418 -333
      vertex 341.1335302350755 -1.5621112093238607 -333
      vertex 344.9381478852116 -1.5914388115967453 -339.9
    endloop
  endfacet
  facet normal -0.08993831736406528 0.9944918990598487 -0.053823431459321495
    outer loop
      vertex 341.1335302350755 -1.5621112093238607 -333
      vertex 341.2364026495623 -1.5528077933072317 -333
      vertex 345.04087082304625 -1.5821838104559391 -339.9
    endloop
  endfacet
  facet normal -0.11665208048842723 0.9907955663368825 -0.06867632667009545
    outer loop
      vertex 343.9323854183303 -1.2772747963544182 -333
      vertex 344.439660935529 -1.2175503219294368 -333
      vertex 346.58447797614 -1.2352837900993887 -336.898979818463
    endloop
  endfacet
  facet normal -0.11918053813817439 0.9903973128676528 -0.07006541224903952
    outer loop
      vertex 344.439660935529 -1.2175503219294368 -333
      vertex 344.4397335729404 -1.2175415810275116 -333
      vertex 346.58447797614 -1.2352837900993887 -336.898979818463
    endloop
  endfacet
  facet normal -0.11951207220183924 0.9903442651833392 -0.07025027413821414
    outer loop
      vertex 344.4397335729404 -1.2175415810275116 -333
      vertex 344.49557563703763 -1.2108027114940423 -333
      vertex 346.58447797614 -1.2280952165034058 -336.79748810396393
    endloop
  endfacet
  facet normal -0.12173650470263477 0.9899858289187885 -0.0714722461012976
    outer loop
      vertex 344.49557563703763 -1.2108027114940423 -333
      vertex 344.49618840749804 -1.2107273603810709 -333
      vertex 346.58447797614 -1.2280952165034058 -336.79748810396393
    endloop
  endfacet
  facet normal -0.1220675950854157 0.9899302459961656 -0.07167712530531706
    outer loop
      vertex 344.49618840749804 -1.2107273603810709 -333
      vertex 344.96727273625794 -1.1526382866036735 -333
      vertex 346.58447797614 -1.1661668635150593 -335.9409759524238
    endloop
  endfacet
  facet normal -0.12468379130036024 0.9894988584001914 -0.07311608175829716
    outer loop
      vertex 345.01499611982445 -1.14662482696643 -333
      vertex 346.58447797614 -1.1597681667757707 -335.8542868127063
      vertex 344.96733473260736 -1.1526304958021367 -333
    endloop
  endfacet
  facet normal -0.12435279865416594 0.9895540939927991 -0.07293199934848311
    outer loop
      vertex 344.96727273625794 -1.1526382866036735 -333
      vertex 344.96733473260736 -1.1526304958021367 -333
      vertex 346.58447797614 -1.1661668635150593 -335.9409759524238
    endloop
  endfacet
  facet normal -0.1279744314102497 0.9889434248452523 -0.07492294281837816
    outer loop
      vertex 345.01499611982445 -1.14662482696643 -333
      vertex 345.01556101642166 -1.146551726403731 -333
      vertex 346.58447797614 -1.1597681667757707 -335.8542868127063
    endloop
  endfacet
  facet normal -0.1384588620022252 0.9870731598466648 -0.08072001389599318
    outer loop
      vertex 345.4902985695728 -1.0847448476522425 -333
      vertex 345.88716511242023 -1.0290755293841345 -333
      vertex 346.58447797614 -1.0350326019816405 -334.2689444302424
    endloop
  endfacet
  facet normal -0.1453812416013123 0.9857574780485289 -0.08453690946483051
    outer loop
      vertex 345.91999676325526 -1.0243253163568218 -333
      vertex 346.278826587107 -0.9714044646495428 -333
      vertex 346.58447797614 -0.9740398638309977 -333.5563705035268
    endloop
  endfacet
  facet normal -0.14764293877587387 0.985313960856886 -0.08577855891852115
    outer loop
      vertex 346.30443240431316 -0.9675676095878717 -333
      vertex 346.58447797614 -0.9699836959632188 -333.50977022000905
      vertex 346.2788598512207 -0.9713994916483747 -333
    endloop
  endfacet
  facet normal -0.14731461973329069 0.9853788680957501 -0.08559724950706135
    outer loop
      vertex 346.278826587107 -0.9714044646495428 -333
      vertex 346.2788598512207 -0.9713994916483747 -333
      vertex 346.58447797614 -0.9740398638309977 -333.5563705035268
    endloop
  endfacet
  facet normal -0.1489716268349261 0.9850502287456886 -0.08650723233477055
    outer loop
      vertex 346.30443240431316 -0.9675676095878717 -333
      vertex 346.3048738899156 -0.9675008426083818 -333
      vertex 346.58447797614 -0.9699836959632188 -333.50977022000905
    endloop
  endfacet
  facet normal -0.14921712588651115 0.9850001450988128 -0.0866542757022801
    outer loop
      vertex 346.3048738899156 -0.9675008426083818 -333
      vertex 346.58447797614 -0.9251437746017092 -333
      vertex 346.58447797614 -0.9662490971185231 -333.4672446721787
    endloop
  endfacet
  facet normal -0.1423358201845313 0.9863452120000347 -0.08284707029825068
    outer loop
      vertex 345.88716511242023 -1.0290755293841345 -333
      vertex 345.88720715709366 -1.0290694620732144 -333
      vertex 346.58447797614 -1.0350326019816405 -334.2689444302424
    endloop
  endfacet
  facet normal -0.1426647545414754 0.9862823807286322 -0.08302911101464486
    outer loop
      vertex 345.9195300069873 -1.0243939943407854 -333
      vertex 346.58447797614 -1.0300788945701789 -334.2100762552637
      vertex 345.88720715709366 -1.0290694620732144 -333
    endloop
  endfacet
  facet normal -0.14505283862907123 0.9858227878167828 -0.08433922590820359
    outer loop
      vertex 345.9195300069873 -1.0243939943407854 -333
      vertex 345.91999676325526 -1.0243253163568218 -333
      vertex 346.58447797614 -1.0300788945701789 -334.2100762552637
    endloop
  endfacet
  facet normal -0.1453812416013123 0.9857574780485288 -0.08453690946483054
    outer loop
      vertex 345.91999676325526 -1.0243253163568218 -333
      vertex 346.58447797614 -0.9740398638309977 -333.5563705035268
      vertex 346.58447797614 -1.0210846056966154 -334.104943977415
    endloop
  endfacet
  facet normal -0.1476429387757496 0.9853139608569113 -0.0857785589184466
    outer loop
      vertex 346.2788598512207 -0.9713994916483747 -333
      vertex 346.58447797614 -0.9699836959632188 -333.50977022000905
      vertex 346.58447797614 -0.9737116560793057 -333.55259223980295
    endloop
  endfacet
  facet normal -0.14897162683153198 0.9850502287463653 -0.08650723233291223
    outer loop
      vertex 346.3048738899156 -0.9675008426083818 -333
      vertex 346.58447797614 -0.9662490971185231 -333.4672446721787
      vertex 346.58447797614 -0.9699836959632188 -333.50977022000905
    endloop
  endfacet
  facet normal -0.14731461982124608 0.985378868078411 -0.08559724955529358
    outer loop
      vertex 346.2788598512207 -0.9713994916483747 -333
      vertex 346.58447797614 -0.9737116560793057 -333.55259223980295
      vertex 346.58447797614 -0.9740398638309977 -333.5563705035268
    endloop
  endfacet
  facet normal -0.1283048477320322 0.9888852382790161 -0.075125571959976
    outer loop
      vertex 345.01556101642166 -1.146551726403731 -333
      vertex 345.4498403259552 -1.090205308714407 -333
      vertex 346.58447797614 -1.099800648879575 -335.064120074403
    endloop
  endfacet
  facet normal -0.1329547412615211 0.9880734752033946 -0.07767782422010114
    outer loop
      vertex 345.4498403259552 -1.090205308714407 -333
      vertex 345.44989221381087 -1.090198326706899 -333
      vertex 346.58447797614 -1.099800648879575 -335.064120074403
    endloop
  endfacet
  facet normal -0.13328478286098452 0.9880145968445718 -0.07786092139037779
    outer loop
      vertex 345.44989221381087 -1.090198326706899 -333
      vertex 345.48978233702803 -1.0848170839314608 -333
      vertex 346.58447797614 -1.0940831002482436 -334.9915154761147
    endloop
  endfacet
  facet normal -0.13812961920503963 0.9871356277450446 -0.08051993998176793
    outer loop
      vertex 345.48978233702803 -1.0848170839314608 -333
      vertex 345.4902985695728 -1.0847448476522425 -333
      vertex 346.58447797614 -1.0940831002482436 -334.9915154761147
    endloop
  endfacet
  facet normal -0.13845886200222088 0.9870731598466657 -0.0807200138959894
    outer loop
      vertex 345.4902985695728 -1.0847448476522425 -333
      vertex 346.58447797614 -1.0350326019816405 -334.2689444302424
      vertex 346.58447797614 -1.0786641468239002 -334.80248654399793
    endloop
  endfacet
  facet normal -0.13812961919423206 0.9871356277470404 -0.08051993997583938
    outer loop
      vertex 345.4902985695728 -1.0847448476522425 -333
      vertex 346.58447797614 -1.0786641468239002 -334.80248654399793
      vertex 346.58447797614 -1.0940831002482436 -334.9915154761147
    endloop
  endfacet
  facet normal -0.145052838629795 0.9858227878166423 -0.0843392259086004
    outer loop
      vertex 345.91999676325526 -1.0243253163568218 -333
      vertex 346.58447797614 -1.0210846056966154 -334.104943977415
      vertex 346.58447797614 -1.0300788945701789 -334.2100762552637
    endloop
  endfacet
  facet normal -0.14266475454161567 0.986282380728605 -0.08302911101472567
    outer loop
      vertex 345.88720715709366 -1.0290694620732144 -333
      vertex 346.58447797614 -1.0300788945701789 -334.2100762552637
      vertex 346.58447797614 -1.03412777167433 -334.2581718701722
    endloop
  endfacet
  facet normal -0.14233582016124294 0.9863452120044685 -0.08284707028547476
    outer loop
      vertex 345.88720715709366 -1.0290694620732144 -333
      vertex 346.58447797614 -1.03412777167433 -334.2581718701722
      vertex 346.58447797614 -1.0350326019816405 -334.2689444302424
    endloop
  endfacet
  facet normal -0.09236093862772811 0.994196690096492 -0.055157940652138984
    outer loop
      vertex 341.2364026495623 -1.5528077933072317 -333
      vertex 341.23724197957654 -1.5527298194930912 -333
      vertex 345.04087082304625 -1.5821838104559391 -339.9
    endloop
  endfacet
  facet normal -0.09269479054500705 0.9941536444836745 -0.05537334165141913
    outer loop
      vertex 341.23724197957654 -1.5527298194930912 -333
      vertex 341.8825048159947 -1.4925655744589912 -333
      vertex 345.6851964972674 -1.5223259124672528 -339.9
    endloop
  endfacet
  facet normal -0.09517265686132403 0.9938425486143457 -0.0567375885079612
    outer loop
      vertex 341.8825048159947 -1.4925655744589912 -333
      vertex 341.8826255962336 -1.4925540082644795 -333
      vertex 345.6851964972674 -1.5223259124672528 -339.9
    endloop
  endfacet
  facet normal -0.09550641630963454 0.9937997629725358 -0.05692587776593768
    outer loop
      vertex 341.8826255962336 -1.4925540082644795 -333
      vertex 341.9754793556473 -1.4836305509113072 -333
      vertex 345.7779154606629 -1.5134469304805005 -339.9
    endloop
  endfacet
  facet normal -0.09813847492491358 0.9934592159266518 -0.05837487498757147
    outer loop
      vertex 341.9754793556473 -1.4836305509113072 -333
      vertex 341.97627508173565 -1.4835519454250239 -333
      vertex 345.7779154606629 -1.5134469304805005 -339.9
    endloop
  endfacet
  facet normal -0.10768424695655131 0.9921428366061109 -0.06369218734334879
    outer loop
      vertex 343.3234510120484 -1.3452910232932818 -333
      vertex 346.58447797614 -1.3727976010080352 -338.94188553978086
      vertex 343.249817745431 -1.353282960113354 -333
    endloop
  endfacet
  facet normal -0.11010142160863581 0.9917912568751128 -0.06502137914441156
    outer loop
      vertex 343.3234510120484 -1.3452910232932818 -333
      vertex 343.3241571292091 -1.3452126353233584 -333
      vertex 346.58447797614 -1.3716053582718835 -338.92331379433597
    endloop
  endfacet
  facet normal -0.09847183806943033 0.9934136666164616 -0.058588258950628275
    outer loop
      vertex 341.97627508173565 -1.4835519454250239 -333
      vertex 342.58801510690915 -1.4229133950166655 -333
      vertex 346.38876785452067 -1.4531041188434697 -339.9
    endloop
  endfacet
  facet normal -0.10135099724411943 0.9930293267386342 -0.060172515275976585
    outer loop
      vertex 342.58801510690915 -1.4229133950166655 -333
      vertex 342.5881233871542 -1.422902343670524 -333
      vertex 346.38876785452067 -1.4531041188434697 -339.9
    endloop
  endfacet
  facet normal -0.10168422948557235 0.992983884805358 -0.0603599369680335
    outer loop
      vertex 342.67136724439996 -1.4143779480454126 -333
      vertex 346.4718909893186 -1.4446203687888715 -339.9
      vertex 342.5881233871542 -1.422902343670524 -333
    endloop
  endfacet
  facet normal -0.10449850580683452 0.9925963022973879 -0.061908343134763975
    outer loop
      vertex 342.67136724439996 -1.4143779480454126 -333
      vertex 342.6721185681221 -1.4142988502227063 -333
      vertex 346.4718909893186 -1.4446203687888715 -339.9
    endloop
  endfacet
  facet normal -0.1048312988846187 0.9925480084479035 -0.06211964021357709
    outer loop
      vertex 342.6721185681221 -1.4142988502227063 -333
      vertex 343.249721966116 -1.3532933230980697 -333
      vertex 346.58447797614 -1.387123774996656 -339.1681804713221
    endloop
  endfacet
  facet normal -0.10735155689951924 0.992190847330863 -0.06350563521541559
    outer loop
      vertex 343.249721966116 -1.3532933230980697 -333
      vertex 343.249817745431 -1.353282960113354 -333
      vertex 346.58447797614 -1.3801599274060559 -339.0569120700013
    endloop
  endfacet
  facet normal -0.11319888678597002 0.9913275865531382 -0.06675049190191236
    outer loop
      vertex 343.86700585169666 -1.284764583374501 -333
      vertex 343.8670899273706 -1.2847549828420166 -333
      vertex 346.58447797614 -1.3069523176381563 -337.93794312260525
    endloop
  endfacet
  facet normal -0.11632043101683366 0.9908488856532116 -0.06846928601823456
    outer loop
      vertex 343.9317255724665 -1.2773522587771844 -333
      vertex 343.9323854183303 -1.2772747963544182 -333
      vertex 346.58447797614 -1.299042143111958 -337.820565831684
    endloop
  endfacet
  facet normal -0.1135310198465176 0.9912770815052578 -0.06693620257400275
    outer loop
      vertex 343.9317255724665 -1.2773522587771844 -333
      vertex 346.58447797614 -1.30139234354548 -337.8553706120137
      vertex 343.8670899273706 -1.2847549828420166 -333
    endloop
  endfacet
  facet normal -0.1104336869564434 0.9917405764311206 -0.06523058979708
    outer loop
      vertex 343.3241571292091 -1.3452126353233584 -333
      vertex 343.86700585169666 -1.284764583374501 -333
      vertex 346.58447797614 -1.3230938580266498 -338.18335283941406
    endloop
  endfacet
  facet normal -0.12206759508542236 0.9899302459961645 -0.07167712530532182
    outer loop
      vertex 344.49618840749804 -1.2107273603810709 -333
      vertex 346.58447797614 -1.1661668635150593 -335.9409759524238
      vertex 346.58447797614 -1.1978269821551781 -336.37823273274495
    endloop
  endfacet
  facet normal -0.12173650470299396 0.9899858289187302 -0.07147224610149486
    outer loop
      vertex 344.49618840749804 -1.2107273603810709 -333
      vertex 346.58447797614 -1.1978269821551781 -336.37823273274495
      vertex 346.58447797614 -1.2280952165034058 -336.79748810396393
    endloop
  endfacet
  facet normal -0.11951207220189256 0.9903442651833306 -0.07025027413824425
    outer loop
      vertex 344.4397335729404 -1.2175415810275116 -333
      vertex 346.58447797614 -1.2280952165034058 -336.79748810396393
      vertex 346.58447797614 -1.2312861876305607 -336.84247241178207
    endloop
  endfacet
  facet normal -0.1191805381008752 0.9903973128735908 -0.07006541222854903
    outer loop
      vertex 344.4397335729404 -1.2175415810275116 -333
      vertex 346.58447797614 -1.2312861876305607 -336.84247241178207
      vertex 346.58447797614 -1.2352837900993887 -336.898979818463
    endloop
  endfacet
  facet normal -0.11010142160641109 0.9917912568754399 -0.06502137914318849
    outer loop
      vertex 343.3241571292091 -1.3452126353233584 -333
      vertex 346.58447797614 -1.3230938580266498 -338.18335283941406
      vertex 346.58447797614 -1.3716053582718835 -338.92331379433597
    endloop
  endfacet
  facet normal -0.10735155688246002 0.9921908473333092 -0.0635056352060344
    outer loop
      vertex 343.249817745431 -1.353282960113354 -333
      vertex 346.58447797614 -1.3727976010080352 -338.94188553978086
      vertex 346.58447797614 -1.3801599274060559 -339.0569120700013
    endloop
  endfacet
  facet normal -0.10768424695653048 0.992142836606114 -0.06369218734333747
    outer loop
      vertex 343.3234510120484 -1.3452910232932818 -333
      vertex 346.58447797614 -1.3716053582718835 -338.92331379433597
      vertex 346.58447797614 -1.3727976010080352 -338.94188553978086
    endloop
  endfacet
  facet normal -0.11632043101656331 0.9908488856532536 -0.068469286018086
    outer loop
      vertex 343.9323854183303 -1.2772747963544182 -333
      vertex 346.58447797614 -1.2598065900813684 -337.2527710398984
      vertex 346.58447797614 -1.299042143111958 -337.820565831684
    endloop
  endfacet
  facet normal -0.11665208048843131 0.9907955663368819 -0.06867632667009826
    outer loop
      vertex 343.9323854183303 -1.2772747963544182 -333
      vertex 346.58447797614 -1.2352837900993887 -336.898979818463
      vertex 346.58447797614 -1.2598065900813684 -337.2527710398984
    endloop
  endfacet
  facet normal -0.11319888676496959 0.9913275865563135 -0.06675049189036993
    outer loop
      vertex 343.8670899273706 -1.2847549828420166 -333
      vertex 346.58447797614 -1.30139234354548 -337.8553706120137
      vertex 346.58447797614 -1.3069523176381563 -337.93794312260525
    endloop
  endfacet
  facet normal -0.11353101984661565 0.991277081505243 -0.06693620257405615
    outer loop
      vertex 343.9317255724665 -1.2773522587771844 -333
      vertex 346.58447797614 -1.299042143111958 -337.820565831684
      vertex 346.58447797614 -1.30139234354548 -337.8553706120137
    endloop
  endfacet
  facet normal -0.11043368695642662 0.9917405764311231 -0.06523058979707125
    outer loop
      vertex 343.86700585169666 -1.284764583374501 -333
      vertex 346.58447797614 -1.3069523176381563 -337.93794312260525
      vertex 346.58447797614 -1.3230938580266498 -338.18335283941406
    endloop
  endfacet
  facet normal -0.12830484773203676 0.9888852382790153 -0.07512557195997949
    outer loop
      vertex 345.01556101642166 -1.146551726403731 -333
      vertex 346.58447797614 -1.099800648879575 -335.064120074403
      vertex 346.58447797614 -1.1375436071332774 -335.56093431877173
    endloop
  endfacet
  facet normal -0.12797443140926698 0.9889434248454204 -0.07492294281783878
    outer loop
      vertex 345.01556101642166 -1.146551726403731 -333
      vertex 346.58447797614 -1.1375436071332774 -335.56093431877173
      vertex 346.58447797614 -1.1597681667757707 -335.8542868127063
    endloop
  endfacet
  facet normal -0.12468379130051499 0.9894988584001656 -0.07311608175838474
    outer loop
      vertex 344.96733473260736 -1.1526304958021367 -333
      vertex 346.58447797614 -1.1597681667757707 -335.8542868127063
      vertex 346.58447797614 -1.1634769374181009 -335.904478565716
    endloop
  endfacet
  facet normal -0.12435279856567612 0.9895540940075004 -0.07293199929989319
    outer loop
      vertex 344.96733473260736 -1.1526304958021367 -333
      vertex 346.58447797614 -1.1634769374181009 -335.904478565716
      vertex 346.58447797614 -1.1661668635150593 -335.9409759524238
    endloop
  endfacet
  facet normal -0.13328478286104628 0.9880145968445607 -0.07786092139041297
    outer loop
      vertex 345.44989221381087 -1.090198326706899 -333
      vertex 346.58447797614 -1.0940831002482436 -334.9915154761147
      vertex 346.58447797614 -1.0981090320287057 -335.0426024565147
    endloop
  endfacet
  facet normal -0.13295474131034205 0.9880734751947187 -0.07767782424689622
    outer loop
      vertex 345.44989221381087 -1.090198326706899 -333
      vertex 346.58447797614 -1.0981090320287057 -335.0426024565147
      vertex 346.58447797614 -1.099800648879575 -335.064120074403
    endloop
  endfacet
  facet normal -0.0667127474321534 0.9969578544293972 -0.040304414418107684
    outer loop
      vertex 326.5615775600796 -2.6402038400789194 -333
      vertex 332.73880396159564 -2.505795665575576 -339.9
      vertex 331.702105824253 -2.5751676863612554 -339.9
    endloop
  endfacet
  facet normal -0.06702599638099185 0.9969266650662367 -0.04055539777941717
    outer loop
      vertex 327.6276884022847 -2.5687344658925064 -333
      vertex 332.96382726639285 -2.490666758162938 -339.9
      vertex 332.73880396159564 -2.505795665575576 -339.9
    endloop
  endfacet
  facet normal -0.06756158092889016 0.9968777791657566 -0.040867177391377074
    outer loop
      vertex 329.12732519755673 -2.467812021635416 -333
      vertex 333.97275953325834 -2.422288206223857 -339.9
      vertex 332.96382726639285 -2.490666758162938 -339.9
    endloop
  endfacet
  facet normal -0.06801141772182602 0.9968348732166767 -0.04116652278926825
    outer loop
      vertex 330.1380115234677 -2.398972049136438 -333
      vertex 334.1881868019492 -2.4075901711196805 -339.9
      vertex 333.97275953325834 -2.422288206223857 -339.9
    endloop
  endfacet
  facet normal -0.06848881997424455 0.9967907617168942 -0.04144223563454666
    outer loop
      vertex 334.1881868019492 -2.4075901711196805 -339.9
      vertex 330.355030960057 -2.3840916532868643 -333
      vertex 335.16894499084685 -2.3402029383949503 -339.9
    endloop
  endfacet
  facet normal -0.06916922304151013 0.99672598738704 -0.04186794300135054
    outer loop
      vertex 331.33748908107543 -2.316254552765714 -333
      vertex 335.37457212805543 -2.325933149609515 -339.9
      vertex 335.16894499084685 -2.3402029383949503 -339.9
    endloop
  endfacet
  facet normal 0 0 1
    outer loop
      vertex 331.4676899832998 -2.5908460835950313 -339.9
      vertex 331.702105824253 -2.5751676863612554 -339.9
      vertex 332.73880396159564 -2.505795665575576 -339.9
    endloop
  endfacet
  facet normal -0.06532980638173784 0.9970866726683473 -0.039372370836523854
    outer loop
      vertex 328.81663708531147 -2.7661926104706733 -339.9
      vertex 329.06861185065856 -2.749683050083956 -339.9
      vertex 333.94736712831434 -2.69897239343637 -346.711
    endloop
  endfacet
  facet normal -0.06553947776303114 0.9970669649237854 -0.03952270628663777
    outer loop
      vertex 329.06861185065856 -2.749683050083956 -339.9
      vertex 330.1600272620276 -2.6779418344985833 -339.9
      vertex 333.94736712831434 -2.69897239343637 -346.711
    endloop
  endfacet
  facet normal -0.06599445352164374 0.9970264178897227 -0.03978761282569794
    outer loop
      vertex 330.1600272620276 -2.6779418344985833 -339.9
      vertex 330.40342677376066 -2.661830909576196 -339.9
      vertex 334.1900501341087 -2.6829911228050753 -346.711
    endloop
  endfacet
  facet normal -0.06649705071977582 0.9969787718109611 -0.040143128974696254
    outer loop
      vertex 330.40342677376066 -2.661830909576196 -339.9
      vertex 331.4676899832998 -2.5908460835950313 -339.9
      vertex 336.51855290852643 -2.528204191473968 -346.711
    endloop
  endfacet
  facet normal -0.06670663384802968 0.9969584712669619 -0.04029927505188249
    outer loop
      vertex 331.4676899832998 -2.5908460835950313 -339.9
      vertex 332.73880396159564 -2.505795665575576 -339.9
      vertex 336.7429138570479 -2.513195843123385 -346.711
    endloop
  endfacet
  facet normal -0.06702618217515653 0.9969294285187306 -0.04048710234555896
    outer loop
      vertex 332.73880396159564 -2.505795665575576 -339.9
      vertex 332.96382726639285 -2.490666758162938 -339.9
      vertex 336.7429138570479 -2.513195843123385 -346.711
    endloop
  endfacet
  facet normal -0.06997871347760475 0.9966500819763192 -0.04232722240610037
    outer loop
      vertex 331.54465705526013 -2.3018070239870614 -333
      vertex 336.32695467499013 -2.2590626334892963 -339.9
      vertex 335.37457212805543 -2.325933149609515 -339.9
    endloop
  endfacet
  facet normal -0.07068994188481467 0.9965810574772236 -0.04276830595079036
    outer loop
      vertex 332.4986844666545 -2.2344975343133093 -333
      vertex 336.5223735391089 -2.245201093533156 -339.9
      vertex 336.32695467499013 -2.2590626334892963 -339.9
    endloop
  endfacet
  facet normal -0.07122014464452114 0.9965302336242705 -0.043071852404678146
    outer loop
      vertex 332.6955919613328 -2.220463415469522 -333
      vertex 337.4461745156009 -2.179178772334505 -339.9
      vertex 336.5223735391089 -2.245201093533156 -339.9
    endloop
  endfacet
  facet normal -0.07162717514717068 0.9964893182781646 -0.04334266186974885
    outer loop
      vertex 333.62098224151083 -2.1540137761288825 -333
      vertex 337.6311801598313 -2.1658806551952243 -339.9
      vertex 337.4461745156009 -2.179178772334505 -339.9
    endloop
  endfacet
  facet normal -0.07203954403520171 0.9964492321276854 -0.04358017768833093
    outer loop
      vertex 333.8074235086149 -2.1405491685720817 -333
      vertex 338.525988741695 -2.1011893491478437 -339.9
      vertex 337.6311801598313 -2.1658806551952243 -339.9
    endloop
  endfacet
  facet normal -0.07265370170077877 0.9963877767309481 -0.04396405361579749
    outer loop
      vertex 334.70376534029 -2.075443056681521 -333
      vertex 338.70058114486716 -2.08845857838216 -339.9
      vertex 338.525988741695 -2.1011893491478437 -339.9
    endloop
  endfacet
  facet normal -0.07346056266062972 0.9963084243585778 -0.04441924454233335
    outer loop
      vertex 334.87973929884333 -2.0625513443722427 -333
      vertex 339.56558307012654 -2.024679605346786 -339.9
      vertex 338.70058114486716 -2.08845857838216 -339.9
    endloop
  endfacet
  facet normal -0.07379628030098523 0.9962734171029495 -0.044647367086432514
    outer loop
      vertex 335.7460032586007 -1.9983855797678216 -333
      vertex 339.565583071382 -2.0246796052537923 -339.9
      vertex 339.56558307012654 -2.024679605346786 -339.9
    endloop
  endfacet
  facet normal 0.006883828742797639 0.999976306167009 -0.0000025345423845568577
    outer loop
      vertex 335.74621712690845 -1.998369634066799 -333
      vertex 339.5655830769176 -2.0246796052918996 -339.9
      vertex 339.565583071382 -2.0246796052537923 -339.9
    endloop
  endfacet
  facet normal -0.07427710247625015 0.9962257290154755 -0.04491334874307751
    outer loop
      vertex 335.74621712690845 -1.998369634066799 -333
      vertex 339.72976264229817 -2.0124386221019464 -339.9
      vertex 339.5655830769176 -2.0246796052918996 -339.9
    endloop
  endfacet
  facet normal -0.06756167279256615 0.9968791346233417 -0.04083394815699107
    outer loop
      vertex 332.96382726639285 -2.490666758162938 -339.9
      vertex 333.97275953325834 -2.422288206223857 -339.9
      vertex 337.7488764585496 -2.4453594532441474 -346.711
    endloop
  endfacet
  facet normal -0.06801162116042309 0.9968378549908405 -0.04109391979832441
    outer loop
      vertex 333.97275953325834 -2.422288206223857 -339.9
      vertex 334.1881868019492 -2.4075901711196805 -339.9
      vertex 337.96366966702647 -2.4307774701506726 -346.711
    endloop
  endfacet
  facet normal -0.06848892055878969 0.9967922256309376 -0.041406843424893966
    outer loop
      vertex 334.1881868019492 -2.4075901711196805 -339.9
      vertex 335.16894499084685 -2.3402029383949503 -339.9
      vertex 338.9415413321627 -2.3639199767488828 -346.711
    endloop
  endfacet
  facet normal -0.06916943814787893 0.9967290870619885 -0.041793729564156175
    outer loop
      vertex 335.16894499084685 -2.3402029383949503 -339.9
      vertex 335.37457212805543 -2.325933149609515 -339.9
      vertex 339.1465633097977 -2.3497616719531433 -346.711
    endloop
  endfacet
  facet normal -0.069978827424645 0.9966517048316332 -0.04228880429228053
    outer loop
      vertex 335.37457212805543 -2.325933149609515 -339.9
      vertex 336.32695467499013 -2.2590626334892963 -339.9
      vertex 340.096143182053 -2.2834098089873947 -346.711
    endloop
  endfacet
  facet normal -0.07069017314570547 0.9965843177744738 -0.042691884317946224
    outer loop
      vertex 336.32695467499013 -2.2590626334892963 -339.9
      vertex 336.5223735391089 -2.245201093533156 -339.9
      vertex 340.29098699969927 -2.26965510671248 -346.711
    endloop
  endfacet
  facet normal -0.06379663985564178 0.9972275528162904 -0.03830400301746817
    outer loop
      vertex 329.8240208676108 -2.966003762615544 -346.711
      vertex 330.0909286323257 -2.948928604100215 -346.711
      vertex 330.74084933606565 -2.9533280755031677 -347.90800364348775
    endloop
  endfacet
  facet normal -0.0639631768782319 0.9972122274853051 -0.03842506158017442
    outer loop
      vertex 330.0909286323257 -2.948928604100215 -346.711
      vertex 331.2332786652389 -2.8756559995350464 -346.711
      vertex 330.9601644347834 -2.9392976104119377 -347.90800364348775
    endloop
  endfacet
  facet normal -0.06379663985564749 0.9972275528162902 -0.03830400301747127
    outer loop
      vertex 330.0909286323257 -2.948928604100215 -346.711
      vertex 330.9601644347834 -2.9392976104119377 -347.90800364348775
      vertex 330.74084933606565 -2.9533280755031677 -347.90800364348775
    endloop
  endfacet
  facet normal -0.06396317687823111 0.9972122274853051 -0.0384250615801746
    outer loop
      vertex 331.2332786652389 -2.8756559995350464 -346.711
      vertex 331.89882056757216 -2.879090337983272 -347.90800364348775
      vertex 330.9601644347834 -2.9392976104119377 -347.90800364348775
    endloop
  endfacet
  facet normal -0.06398150412400049 0.9972106592423451 -0.038435247149953874
    outer loop
      vertex 331.2332786652389 -2.8756559995350464 -346.711
      vertex 331.94488907243755 -2.8761345610802547 -347.90800364348775
      vertex 331.89882056757216 -2.879090337983272 -347.90800364348775
    endloop
  endfacet
  facet normal -0.06474602921815253 0.9971409731350869 -0.03895935568890022
    outer loop
      vertex 327.6978624976441 -2.839215554178383 -339.9
      vertex 332.6079317055415 -2.7865095535059443 -346.711
      vertex 331.4924507452025 -2.85893959579307 -346.711
    endloop
  endfacet
  facet normal -0.06499401691216412 0.9971178317891424 -0.039138309796681495
    outer loop
      vertex 327.6978624976441 -2.839215554178383 -339.9
      vertex 332.85916468207415 -2.770133715259868 -346.711
      vertex 332.6079317055415 -2.7865095535059443 -346.711
    endloop
  endfacet
  facet normal -0.06520373114760002 0.9970986755248269 -0.03927727983284053
    outer loop
      vertex 328.81663708531147 -2.7661926104706733 -339.9
      vertex 333.94736712831434 -2.69897239343637 -346.711
      vertex 332.85916468207415 -2.770133715259868 -346.711
    endloop
  endfacet
  facet normal -0.06565861381844587 0.9970564997846421 -0.03958892103402563
    outer loop
      vertex 330.1600272620276 -2.6779418344985833 -339.9
      vertex 334.1900501341087 -2.6829911228050753 -346.711
      vertex 333.94736712831434 -2.69897239343637 -346.711
    endloop
  endfacet
  facet normal -0.0661614119866824 0.9970116459519405 -0.03988038866574639
    outer loop
      vertex 330.40342677376066 -2.661830909576196 -339.9
      vertex 335.2511805511072 -2.612574807232745 -346.711
      vertex 334.1900501341087 -2.6829911228050753 -346.711
    endloop
  endfacet
  facet normal -0.06634397938693652 0.9969943027531609 -0.04001045709366832
    outer loop
      vertex 330.40342677376066 -2.661830909576196 -339.9
      vertex 335.484906369669 -2.597021758588398 -346.711
      vertex 335.2511805511072 -2.612574807232745 -346.711
    endloop
  endfacet
  facet normal -0.06637714095897387 0.9969911010863082 -0.04003522839729283
    outer loop
      vertex 330.40342677376066 -2.661830909576196 -339.9
      vertex 336.51855290852643 -2.528204191473968 -346.711
      vertex 335.484906369669 -2.597021758588398 -346.711
    endloop
  endfacet
  facet normal -0.06431744398130768 0.9971813310969517 -0.03863494935188999
    outer loop
      vertex 331.2332786652389 -2.8756559995350464 -346.711
      vertex 331.4924507452025 -2.85893959579307 -346.711
      vertex 331.94488907243755 -2.8761345610802547 -347.90800364348775
    endloop
  endfacet
  facet normal -0.064746097362246 0.9971420226089847 -0.038932372437622854
    outer loop
      vertex 331.4924507452025 -2.85893959579307 -346.711
      vertex 332.6079317055415 -2.7865095535059443 -346.711
      vertex 332.40078479660593 -2.846695709771489 -347.90800364348775
    endloop
  endfacet
  facet normal -0.06431744398130153 0.9971813310969523 -0.03863494935188768
    outer loop
      vertex 331.4924507452025 -2.85893959579307 -346.711
      vertex 332.1578478462777 -2.862398880738421 -347.90800364348775
      vertex 331.94488907243755 -2.8761345610802547 -347.90800364348775
    endloop
  endfacet
  facet normal -0.06441029876877465 0.9971733373951014 -0.03868654289067855
    outer loop
      vertex 331.4924507452025 -2.85893959579307 -346.711
      vertex 332.3561274806761 -2.8495914278990533 -347.90800364348775
      vertex 332.1578478462777 -2.862398880738421 -347.90800364348775
    endloop
  endfacet
  facet normal -0.06465830294724176 0.9971503216133584 -0.03886566564924384
    outer loop
      vertex 331.4924507452025 -2.85893959579307 -346.711
      vertex 332.40078479660593 -2.846695709771489 -347.90800364348775
      vertex 332.3561274806761 -2.8495914278990533 -347.90800364348775
    endloop
  endfacet
  facet normal -0.06499411483878055 0.9971193341485951 -0.039099852984193835
    outer loop
      vertex 332.6079317055415 -2.7865095535059443 -346.711
      vertex 332.85916468207415 -2.770133715259868 -346.711
      vertex 333.5107937443344 -2.774597185402972 -347.90800364348775
    endloop
  endfacet
  facet normal -0.06474609736224532 0.9971420226089845 -0.038932372437622965
    outer loop
      vertex 332.6079317055415 -2.7865095535059443 -346.711
      vertex 333.31736291562703 -2.787180761259972 -347.90800364348775
      vertex 332.40078479660593 -2.846695709771489 -347.90800364348775
    endloop
  endfacet
  facet normal -0.06486803115441783 0.9971312737655517 -0.03900463322270477
    outer loop
      vertex 332.6079317055415 -2.7865095535059443 -346.711
      vertex 333.5107937443344 -2.774597185402972 -347.90800364348775
      vertex 333.31736291562703 -2.787180761259972 -347.90800364348775
    endloop
  endfacet
  facet normal -0.06520380029606387 0.9970997329465497 -0.039250311907934675
    outer loop
      vertex 332.85916468207415 -2.770133715259868 -346.711
      vertex 333.94736712831434 -2.69897239343637 -346.711
      vertex 333.7172290464631 -2.761141343886483 -347.90800364348775
    endloop
  endfacet
  facet normal -0.0656588066795208 0.9970594284695021 -0.03951477199087714
    outer loop
      vertex 333.94736712831434 -2.69897239343637 -346.711
      vertex 334.1900501341087 -2.6829911228050753 -346.711
      vertex 334.6545302613835 -2.699842791503741 -347.90800364348775
    endloop
  endfacet
  facet normal -0.06499411483878319 0.997119334148595 -0.039099852984195264
    outer loop
      vertex 332.85916468207415 -2.770133715259868 -346.711
      vertex 333.7172290464631 -2.761141343886483 -347.90800364348775
      vertex 333.5107937443344 -2.774597185402972 -347.90800364348775
    endloop
  endfacet
  facet normal -0.0652038002960654 0.9970997329465495 -0.03925031190793437
    outer loop
      vertex 333.94736712831434 -2.69897239343637 -346.711
      vertex 334.61139271823555 -2.7026688886648222 -347.90800364348775
      vertex 333.7172290464631 -2.761141343886483 -347.90800364348775
    endloop
  endfacet
  facet normal -0.06669041135560404 0.9969600651258789 -0.04028669231177627
    outer loop
      vertex 331.4676899832998 -2.5908460835950313 -339.9
      vertex 336.7429138570479 -2.513195843123385 -346.711
      vertex 336.51855290852643 -2.528204191473968 -346.711
    endloop
  endfacet
  facet normal -0.06722603275537263 0.9969114647702229 -0.040597930115491856
    outer loop
      vertex 332.96382726639285 -2.490666758162938 -339.9
      vertex 337.7488764585496 -2.4453594532441474 -346.711
      vertex 336.7429138570479 -2.513195843123385 -346.711
    endloop
  endfacet
  facet normal -0.06767590079284493 0.9968687917600036 -0.04089724277781619
    outer loop
      vertex 333.97275953325834 -2.422288206223857 -339.9
      vertex 337.96366966702647 -2.4307774701506726 -346.711
      vertex 337.7488764585496 -2.4453594532441474 -346.711
    endloop
  endfacet
  facet normal -0.06815333645164323 0.9968249362871899 -0.041172431632691825
    outer loop
      vertex 334.1881868019492 -2.4075901711196805 -339.9
      vertex 338.9415413321627 -2.3639199767488828 -346.711
      vertex 337.96366966702647 -2.4307774701506726 -346.711
    endloop
  endfacet
  facet normal -0.06883378762464971 0.9967605211578704 -0.041597754053979294
    outer loop
      vertex 335.16894499084685 -2.3402029383949503 -339.9
      vertex 339.1465633097977 -2.3497616719531433 -346.711
      vertex 338.9415413321627 -2.3639199767488828 -346.711
    endloop
  endfacet
  facet normal -0.06964333601142485 0.9966850538514566 -0.04205602428093795
    outer loop
      vertex 335.37457212805543 -2.325933149609515 -339.9
      vertex 340.096143182053 -2.2834098089873947 -346.711
      vertex 339.1465633097977 -2.3497616719531433 -346.711
    endloop
  endfacet
  facet normal -0.06616143809019692 0.9970120393157946 -0.03987051001927968
    outer loop
      vertex 334.1900501341087 -2.6829911228050753 -346.711
      vertex 335.2511805511072 -2.612574807232745 -346.711
      vertex 335.26783770744424 -2.6593376170128917 -347.90800364348775
    endloop
  endfacet
  facet normal -0.06532294434186976 0.9970893318548932 -0.03931637373501851
    outer loop
      vertex 333.94736712831434 -2.69897239343637 -346.711
      vertex 334.6545302613835 -2.699842791503741 -347.90800364348775
      vertex 334.61139271823555 -2.7026688886648222 -347.90800364348775
    endloop
  endfacet
  facet normal -0.06565880667953372 0.9970594284695012 -0.03951477199088213
    outer loop
      vertex 334.1900501341087 -2.6829911228050753 -346.711
      vertex 334.8539401490267 -2.68671116174437 -347.90800364348775
      vertex 334.6545302613835 -2.699842791503741 -347.90800364348775
    endloop
  endfacet
  facet normal -0.0658257764367008 0.9970447464334622 -0.03960733222445662
    outer loop
      vertex 334.1900501341087 -2.6829911228050753 -346.711
      vertex 335.0425588965408 -2.6742583851262216 -347.90800364348775
      vertex 334.8539401490267 -2.68671116174437 -347.90800364348775
    endloop
  endfacet
  facet normal -0.06600835626972085 0.9970274964332531 -0.03973749185101031
    outer loop
      vertex 334.1900501341087 -2.6829911228050753 -346.711
      vertex 335.08410428281786 -2.6715078665411784 -347.90800364348775
      vertex 335.0425588965408 -2.6742583851262216 -347.90800364348775
    endloop
  endfacet
  facet normal -0.06604152010565202 0.9970243114852314 -0.03976229281033675
    outer loop
      vertex 334.1900501341087 -2.6829911228050753 -346.711
      vertex 335.26783770744424 -2.6593376170128917 -347.90800364348775
      vertex 335.08410428281786 -2.6715078665411784 -347.90800364348775
    endloop
  endfacet
  facet normal -0.06616143809019673 0.9970120393157946 -0.03987051001927968
    outer loop
      vertex 335.2511805511072 -2.612574807232745 -346.711
      vertex 336.1397565982454 -2.6014773250218313 -347.90800364348775
      vertex 335.26783770744424 -2.6593376170128917 -347.90800364348775
    endloop
  endfacet
  facet normal -0.06635481198288339 0.9969934304123605 -0.04001423048503931
    outer loop
      vertex 335.2511805511072 -2.612574807232745 -346.711
      vertex 336.1796373572218 -2.5988230645393746 -347.90800364348775
      vertex 336.1397565982454 -2.6014773250218313 -347.90800364348775
    endloop
  endfacet
  facet normal 0 0 1
    outer loop
      vertex 335.2511805511072 -2.612574807232745 -346.711
      vertex 335.484906369669 -2.597021758588398 -346.711
      vertex 336.51855290852643 -2.528204191473968 -346.711
    endloop
  endfacet
  facet normal -0.06637103559002919 0.9969918446558153 -0.040026832556446804
    outer loop
      vertex 335.2511805511072 -2.612574807232745 -346.711
      vertex 336.51855290852643 -2.528204191473968 -346.711
      vertex 336.1796373572218 -2.5988230645393746 -347.90800364348775
    endloop
  endfacet
  facet normal -0.06669060587877762 0.9969629730676921 -0.04021434345541376
    outer loop
      vertex 336.51855290852643 -2.528204191473968 -346.711
      vertex 336.7429138570479 -2.513195843123385 -346.711
      vertex 337.2210229234171 -2.5294966815329527 -347.90800364348775
    endloop
  endfacet
  facet normal -0.06637103559002726 0.9969918446558154 -0.04002683255644736
    outer loop
      vertex 336.51855290852643 -2.528204191473968 -346.711
      vertex 337.2210229234171 -2.5294966815329527 -347.90800364348775
      vertex 336.1796373572218 -2.5988230645393746 -347.90800364348775
    endloop
  endfacet
  facet normal -0.06669060587877283 0.9969629730676923 -0.040214343455411854
    outer loop
      vertex 336.7429138570479 -2.513195843123385 -346.711
      vertex 337.4053777833289 -2.5171644910340576 -347.90800364348775
      vertex 337.2210229234171 -2.5294966815329527 -347.90800364348775
    endloop
  endfacet
  facet normal -0.06689047024855012 0.9969451177141091 -0.04032489622961149
    outer loop
      vertex 336.7429138570479 -2.513195843123385 -346.711
      vertex 337.58419035031625 -2.5051669833682806 -347.90800364348775
      vertex 337.4053777833289 -2.5171644910340576 -347.90800364348775
    endloop
  endfacet
  facet normal -0.06722613360567813 0.996912960304343 -0.040561022394201014
    outer loop
      vertex 336.7429138570479 -2.513195843123385 -346.711
      vertex 337.7488764585496 -2.4453594532441474 -346.711
      vertex 337.58419035031625 -2.5051669833682806 -347.90800364348775
    endloop
  endfacet
  facet normal -0.06767611340493643 0.9968719235448227 -0.04082048165378952
    outer loop
      vertex 337.7488764585496 -2.4453594532441474 -346.711
      vertex 337.96366966702647 -2.4307774701506726 -346.711
      vertex 338.4489585460778 -2.446847538609129 -347.90800364348775
    endloop
  endfacet
  facet normal -0.06722613360567833 0.9969129603043431 -0.04056102239420099
    outer loop
      vertex 337.7488764585496 -2.4453594532441474 -346.711
      vertex 338.41077846958797 -2.4494265872096603 -347.90800364348775
      vertex 337.58419035031625 -2.5051669833682806 -347.90800364348775
    endloop
  endfacet
  facet normal -0.06734036956024812 0.9969026795902093 -0.0406241560324586
    outer loop
      vertex 337.7488764585496 -2.4453594532441474 -346.711
      vertex 338.4489585460778 -2.446847538609129 -347.90800364348775
      vertex 338.41077846958797 -2.4494265872096603 -347.90800364348775
    endloop
  endfacet
  facet normal -0.06767611340494892 0.9968719235448217 -0.04082048165379458
    outer loop
      vertex 337.96366966702647 -2.4307774701506726 -346.711
      vertex 338.62545170194875 -2.4348656876312753 -347.90800364348775
      vertex 338.4489585460778 -2.446847538609129 -347.90800364348775
    endloop
  endfacet
  facet normal -0.07523579114765185 0.9961293702139034 -0.045451661439811615
    outer loop
      vertex 335.91172416411456 -1.9859728645560992 -333
      vertex 340.5649591106286 -1.9493577925054142 -339.9
      vertex 339.72976264229817 -2.0124386221019464 -339.9
    endloop
  endfacet
  facet normal -0.07642784208897133 0.9960064361837949 -0.04615153338817262
    outer loop
      vertex 336.7483388604203 -1.9225010076392535 -333
      vertex 340.718521903142 -1.9375742613648677 -339.9
      vertex 340.5649591106286 -1.9493577925054142 -339.9
    endloop
  endfacet
  facet normal -0.07776471014378594 0.9958680798700685 -0.04689794614005958
    outer loop
      vertex 336.903173938055 -1.9105662667244099 -333
      vertex 341.52330301841494 -1.874731027985445 -339.9
      vertex 340.718521903142 -1.9375742613648677 -339.9
    endloop
  endfacet
  facet normal -0.07900862232924567 0.9957356805258927 -0.04762449081377944
    outer loop
      vertex 337.70931487081975 -1.8473432000438903 -333
      vertex 341.6664533379919 -1.8633724819807505 -339.9
      vertex 341.52330301841494 -1.874731027985445 -339.9
    endloop
  endfacet
  facet normal -0.07989519699966831 0.9956410554047928 -0.04812116258793637
    outer loop
      vertex 337.8536817814607 -1.8358385759770255 -333
      vertex 342.44020394163886 -1.801282879938526 -339.9
      vertex 341.6664533379919 -1.8633724819807505 -339.9
    endloop
  endfacet
  facet normal -0.08040162086469066 0.9955848926307485 -0.04843863053133959
    outer loop
      vertex 338.6287330036609 -1.7733815833441693 -333
      vertex 342.57294061847665 -1.7905633079111214 -339.9
      vertex 342.44020394163886 -1.801282879938526 -339.9
    endloop
  endfacet
  facet normal -0.08091002346529025 0.9955296935444565 -0.048725736260487214
    outer loop
      vertex 338.7626303532129 -1.7625226704435986 -333
      vertex 343.3154512612115 -1.7302169878400366 -339.9
      vertex 342.57294061847665 -1.7905633079111214 -339.9
    endloop
  endfacet
  facet normal 0 0 -1
    outer loop
      vertex 338.70058114486716 -2.08845857838216 -339.9
      vertex 339.56558307012654 -2.024679605346786 -339.9
      vertex 339.5655830769176 -2.0246796052918996 -339.9
    endloop
  endfacet
  facet normal 0 0 -1
    outer loop
      vertex 339.5655830769176 -2.0246796052918996 -339.9
      vertex 339.56558307012654 -2.024679605346786 -339.9
      vertex 339.565583071382 -2.0246796052537923 -339.9
    endloop
  endfacet
  facet normal -0.07122027108239999 0.9965320027749733 -0.043030691747287665
    outer loop
      vertex 336.5223735391089 -2.245201093533156 -339.9
      vertex 337.4461745156009 -2.179178772334505 -339.9
      vertex 341.21206968245235 -2.204139302222609 -346.711
    endloop
  endfacet
  facet normal -0.0716274170655662 0.9964926838876074 -0.043264813451445026
    outer loop
      vertex 337.4461745156009 -2.179178772334505 -339.9
      vertex 337.6311801598313 -2.1658806551952243 -339.9
      vertex 341.39653096350094 -2.1909428482338624 -346.711
    endloop
  endfacet
  facet normal -0.07203968033145877 0.9964511173742188 -0.04353682511865115
    outer loop
      vertex 337.6311801598313 -2.1658806551952243 -339.9
      vertex 338.525988741695 -2.1011893491478437 -339.9
      vertex 342.2887067353596 -2.126744355307315 -346.711
    endloop
  endfacet
  facet normal -0.07265395578227642 0.9963912612567558 -0.04388458955440453
    outer loop
      vertex 338.525988741695 -2.1011893491478437 -339.9
      vertex 338.70058114486716 -2.08845857838216 -339.9
      vertex 342.46278545778557 -2.1141100615436534 -346.711
    endloop
  endfacet
  facet normal -0.07346071426891704 0.9963104875096163 -0.04437269360148606
    outer loop
      vertex 338.70058114486716 -2.08845857838216 -339.9
      vertex 339.5655830769176 -2.0246796052918996 -339.9
      vertex 343.32524256426683 -2.0508111627707506 -346.711
    endloop
  endfacet
  facet normal -0.07427737650260116 0.9962294043352182 -0.04483129797124663
    outer loop
      vertex 339.5655830769176 -2.0246796052918996 -339.9
      vertex 339.72976264229817 -2.0124386221019464 -339.9
      vertex 343.48893915507404 -2.038661700028869 -346.711
    endloop
  endfacet
  facet normal -0.0752359636378898 0.9961316540018385 -0.04540129591806606
    outer loop
      vertex 339.72976264229817 -2.0124386221019464 -339.9
      vertex 340.5649591106286 -1.9493577925054142 -339.9
      vertex 344.3216788424387 -1.9760488400701892 -346.711
    endloop
  endfacet
  facet normal -0.07642814421465269 0.9960103734809244 -0.04606598192043312
    outer loop
      vertex 340.5649591106286 -1.9493577925054142 -339.9
      vertex 340.718521903142 -1.9375742613648677 -339.9
      vertex 344.47478996402447 -1.9643518999358818 -346.711
    endloop
  endfacet
  facet normal -0.07776491282401578 0.9958706754275002 -0.04684246104815665
    outer loop
      vertex 340.718521903142 -1.9375742613648677 -339.9
      vertex 341.52330301841494 -1.874731027985445 -339.9
      vertex 345.27720424866425 -1.9019656890191685 -346.711
    endloop
  endfacet
  facet normal -0.07900896071941915 0.9957399452144746 -0.04753467818669164
    outer loop
      vertex 341.52330301841494 -1.874731027985445 -339.9
      vertex 341.6664533379919 -1.8633724819807505 -339.9
      vertex 345.4199336107735 -1.8906889694099904 -346.711
    endloop
  endfacet
  facet normal -0.07989542837474593 0.9956439387636822 -0.04806108329986742
    outer loop
      vertex 341.6664533379919 -1.8633724819807505 -339.9
      vertex 342.44020394163886 -1.801282879938526 -339.9
      vertex 346.19140903381606 -1.8290437084016553 -346.711
    endloop
  endfacet
  facet normal -0.08040198051355835 0.9955893460357368 -0.04834641237600982
    outer loop
      vertex 342.44020394163886 -1.801282879938526 -339.9
      vertex 342.57294061847665 -1.7905633079111214 -339.9
      vertex 346.3237554200574 -1.818400564523696 -346.711
    endloop
  endfacet
  facet normal -0.0809102719438171 0.9955327508634523 -0.0486628179642823
    outer loop
      vertex 342.57294061847665 -1.7905633079111214 -339.9
      vertex 343.3154512612115 -1.7302169878400366 -339.9
      vertex 346.58447797614 -1.761908741563383 -345.9836595915521
    endloop
  endfacet
  facet normal -0.07035461598559724 0.9966164075153918 -0.04249663846275091
    outer loop
      vertex 336.32695467499013 -2.2590626334892963 -339.9
      vertex 340.29098699969927 -2.26965510671248 -346.711
      vertex 340.096143182053 -2.2834098089873947 -346.711
    endloop
  endfacet
  facet normal -0.07088485759830357 0.9965658715724022 -0.04279953948825312
    outer loop
      vertex 336.5223735391089 -2.245201093533156 -339.9
      vertex 341.21206968245235 -2.204139302222609 -346.711
      vertex 340.29098699969927 -2.26965510671248 -346.711
    endloop
  endfacet
  facet normal -0.07129191813066448 0.9965251694135172 -0.04307028133889765
    outer loop
      vertex 337.4461745156009 -2.179178772334505 -339.9
      vertex 341.39653096350094 -2.1909428482338624 -346.711
      vertex 341.21206968245235 -2.204139302222609 -346.711
    endloop
  endfacet
  facet normal -0.07170431769275366 0.9964853077832464 -0.04330729957345818
    outer loop
      vertex 337.6311801598313 -2.1658806551952243 -339.9
      vertex 342.2887067353596 -2.126744355307315 -346.711
      vertex 341.39653096350094 -2.1909428482338624 -346.711
    endloop
  endfacet
  facet normal -0.07231852140520822 0.9964241808404498 -0.04369076902736991
    outer loop
      vertex 338.525988741695 -2.1011893491478437 -339.9
      vertex 342.46278545778557 -2.1141100615436534 -346.711
      vertex 342.2887067353596 -2.126744355307315 -346.711
    endloop
  endfacet
  facet normal -0.07312544363588687 0.9963452722081713 -0.044144852944367305
    outer loop
      vertex 338.70058114486716 -2.08845857838216 -339.9
      vertex 343.32524256426683 -2.0508111627707506 -346.711
      vertex 342.46278545778557 -2.1141100615436534 -346.711
    endloop
  endfacet
  facet normal -0.07346134509146565 0.9963104255388803 -0.04437304068787755
    outer loop
      vertex 339.5655830769176 -2.0246796052918996 -339.9
      vertex 343.3252425655368 -2.0508111626771095 -346.711
      vertex 343.32524256426683 -2.0508111627707506 -346.711
    endloop
  endfacet
  facet normal -0.07394204352622616 0.9962630199458247 -0.04463820434998469
    outer loop
      vertex 339.5655830769176 -2.0246796052918996 -339.9
      vertex 343.48893915507404 -2.038661700028869 -346.711
      vertex 343.3252425655368 -2.0508111626771095 -346.711
    endloop
  endfacet
  facet normal -0.06815344643729655 0.9968265449603313 -0.04113328337450541
    outer loop
      vertex 337.96366966702647 -2.4307774701506726 -346.711
      vertex 338.9415413321627 -2.3639199767488828 -346.711
      vertex 338.79927106736443 -2.423040491985355 -347.90800364348775
    endloop
  endfacet
  facet normal -0.06883401244136927 0.9967637766583781 -0.04151930000551964
    outer loop
      vertex 338.9415413321627 -2.3639199767488828 -346.711
      vertex 339.1465633097977 -2.3497616719531433 -346.711
      vertex 339.63922040482674 -2.365600117473342 -347.90800364348775
    endloop
  endfacet
  facet normal -0.06781783864373012 0.9968590820721958 -0.04089879279235925
    outer loop
      vertex 337.96366966702647 -2.4307774701506726 -346.711
      vertex 338.79927106736443 -2.423040491985355 -347.90800364348775
      vertex 338.62545170194875 -2.4348656876312753 -347.90800364348775
    endloop
  endfacet
  facet normal -0.06815344643729662 0.9968265449603311 -0.0411332833745054
    outer loop
      vertex 338.9415413321627 -2.3639199767488828 -346.711
      vertex 339.60277718117766 -2.368104444017261 -347.90800364348775
      vertex 338.79927106736443 -2.423040491985355 -347.90800364348775
    endloop
  endfacet
  facet normal -0.06849833796742912 0.9967950290664779 -0.04132369446285834
    outer loop
      vertex 338.9415413321627 -2.3639199767488828 -346.711
      vertex 339.63922040482674 -2.365600117473342 -347.90800364348775
      vertex 339.60277718117766 -2.368104444017261 -347.90800364348775
    endloop
  endfacet
  facet normal -0.06964346002974711 0.9966868287119853 -0.04201373521993248
    outer loop
      vertex 339.1465633097977 -2.3497616719531433 -346.711
      vertex 340.096143182053 -2.2834098089873947 -346.711
      vertex 339.97647513192004 -2.342229379500655 -347.90800364348775
    endloop
  endfacet
  facet normal -0.06883401244137109 0.9967637766583779 -0.041519300005520385
    outer loop
      vertex 339.1465633097977 -2.3497616719531433 -346.711
      vertex 339.8076846505648 -2.353966398172331 -347.90800364348775
      vertex 339.63922040482674 -2.365600117473342 -347.90800364348775
    endloop
  endfacet
  facet normal -0.06930794434746083 0.9967200032135652 -0.041780905259221054
    outer loop
      vertex 339.1465633097977 -2.3497616719531433 -346.711
      vertex 339.97647513192004 -2.342229379500655 -347.90800364348775
      vertex 339.8076846505648 -2.353966398172331 -347.90800364348775
    endloop
  endfacet
  facet normal -0.07035485768086874 0.996619831277568 -0.042415868551482015
    outer loop
      vertex 340.096143182053 -2.2834098089873947 -346.711
      vertex 340.29098699969927 -2.26965510671248 -346.711
      vertex 340.79136823877803 -2.285275604968371 -347.90800364348775
    endloop
  endfacet
  facet normal -0.06964346002974693 0.9966868287119852 -0.042013735219932485
    outer loop
      vertex 340.096143182053 -2.2834098089873947 -346.711
      vertex 340.75673419874227 -2.2877088023567747 -347.90800364348775
      vertex 339.97647513192004 -2.342229379500655 -347.90800364348775
    endloop
  endfacet
  facet normal -0.0708849947024009 0.9965677991105097 -0.04275440681468123
    outer loop
      vertex 340.29098699969927 -2.26965510671248 -346.711
      vertex 341.21206968245235 -2.204139302222609 -346.711
      vertex 341.1151942795851 -2.262383400820992 -347.90800364348775
    endloop
  endfacet
  facet normal -0.07001927594937868 0.9966517381876864 -0.042221010918595626
    outer loop
      vertex 340.096143182053 -2.2834098089873947 -346.711
      vertex 340.79136823877803 -2.285275604968371 -347.90800364348775
      vertex 340.75673419874227 -2.2877088023567747 -347.90800364348775
    endloop
  endfacet
  facet normal -0.07035485768089629 0.9966198312775656 -0.0424158685514935
    outer loop
      vertex 340.29098699969927 -2.26965510671248 -346.711
      vertex 340.95146920529453 -2.273973521304831 -347.90800364348775
      vertex 340.79136823877803 -2.285275604968371 -347.90800364348775
    endloop
  endfacet
  facet normal -0.07054955645452125 0.9966014924341199 -0.042523233204392046
    outer loop
      vertex 340.29098699969927 -2.26965510671248 -346.711
      vertex 341.1151942795851 -2.262383400820992 -347.90800364348775
      vertex 340.95146920529453 -2.273973521304831 -347.90800364348775
    endloop
  endfacet
  facet normal -0.07088499470240049 0.9965677991105099 -0.04275440681468126
    outer loop
      vertex 341.21206968245235 -2.204139302222609 -346.711
      vertex 341.8720375273302 -2.2085498034934044 -347.90800364348775
      vertex 341.1151942795851 -2.262383400820992 -347.90800364348775
    endloop
  endfacet
  facet normal -0.07129217096784426 0.996528703595512 -0.0429880130843445
    outer loop
      vertex 341.21206968245235 -2.204139302222609 -346.711
      vertex 341.39653096350094 -2.1909428482338624 -346.711
      vertex 341.9048260493852 -2.2062152112559934 -347.90800364348775
    endloop
  endfacet
  facet normal -0.0717044650792685 0.9964873560350301 -0.04325990002312908
    outer loop
      vertex 341.39653096350094 -2.1909428482338624 -346.711
      vertex 342.2887067353596 -2.126744355307315 -346.711
      vertex 342.21498262195433 -2.1840141296944595 -347.90800364348775
    endloop
  endfacet
  facet normal -0.07095664706590839 0.9965610053812008 -0.042793887306181895
    outer loop
      vertex 341.21206968245235 -2.204139302222609 -346.711
      vertex 341.9048260493852 -2.2062152112559934 -347.90800364348775
      vertex 341.8720375273302 -2.2085498034934044 -347.90800364348775
    endloop
  endfacet
  facet normal -0.07129217096784853 0.9965287035955116 -0.04298801308434631
    outer loop
      vertex 341.39653096350094 -2.1909428482338624 -346.711
      vertex 342.0563958027267 -2.195371833910424 -347.90800364348775
      vertex 341.9048260493852 -2.2062152112559934 -347.90800364348775
    endloop
  endfacet
  facet normal -0.07136907733909144 0.9965213700942976 -0.04303038165239513
    outer loop
      vertex 341.39653096350094 -2.1909428482338624 -346.711
      vertex 342.21498262195433 -2.1840141296944595 -347.90800364348775
      vertex 342.0563958027267 -2.195371833910424 -347.90800364348775
    endloop
  endfacet
  facet normal -0.07490080975214819 0.9961671921315532 -0.045175148247786935
    outer loop
      vertex 339.72976264229817 -2.0124386221019464 -339.9
      vertex 344.3216788424387 -1.9760488400701892 -346.711
      vertex 343.48893915507404 -2.038661700028869 -346.711
    endloop
  endfacet
  facet normal -0.07609295530515936 0.996044914120471 -0.04587364393276713
    outer loop
      vertex 340.5649591106286 -1.9493577925054142 -339.9
      vertex 344.47478996402447 -1.9643518999358818 -346.711
      vertex 344.3216788424387 -1.9760488400701892 -346.711
    endloop
  endfacet
  facet normal -0.07742993167937776 0.995907305881437 -0.04661806272363554
    outer loop
      vertex 340.718521903142 -1.9375742613648677 -339.9
      vertex 345.27720424866425 -1.9019656890191685 -346.711
      vertex 344.47478996402447 -1.9643518999358818 -346.711
    endloop
  endfacet
  facet normal -0.07867394658416389 0.9957755978464466 -0.04734309730492749
    outer loop
      vertex 341.52330301841494 -1.874731027985445 -339.9
      vertex 345.4199336107735 -1.8906889694099904 -346.711
      vertex 345.27720424866425 -1.9019656890191685 -346.711
    endloop
  endfacet
  facet normal -0.07956059574189711 0.9956814725660404 -0.0478384447271821
    outer loop
      vertex 341.6664533379919 -1.8633724819807505 -339.9
      vertex 346.19140903381606 -1.8290437084016553 -346.711
      vertex 345.4199336107735 -1.8906889694099904 -346.711
    endloop
  endfacet
  facet normal -0.08006706245156532 0.9956255871321649 -0.048155537149002864
    outer loop
      vertex 342.44020394163886 -1.801282879938526 -339.9
      vertex 346.3237554200574 -1.818400564523696 -346.711
      vertex 346.19140903381606 -1.8290437084016553 -346.711
    endloop
  endfacet
  facet normal -0.08057550855966361 0.995570675516952 -0.04844189788882709
    outer loop
      vertex 342.57294061847665 -1.7905633079111214 -339.9
      vertex 346.58447797614 -1.761908741563383 -345.9836595915521
      vertex 346.3237554200574 -1.818400564523696 -346.711
    endloop
  endfacet
  facet normal -0.0723187869506063 0.9964278395968869 -0.043606806008620554
    outer loop
      vertex 342.2887067353596 -2.126744355307315 -346.711
      vertex 342.46278545778557 -2.1141100615436534 -346.711
      vertex 342.9790163871734 -2.129027660674048 -347.90800364348775
    endloop
  endfacet
  facet normal 0 0 -1
    outer loop
      vertex 343.32524257105683 -2.050811162715476 -346.711
      vertex 343.3252425655368 -2.0508111626771095 -346.711
      vertex 343.48893915507404 -2.038661700028869 -346.711
    endloop
  endfacet
  facet normal -0.07312560757561729 0.9963475059118891 -0.044094137703947836
    outer loop
      vertex 342.46278545778557 -2.1141100615436534 -346.711
      vertex 343.32524256426683 -2.0508111627707506 -346.711
      vertex 343.275359201554 -2.1074466181309965 -347.90800364348775
    endloop
  endfacet
  facet normal -0.0734623066137327 0.996323408466379 -0.04407896606009332
    outer loop
      vertex 343.275359201554 -2.1074466181309965 -347.90800364348775
      vertex 343.32524256426683 -2.0508111627707506 -346.711
      vertex 343.3252425655368 -2.0508111626771095 -346.711
    endloop
  endfacet
  facet normal 0.006942439994721318 0.9988447796984309 -0.047549012567167606
    outer loop
      vertex 343.32524257105683 -2.050811162715476 -346.711
      vertex 343.275359201554 -2.1074466181309965 -347.90800364348775
      vertex 343.3252425655368 -2.0508111626771095 -346.711
    endloop
  endfacet
  facet normal -0.07170446507926531 0.9964873560350302 -0.04325990002312928
    outer loop
      vertex 342.2887067353596 -2.126744355307315 -346.711
      vertex 342.9480733871772 -2.131262952415089 -347.90800364348775
      vertex 342.21498262195433 -2.1840141296944595 -347.90800364348775
    endloop
  endfacet
  facet normal -0.07198332717185983 0.9964605744778678 -0.04341340945498931
    outer loop
      vertex 342.2887067353596 -2.126744355307315 -346.711
      vertex 342.9790163871734 -2.129027660674048 -347.90800364348775
      vertex 342.9480733871772 -2.131262952415089 -347.90800364348775
    endloop
  endfacet
  facet normal -0.07231878695060714 0.9964278395968867 -0.04360680600862091
    outer loop
      vertex 342.46278545778557 -2.1141100615436534 -346.711
      vertex 343.1220549092422 -2.1186462040425176 -347.90800364348775
      vertex 342.9790163871734 -2.129027660674048 -347.90800364348775
    endloop
  endfacet
  facet normal -0.07279031075714877 0.9963821132263916 -0.04386633221945996
    outer loop
      vertex 342.46278545778557 -2.1141100615436534 -346.711
      vertex 343.275359201554 -2.1074466181309965 -347.90800364348775
      vertex 343.1220549092422 -2.1186462040425176 -347.90800364348775
    endloop
  endfacet
  facet normal -0.0739423325962951 0.9962668780093571 -0.04455153456063965
    outer loop
      vertex 343.32524257105683 -2.050811162715476 -346.711
      vertex 343.48893915507404 -2.038661700028869 -346.711
      vertex 344.01312803739955 -2.053284890695381 -347.90800364348775
    endloop
  endfacet
  facet normal -0.07312560706762099 0.9963475059644473 -0.04409413735880826
    outer loop
      vertex 343.32524257105683 -2.050811162715476 -346.711
      vertex 343.98403048033435 -2.055434627172042 -347.90800364348775
      vertex 343.275359201554 -2.1074466181309965 -347.90800364348775
    endloop
  endfacet
  facet normal -0.07360697354364035 0.9963003076589266 -0.04435888191190064
    outer loop
      vertex 343.32524257105683 -2.050811162715476 -346.711
      vertex 344.01312803739955 -2.053284890695381 -347.90800364348775
      vertex 343.98403048033435 -2.055434627172042 -347.90800364348775
    endloop
  endfacet
  facet normal -0.07394233259630259 0.9962668780093563 -0.04455153456064293
    outer loop
      vertex 343.48893915507404 -2.038661700028869 -346.711
      vertex 344.14763567348064 -2.043301814289466 -347.90800364348775
      vertex 344.01312803739955 -2.053284890695381 -347.90800364348775
    endloop
  endfacet
  facet normal -0.0745658147359168 0.9962050155842008 -0.04489438937830716
    outer loop
      vertex 343.48893915507404 -2.038661700028869 -346.711
      vertex 344.2956576693112 -2.0322223873188343 -347.90800364348775
      vertex 344.14763567348064 -2.043301814289466 -347.90800364348775
    endloop
  endfacet
  facet normal -0.07490099501766945 0.996169656129402 -0.04512047376071996
    outer loop
      vertex 343.48893915507404 -2.038661700028869 -346.711
      vertex 344.3216788424387 -1.9760488400701892 -346.711
      vertex 344.2956576693112 -2.0322223873188343 -347.90800364348775
    endloop
  endfacet
  facet normal -0.07490099501766886 0.9961696561294021 -0.04512047376071998
    outer loop
      vertex 344.3216788424387 -1.9760488400701892 -346.711
      vertex 344.97991047452894 -1.9807741067582967 -347.90800364348775
      vertex 344.2956576693112 -2.0322223873188343 -347.90800364348775
    endloop
  endfacet
  facet normal -0.08057550855966239 0.9955706755169521 -0.048441897888827586
    outer loop
      vertex 346.3237554200574 -1.818400564523696 -346.711
      vertex 346.58447797614 -1.761908741563383 -345.9836595915521
      vertex 346.58447797614 -1.7972992473937763 -346.711
    endloop
  endfacet
  facet normal -0.0760932709812185 0.9960490462708375 -0.04578331065283405
    outer loop
      vertex 344.3216788424387 -1.9760488400701892 -346.711
      vertex 344.47478996402447 -1.9643518999358818 -346.711
      vertex 345.0071264467676 -1.978704170520683 -347.90800364348775
    endloop
  endfacet
  facet normal -0.077430148570069 0.9959100955393808 -0.04655806799211734
    outer loop
      vertex 344.47478996402447 -1.9643518999358818 -346.711
      vertex 345.27720424866425 -1.9019656890191685 -346.711
      vertex 345.2755677772895 -1.958051965774642 -347.90800364348775
    endloop
  endfacet
  facet normal -0.07867430008016334 0.9957800720428669 -0.047248308215206536
    outer loop
      vertex 345.27720424866425 -1.9019656890191685 -346.711
      vertex 345.4199336107735 -1.8906889694099904 -346.711
      vertex 345.9602731393995 -1.9047940547157505 -347.90800364348775
    endloop
  endfacet
  facet normal -0.07575805508819491 0.9960833994149311 -0.04559143010751911
    outer loop
      vertex 344.3216788424387 -1.9760488400701892 -346.711
      vertex 345.0071264467676 -1.978704170520683 -347.90800364348775
      vertex 344.97991047452894 -1.9807741067582967 -347.90800364348775
    endloop
  endfacet
  facet normal -0.07609327098123206 0.9960490462708361 -0.04578331065284007
    outer loop
      vertex 344.47478996402447 -1.9643518999358818 -346.711
      vertex 345.13293612780564 -1.9690929267901331 -347.90800364348775
      vertex 345.0071264467676 -1.978704170520683 -347.90800364348775
    endloop
  endfacet
  facet normal -0.07709514000014032 0.9959465457744858 -0.04633376035062049
    outer loop
      vertex 344.47478996402447 -1.9643518999358818 -346.711
      vertex 345.2755677772895 -1.958051965774642 -347.90800364348775
      vertex 345.13293612780564 -1.9690929267901331 -347.90800364348775
    endloop
  endfacet
  facet normal -0.07743014857006607 0.9959100955393809 -0.046558067992117355
    outer loop
      vertex 345.27720424866425 -1.9019656890191685 -346.711
      vertex 345.93490254125294 -1.906789920174583 -347.90800364348775
      vertex 345.2755677772895 -1.958051965774642 -347.90800364348775
    endloop
  endfacet
  facet normal -0.07956084263600831 0.9956845623856918 -0.04777368047221707
    outer loop
      vertex 345.4199336107735 -1.8906889694099904 -346.711
      vertex 346.19140903381606 -1.8290437084016553 -346.711
      vertex 346.21468448526116 -1.8846169864745583 -347.90800364348775
    endloop
  endfacet
  facet normal -0.08006743812064243 0.9956302585380329 -0.04805823172243399
    outer loop
      vertex 346.19140903381606 -1.8290437084016553 -346.711
      vertex 346.3237554200574 -1.818400564523696 -346.711
      vertex 346.58447797614 -1.8203582165325185 -347.185933926685
    endloop
  endfacet
  facet normal -0.08057577324042213 0.9955739458457094 -0.04837419890719381
    outer loop
      vertex 346.3237554200574 -1.818400564523696 -346.711
      vertex 346.58447797614 -1.7972992473937763 -346.711
      vertex 346.58447797614 -1.81652560707759 -347.1066915712731
    endloop
  endfacet
  facet normal -0.08006743812065005 0.9956302585380318 -0.04805823172244033
    outer loop
      vertex 346.19140903381606 -1.8290437084016553 -346.711
      vertex 346.58447797614 -1.8203582165325185 -347.185933926685
      vertex 346.58447797614 -1.8307969179159667 -347.40219421310644
    endloop
  endfacet
  facet normal -0.07973249137261186 0.9956663091624502 -0.04786784534883764
    outer loop
      vertex 346.19140903381606 -1.8290437084016553 -346.711
      vertex 346.58447797614 -1.8307969179159667 -347.40219421310644
      vertex 346.58447797614 -1.831986433349463 -347.4269365100018
    endloop
  endfacet
  facet normal -0.080240981103019 0.9956116876944119 -0.048153424363274924
    outer loop
      vertex 346.3237554200574 -1.818400564523696 -346.711
      vertex 346.58447797614 -1.81652560707759 -347.1066915712731
      vertex 346.58447797614 -1.8203582165325185 -347.185933926685
    endloop
  endfacet
  facet normal -0.07833925786873461 0.9958155354059638 -0.04705720051925676
    outer loop
      vertex 345.27720424866425 -1.9019656890191685 -346.711
      vertex 345.9602731393995 -1.9047940547157505 -347.90800364348775
      vertex 345.93490254125294 -1.906789920174583 -347.90800364348775
    endloop
  endfacet
  facet normal -0.07867430008018662 0.9957800720428647 -0.047248308215217014
    outer loop
      vertex 345.4199336107735 -1.8906889694099904 -346.711
      vertex 346.07755224581416 -1.8955281014493068 -347.90800364348775
      vertex 345.9602731393995 -1.9047940547157505 -347.90800364348775
    endloop
  endfacet
  facet normal -0.0792259816929948 0.9957219144964335 -0.047551159989409966
    outer loop
      vertex 345.4199336107735 -1.8906889694099904 -346.711
      vertex 346.21468448526116 -1.8846169864745583 -347.90800364348775
      vertex 346.07755224581416 -1.8955281014493068 -347.90800364348775
    endloop
  endfacet
  facet normal -0.07956084263600864 0.9956845623856919 -0.047773680472217084
    outer loop
      vertex 346.19140903381606 -1.8290437084016553 -346.711
      vertex 346.58447797614 -1.831986433349463 -347.4269365100018
      vertex 346.21468448526116 -1.8846169864745583 -347.90800364348775
    endloop
  endfacet
  facet normal -0.07956084263601175 0.9956845623856917 -0.04777368047221466
    outer loop
      vertex 346.58447797614 -1.8550683896125755 -347.90800364348775
      vertex 346.21468448526116 -1.8846169864745583 -347.90800364348775
      vertex 346.58447797614 -1.831986433349463 -347.4269365100018
    endloop
  endfacet
  facet normal -0.08197534406293018 0.9954117951331466 -0.04934978293337273
    outer loop
      vertex 339.50638260484465 -1.7018229214712572 -333
      vertex 343.43797848874624 -1.7201264788834942 -339.9
      vertex 343.3154512612115 -1.7302169878400366 -339.9
    endloop
  endfacet
  facet normal -0.0835890843928275 0.9952327459827393 -0.05024585847634799
    outer loop
      vertex 339.6300135637607 -1.69159835606814 -333
      vertex 344.1482342326356 -1.6604724657331982 -339.9
      vertex 343.43797848874624 -1.7201264788834942 -339.9
    endloop
  endfacet
  facet normal -0.08525964415265744 0.9950423059850316 -0.051201585707409174
    outer loop
      vertex 340.3414504287462 -1.6316034330070217 -333
      vertex 344.26075707646874 -1.6508310087151876 -339.9
      vertex 344.1482342326356 -1.6604724657331982 -339.9
    endloop
  endfacet
  facet normal -0.08722332540598625 0.9948155112055429 -0.052289484315453064
    outer loop
      vertex 340.4550195284146 -1.6218323080636876 -333
      vertex 344.9381478852116 -1.5914388115967453 -339.9
      vertex 344.26075707646874 -1.6508310087151876 -339.9
    endloop
  endfacet
  facet normal -0.08960411011097098 0.9945322850447506 -0.05363429364583697
    outer loop
      vertex 341.1335302350755 -1.5621112093238607 -333
      vertex 345.04087082304625 -1.5821838104559391 -339.9
      vertex 344.9381478852116 -1.5914388115967453 -339.9
    endloop
  endfacet
  facet normal -0.09236093863306409 0.9941966900958333 -0.05515794065507763
    outer loop
      vertex 341.23724197957654 -1.5527298194930912 -333
      vertex 345.6851964972674 -1.5223259124672528 -339.9
      vertex 345.04087082304625 -1.5821838104559391 -339.9
    endloop
  endfacet
  facet normal -0.09517265685106673 0.9938425486156504 -0.05673758850231402
    outer loop
      vertex 341.8826255962336 -1.4925540082644795 -333
      vertex 345.7779154606629 -1.5134469304805005 -339.9
      vertex 345.6851964972674 -1.5223259124672528 -339.9
    endloop
  endfacet
  facet normal -0.09813847492216414 0.9934592159270123 -0.058374874986058194
    outer loop
      vertex 341.97627508173565 -1.4835519454250239 -333
      vertex 346.38876785452067 -1.4531041188434697 -339.9
      vertex 345.7779154606629 -1.5134469304805005 -339.9
    endloop
  endfacet
  facet normal -0.10449850581180903 0.9925963022966935 -0.06190834313750035
    outer loop
      vertex 342.6721185681221 -1.4142988502227063 -333
      vertex 346.58447797614 -1.387123774996656 -339.1681804713221
      vertex 346.4718909893186 -1.4446203687888715 -339.9
    endloop
  endfacet
  facet normal -0.10483129888458433 0.9925480084479084 -0.062119640213558515
    outer loop
      vertex 343.249721966116 -1.3532933230980697 -333
      vertex 346.58447797614 -1.3801599274060559 -339.0569120700013
      vertex 346.58447797614 -1.387123774996656 -339.1681804713221
    endloop
  endfacet
  facet normal -0.101350997233563 0.9930293267400635 -0.06017251527016817
    outer loop
      vertex 342.5881233871542 -1.422902343670524 -333
      vertex 346.4718909893186 -1.4446203687888715 -339.9
      vertex 346.38876785452067 -1.4531041188434697 -339.9
    endloop
  endfacet
  facet normal -0.10449850581180285 0.9925963022966942 -0.06190834313750132
    outer loop
      vertex 346.4718909893186 -1.4446203687888715 -339.9
      vertex 346.58447797614 -1.387123774996656 -339.1681804713221
      vertex 346.58447797614 -1.432767441400898 -339.9
    endloop
  endfacet
  facet normal -0.08197572887881222 0.9954164678828873 -0.04925480019596429
    outer loop
      vertex 343.3154512612115 -1.7302169878400366 -339.9
      vertex 343.43797848874624 -1.7201264788834942 -339.9
      vertex 346.58447797614 -1.745626834556832 -345.65213099520884
    endloop
  endfacet
  facet normal -0.0872236733271891 0.9948194793804284 -0.05221335324000284
    outer loop
      vertex 344.26075707646874 -1.6508310087151876 -339.9
      vertex 344.9381478852116 -1.5914388115967453 -339.9
      vertex 346.58447797614 -1.6042894217347192 -342.89507665420786
    endloop
  endfacet
  facet normal -0.08960463158266758 0.9945380729537789 -0.05352598849454581
    outer loop
      vertex 344.9381478852116 -1.5914388115967453 -339.9
      vertex 345.04087082304625 -1.5821838104559391 -339.9
      vertex 346.58447797614 -1.5942591356685158 -342.70842493817486
    endloop
  endfacet
  facet normal -0.09517329640194509 0.9938492271396717 -0.05661940803173923
    outer loop
      vertex 345.6851964972674 -1.5223259124672528 -339.9
      vertex 345.7779154606629 -1.5134469304805005 -339.9
      vertex 346.58447797614 -1.5198575219139576 -341.36830172875085
    endloop
  endfacet
  facet normal -0.09813903665417627 0.993464902359828 -0.058277073225821534
    outer loop
      vertex 345.7779154606629 -1.5134469304805005 -339.9
      vertex 346.38876785452067 -1.4531041188434697 -339.9
      vertex 346.58447797614 -1.454680489320409 -340.25645015082785
    endloop
  endfacet
  facet normal -0.09813903665418125 0.9934649023598268 -0.058277073225833025
    outer loop
      vertex 345.7779154606629 -1.5134469304805005 -339.9
      vertex 346.58447797614 -1.454680489320409 -340.25645015082785
      vertex 346.58447797614 -1.507843900523663 -341.16274108475113
    endloop
  endfacet
  facet normal -0.0923613794255101 0.9942014348980983 -0.05507161189922972
    outer loop
      vertex 345.04087082304625 -1.5821838104559391 -339.9
      vertex 345.6851964972674 -1.5223259124672528 -339.9
      vertex 346.58447797614 -1.5294590973406623 -341.5369722513658
    endloop
  endfacet
  facet normal -0.09780563748633851 0.9935102610670565 -0.05806391676730085
    outer loop
      vertex 345.7779154606629 -1.5134469304805005 -339.9
      vertex 346.58447797614 -1.507843900523663 -341.16274108475113
      vertex 346.58447797614 -1.5198575219139576 -341.36830172875085
    endloop
  endfacet
  facet normal -0.09517329640193511 0.993849227139673 -0.056619408031733126
    outer loop
      vertex 345.6851964972674 -1.5223259124672528 -339.9
      vertex 346.58447797614 -1.5198575219139576 -341.36830172875085
      vertex 346.58447797614 -1.5272180500316033 -341.4975022173353
    endloop
  endfacet
  facet normal -0.09483950186389363 0.9938918147321226 -0.05643163558409977
    outer loop
      vertex 345.6851964972674 -1.5223259124672528 -339.9
      vertex 346.58447797614 -1.5272180500316033 -341.4975022173353
      vertex 346.58447797614 -1.5294590973406623 -341.5369722513658
    endloop
  endfacet
  facet normal -0.10135178749043455 0.9930370696165043 -0.06004326390162245
    outer loop
      vertex 346.38876785452067 -1.4531041188434697 -339.9
      vertex 346.4718909893186 -1.4446203687888715 -339.9
      vertex 346.58447797614 -1.4455288720720787 -340.10506996123297
    endloop
  endfacet
  facet normal -0.1044992226295038 0.9926031111079192 -0.06179786637667328
    outer loop
      vertex 346.4718909893186 -1.4446203687888715 -339.9
      vertex 346.58447797614 -1.432767441400898 -339.9
      vertex 346.58447797614 -1.4438330002844704 -340.07773604200236
    endloop
  endfacet
  facet normal -0.10135178749043704 0.9930370696165038 -0.06004326390162486
    outer loop
      vertex 346.38876785452067 -1.4531041188434697 -339.9
      vertex 346.58447797614 -1.4455288720720787 -340.10506996123297
      vertex 346.58447797614 -1.4542146632108504 -340.24872158873075
    endloop
  endfacet
  facet normal -0.10416639068885332 0.9926512109311136 -0.061586820731799975
    outer loop
      vertex 346.4718909893186 -1.4446203687888715 -339.9
      vertex 346.58447797614 -1.4438330002844704 -340.07773604200236
      vertex 346.58447797614 -1.4455288720720787 -340.10506996123297
    endloop
  endfacet
  facet normal -0.10101851734431545 0.9930823098713041 -0.059856369537680774
    outer loop
      vertex 346.38876785452067 -1.4531041188434697 -339.9
      vertex 346.58447797614 -1.4542146632108504 -340.24872158873075
      vertex 346.58447797614 -1.454680489320409 -340.25645015082785
    endloop
  endfacet
  facet normal -0.0852600844132984 0.9950474441482002 -0.05110089920903196
    outer loop
      vertex 344.1482342326356 -1.6604724657331982 -339.9
      vertex 344.26075707646874 -1.6508310087151876 -339.9
      vertex 346.58447797614 -1.6687088680470281 -344.12516945172945
    endloop
  endfacet
  facet normal -0.08358937326068723 0.9952361853164199 -0.05017720712341672
    outer loop
      vertex 343.43797848874624 -1.7201264788834942 -339.9
      vertex 344.1482342326356 -1.6604724657331982 -339.9
      vertex 346.58447797614 -1.6983084610276649 -344.7089531699286
    endloop
  endfacet
  facet normal -0.09236137942551281 0.9942014348980979 -0.05507161189923229
    outer loop
      vertex 345.04087082304625 -1.5821838104559391 -339.9
      vertex 346.58447797614 -1.5294590973406623 -341.5369722513658
      vertex 346.58447797614 -1.571562735475158 -342.2970643569744
    endloop
  endfacet
  facet normal -0.0920274940157126 0.99424429301018 -0.05485641404498932
    outer loop
      vertex 345.04087082304625 -1.5821838104559391 -339.9
      vertex 346.58447797614 -1.571562735475158 -342.2970643569744
      vertex 346.58447797614 -1.5942591356685158 -342.70842493817486
    endloop
  endfacet
  facet normal -0.08722367332718595 0.9948194793804287 -0.05221335324000039
    outer loop
      vertex 344.26075707646874 -1.6508310087151876 -339.9
      vertex 346.58447797614 -1.6042894217347192 -342.89507665420786
      vertex 346.58447797614 -1.6349747574271425 -343.47972345016893
    endloop
  endfacet
  facet normal -0.08960463158270734 0.9945380729537739 -0.05352598849456911
    outer loop
      vertex 344.9381478852116 -1.5914388115967453 -339.9
      vertex 346.58447797614 -1.5942591356685158 -342.70842493817486
      vertex 346.58447797614 -1.6000123284746164 -342.8153219698344
    endloop
  endfacet
  facet normal -0.08927039172671816 0.9945782642001683 -0.05333735596688832
    outer loop
      vertex 344.9381478852116 -1.5914388115967453 -339.9
      vertex 346.58447797614 -1.6000123284746164 -342.8153219698344
      vertex 346.58447797614 -1.6042894217347192 -342.89507665420786
    endloop
  endfacet
  facet normal -0.08325480431911776 0.9952752502051782 -0.049958121329823454
    outer loop
      vertex 343.43797848874624 -1.7201264788834942 -339.9
      vertex 346.58447797614 -1.6983084610276649 -344.7089531699286
      vertex 346.58447797614 -1.7439141099007638 -345.6175176312156
    endloop
  endfacet
  facet normal -0.08197572887894926 0.9954164678828722 -0.04925480019603909
    outer loop
      vertex 343.43797848874624 -1.7201264788834942 -339.9
      vertex 346.58447797614 -1.7439141099007638 -345.6175176312156
      vertex 346.58447797614 -1.745626834556832 -345.65213099520884
    endloop
  endfacet
  facet normal -0.08164092132106475 0.9954533754874034 -0.049064622658105815
    outer loop
      vertex 343.3154512612115 -1.7302169878400366 -339.9
      vertex 346.58447797614 -1.745626834556832 -345.65213099520884
      vertex 346.58447797614 -1.75486652570712 -345.8395915573354
    endloop
  endfacet
  facet normal -0.08688937899947285 0.9948601077422595 -0.05199617139892091
    outer loop
      vertex 344.26075707646874 -1.6508310087151876 -339.9
      vertex 346.58447797614 -1.6349747574271425 -343.47972345016893
      vertex 346.58447797614 -1.6687088680470281 -344.12516945172945
    endloop
  endfacet
  facet normal -0.08526008441327941 0.9950474441482023 -0.05110089920902103
    outer loop
      vertex 344.1482342326356 -1.6604724657331982 -339.9
      vertex 346.58447797614 -1.6687088680470281 -344.12516945172945
      vertex 346.58447797614 -1.6725816317733437 -344.20058072055855
    endloop
  endfacet
  facet normal -0.08492551520213387 0.9950857643637538 -0.05091147639045247
    outer loop
      vertex 344.1482342326356 -1.6604724657331982 -339.9
      vertex 346.58447797614 -1.6725816317733437 -344.20058072055855
      vertex 346.58447797614 -1.6791711789897896 -344.32937613356916
    endloop
  endfacet
  facet normal -0.08358937326068724 0.9952361853164198 -0.05017720712341672
    outer loop
      vertex 344.1482342326356 -1.6604724657331982 -339.9
      vertex 346.58447797614 -1.6791711789897896 -344.32937613356916
      vertex 346.58447797614 -1.6983084610276649 -344.7089531699286
    endloop
  endfacet
  facet normal -0.08091027194380279 0.9955327508634539 -0.04866281796427463
    outer loop
      vertex 343.3154512612115 -1.7302169878400366 -339.9
      vertex 346.58447797614 -1.75486652570712 -345.8395915573354
      vertex 346.58447797614 -1.761908741563383 -345.9836595915521
    endloop
  endfacet
  facet normal -0.1456215839128554 -0.9861468123177921 -0.07942807346378489
    outer loop
      vertex 346.58447797614 -0.5628041029381148 -333.085697953381
      vertex 346.58447797614 -0.5697065471298093 -333
      vertex 315.08447797614 4.081811701429645 -333
    endloop
  endfacet
  facet normal -0.14585834403536255 -0.9863173041910642 -0.07683436033789438
    outer loop
      vertex 315.08447797614 4.295481295992896 -335.6532096718857
      vertex 346.58447797614 -0.562772352521857 -333.0861055312515
      vertex 346.58447797614 -0.5628041029381148 -333.085697953381
    endloop
  endfacet
  facet normal -0.14599956084067828 -0.9864156774161652 -0.07528771202485254
    outer loop
      vertex 346.58447797614 -0.562772352521857 -333.0861055312515
      vertex 315.08447797614 4.619615567753974 -339.9
      vertex 346.58447797614 -0.04270506620840597 -339.9
    endloop
  endfacet
  facet normal -0.1459539380570635 -0.9861074365643031 -0.07930681886328414
    outer loop
      vertex 346.58447797614 -0.010729344466813506 -340.2975887250408
      vertex 346.58447797614 -0.04270506620840597 -339.9
      vertex 315.08447797614 4.619615567753974 -339.9
    endloop
  endfacet
  facet normal -0.14619105736895951 -0.9862799151728446 -0.07668183404165685
    outer loop
      vertex 315.08447797614 4.854723004809888 -342.82334499599637
      vertex 346.58447797614 -0.010596387701430898 -340.29929881177674
      vertex 346.58447797614 -0.010729344466813506 -340.2975887250408
    endloop
  endfacet
  facet normal -0.14633247630470325 -0.9863793965069066 -0.0751165263121513
    outer loop
      vertex 346.58447797614 -0.010596387701430898 -340.29929881177674
      vertex 316.10098973979404 5 -346.711
      vertex 346.58447797614 0.4776789379150781 -346.711
    endloop
  endfacet
  facet normal -0.14628644220956935 -0.9860690957170641 -0.07917079826171854
    outer loop
      vertex 316.10098973979404 5 -346.711
      vertex 340.1594790539717 1.5269542594877812 -347.90800364348775
      vertex 346.58447797614 0.4776789379150781 -346.711
    endloop
  endfacet
  facet normal -0.14652392002564302 -0.9862435455193598 -0.07651411491823898
    outer loop
      vertex 346.58447797614 0.5329142557314632 -347.3989536531992
      vertex 340.1594790539717 1.5269542594877812 -347.90800364348775
      vertex 340.22414034116775 1.517347681764753 -347.90800364348775
    endloop
  endfacet
  facet normal -0.14628644220956888 -0.986069095717064 -0.07917079826172035
    outer loop
      vertex 346.58447797614 0.4776789379150781 -346.711
      vertex 340.1594790539717 1.5269542594877812 -347.90800364348775
      vertex 346.58447797614 0.5329142557314632 -347.3989536531992
    endloop
  endfacet
  facet normal -0.1465239200256521 -0.9862435455193646 -0.07651411491816025
    outer loop
      vertex 346.58447797614 0.5329142557314632 -347.3989536531992
      vertex 340.22414034116775 1.517347681764753 -347.90800364348775
      vertex 346.58447797614 0.5331436674251013 -347.40191069978283
    endloop
  endfacet
  facet normal -0.14666554033337312 -0.9863441237235037 -0.07492989306567578
    outer loop
      vertex 346.58447797614 0.5715901783749984 -347.90800364348775
      vertex 346.58447797614 0.5331436674251013 -347.40191069978283
      vertex 340.22414034116775 1.517347681764753 -347.90800364348775
    endloop
  endfacet
  facet normal 0 0 -1
    outer loop
      vertex 316.4601487204399 -3.2920457903561084 -333
      vertex 315.08447797614 -3.37832909034046 -333
      vertex 317.71427823261007 -3.2130654620577372 -333
    endloop
  endfacet
  facet normal 0 0 -1
    outer loop
      vertex 317.71427823261007 -3.2130654620577372 -333
      vertex 315.08447797614 -3.37832909034046 -333
      vertex 317.7146527447415 -3.2130418758575425 -333
    endloop
  endfacet
  facet normal 0 0 -1
    outer loop
      vertex 317.7146527447415 -3.2130418758575425 -333
      vertex 315.08447797614 -3.37832909034046 -333
      vertex 318.00257341052173 -3.194811542922551 -333
    endloop
  endfacet
  facet normal 0 0 -1
    outer loop
      vertex 318.00417014432065 -3.1947103442163236 -333
      vertex 315.08447797614 -3.37832909034046 -333
      vertex 318.00609883550635 -3.1945876020925827 -333
    endloop
  endfacet
  facet normal 0 0 -1
    outer loop
      vertex 318.00257341052173 -3.194811542922551 -333
      vertex 315.08447797614 -3.37832909034046 -333
      vertex 318.00417014432065 -3.1947103442163236 -333
    endloop
  endfacet
  facet normal 0 0 -1
    outer loop
      vertex 318.00609883550635 -3.1945876020925827 -333
      vertex 315.08447797614 -3.37832909034046 -333
      vertex 319.2336494987007 -3.116371358916076 -333
    endloop
  endfacet
  facet normal 0 0 -1
    outer loop
      vertex 319.2336494987007 -3.116371358916076 -333
      vertex 315.08447797614 -3.37832909034046 -333
      vertex 319.2340072552468 -3.1163485109647433 -333
    endloop
  endfacet
  facet normal 0 0 -1
    outer loop
      vertex 317.54554480128246 -0.9372819894918915 -333
      vertex 317.5892493822365 -0.9510565162951535 -333
      vertex 315.08447797614 -3.37832909034046 -333
    endloop
  endfacet
  facet normal 0 0 -1
    outer loop
      vertex 317.5892493822365 -0.9510565162951535 -333
      vertex 317.63355295525827 -0.9631625667976582 -333
      vertex 315.08447797614 -3.37832909034046 -333
    endloop
  endfacet
  facet normal 0 0 -1
    outer loop
      vertex 319.2340072552468 -3.1163485109647433 -333
      vertex 315.08447797614 -3.37832909034046 -333
      vertex 320.71676286576434 -3.021483477820034 -333
    endloop
  endfacet
  facet normal 0 0 -1
    outer loop
      vertex 320.71676286576434 -3.021483477820034 -333
      vertex 315.08447797614 -3.37832909034046 -333
      vertex 320.71829018267266 -3.0213855106452607 -333
    endloop
  endfacet
  facet normal 0 0 -1
    outer loop
      vertex 320.71829018267266 -3.0213855106452607 -333
      vertex 315.08447797614 -3.37832909034046 -333
      vertex 320.99332928790506 -3.0037270949311203 -333
    endloop
  endfacet
  facet normal 0 0 -1
    outer loop
      vertex 320.9936780016402 -3.003704668183048 -333
      vertex 315.08447797614 -3.37832909034046 -333
      vertex 320.99517047650886 -3.0036084322601893 -333
    endloop
  endfacet
  facet normal 0 0 -1
    outer loop
      vertex 320.99332928790506 -3.0037270949311203 -333
      vertex 315.08447797614 -3.37832909034046 -333
      vertex 320.9936780016402 -3.003704668183048 -333
    endloop
  endfacet
  facet normal 0 0 -1
    outer loop
      vertex 320.99517047650886 -3.0036084322601893 -333
      vertex 315.08447797614 -3.37832909034046 -333
      vertex 322.1693540183283 -2.9278946183177235 -333
    endloop
  endfacet
  facet normal 0 0 -1
    outer loop
      vertex 322.1693540183283 -2.9278946183177235 -333
      vertex 315.08447797614 -3.37832909034046 -333
      vertex 322.43744108661974 -2.9105623721251157 -333
    endloop
  endfacet
  facet normal 0 0 -1
    outer loop
      vertex 322.43744108661974 -2.9105623721251157 -333
      vertex 315.08447797614 -3.37832909034046 -333
      vertex 323.5848383812459 -2.8361885932733224 -333
    endloop
  endfacet
  facet normal 0 0 -1
    outer loop
      vertex 323.5848383812459 -2.8361885932733224 -333
      vertex 315.08447797614 -3.37832909034046 -333
      vertex 323.5851769883037 -2.8361666386578332 -333
    endloop
  endfacet
  facet normal 0 0 -1
    outer loop
      vertex 323.84549412839146 -2.819199992740568 -333
      vertex 323.5851769883037 -2.8361666386578332 -333
      vertex 315.08447797614 -3.37832909034046 -333
    endloop
  endfacet
  facet normal 0 0 -1
    outer loop
      vertex 323.84695149867497 -2.8191048694964853 -333
      vertex 315.08447797614 -3.37832909034046 -333
      vertex 323.8472797332803 -2.8190833633387955 -333
    endloop
  endfacet
  facet normal 0 0 -1
    outer loop
      vertex 323.84549412839146 -2.819199992740568 -333
      vertex 315.08447797614 -3.37832909034046 -333
      vertex 323.84695149867497 -2.8191048694964853 -333
    endloop
  endfacet
  facet normal 0 0 -1
    outer loop
      vertex 323.8472797332803 -2.8190833633387955 -333
      vertex 315.08447797614 -3.37832909034046 -333
      vertex 324.96768882419735 -2.745574128745077 -333
    endloop
  endfacet
  facet normal 0 0 -1
    outer loop
      vertex 324.96768882419735 -2.745574128745077 -333
      vertex 315.08447797614 -3.37832909034046 -333
      vertex 324.96911055508497 -2.7454806751424905 -333
    endloop
  endfacet
  facet normal 0 0 -1
    outer loop
      vertex 324.96911055508497 -2.7454806751424905 -333
      vertex 315.08447797614 -3.37832909034046 -333
      vertex 325.2214534348009 -2.7288614973506986 -333
    endloop
  endfacet
  facet normal 0 0 -1
    outer loop
      vertex 325.2214534348009 -2.7288614973506986 -333
      vertex 315.08447797614 -3.37832909034046 -333
      vertex 317.63355295525827 -0.9631625667976582 -333
    endloop
  endfacet
  facet normal 0 0 -1
    outer loop
      vertex 317.30009949564777 -0.8211492091337039 -333
      vertex 317.3386460698106 -0.844327925502015 -333
      vertex 315.08447797614 -3.37832909034046 -333
    endloop
  endfacet
  facet normal 0 0 -1
    outer loop
      vertex 317.2626591807075 -0.7965299180241964 -333
      vertex 317.30009949564777 -0.8211492091337039 -333
      vertex 315.08447797614 -3.37832909034046 -333
    endloop
  endfacet
  facet normal 0 0 -1
    outer loop
      vertex 317.22639080802446 -0.7705132427757894 -333
      vertex 317.2626591807075 -0.7965299180241964 -333
      vertex 315.08447797614 -3.37832909034046 -333
    endloop
  endfacet
  facet normal 0 0 -1
    outer loop
      vertex 317.19135800464835 -0.7431448254773942 -333
      vertex 317.22639080802446 -0.7705132427757894 -333
      vertex 315.08447797614 -3.37832909034046 -333
    endloop
  endfacet
  facet normal 0 0 -1
    outer loop
      vertex 317.1576222300206 -0.7144726796328034 -333
      vertex 317.19135800464835 -0.7431448254773942 -333
      vertex 315.08447797614 -3.37832909034046 -333
    endloop
  endfacet
  facet normal 0 0 -1
    outer loop
      vertex 317.50251588508195 -0.9218631515885004 -333
      vertex 317.54554480128246 -0.9372819894918915 -333
      vertex 315.08447797614 -3.37832909034046 -333
    endloop
  endfacet
  facet normal 0 0 -1
    outer loop
      vertex 317.4602381209754 -0.9048270524660196 -333
      vertex 317.50251588508195 -0.9218631515885004 -333
      vertex 315.08447797614 -3.37832909034046 -333
    endloop
  endfacet
  facet normal 0 0 -1
    outer loop
      vertex 317.41878567852706 -0.8862035792312147 -333
      vertex 317.4602381209754 -0.9048270524660196 -333
      vertex 315.08447797614 -3.37832909034046 -333
    endloop
  endfacet
  facet normal 0 0 -1
    outer loop
      vertex 317.3782312794066 -0.8660254037844386 -333
      vertex 317.41878567852706 -0.8862035792312147 -333
      vertex 315.08447797614 -3.37832909034046 -333
    endloop
  endfacet
  facet normal 0 0 -1
    outer loop
      vertex 317.3386460698106 -0.844327925502015 -333
      vertex 317.3782312794066 -0.8660254037844386 -333
      vertex 315.08447797614 -3.37832909034046 -333
    endloop
  endfacet
  facet normal 0 0 -1
    outer loop
      vertex 317.1252426681534 -0.6845471059286885 -333
      vertex 317.1576222300206 -0.7144726796328034 -333
      vertex 315.08447797614 -3.37832909034046 -333
    endloop
  endfacet
  facet normal 0 0 -1
    outer loop
      vertex 317.0942761238009 -0.6534206039901056 -333
      vertex 317.1252426681534 -0.6845471059286885 -333
      vertex 315.08447797614 -3.37832909034046 -333
    endloop
  endfacet
  facet normal 0 0 -1
    outer loop
      vertex 317.06477692280436 -0.6211477802783104 -333
      vertex 317.0942761238009 -0.6534206039901056 -333
      vertex 315.08447797614 -3.37832909034046 -333
    endloop
  endfacet
  facet normal 0 0 -1
    outer loop
      vertex 317.0103848923602 -0.553391549243344 -333
      vertex 317.03679681678625 -0.5877852522924731 -333
      vertex 315.08447797614 -3.37832909034046 -333
    endloop
  endfacet
  facet normal 0 0 -1
    outer loop
      vertex 317.03679681678625 -0.5877852522924731 -333
      vertex 317.06477692280436 -0.6211477802783104 -333
      vertex 315.08447797614 -3.37832909034046 -333
    endloop
  endfacet
  facet normal 0 0 -1
    outer loop
      vertex 316.9855874850166 -0.51802700937313 -333
      vertex 317.0103848923602 -0.553391549243344 -333
      vertex 315.08447797614 -3.37832909034046 -333
    endloop
  endfacet
  facet normal 0 0 -1
    outer loop
      vertex 316.92130278139666 -0.4067366430758002 -333
      vertex 316.94100732516034 -0.44463517918492756 -333
      vertex 315.08447797614 -3.37832909034046 -333
    endloop
  endfacet
  facet normal 0 0 -1
    outer loop
      vertex 316.90336903500827 -0.36812455268467786 -333
      vertex 316.92130278139666 -0.4067366430758002 -333
      vertex 315.08447797614 -3.37832909034046 -333
    endloop
  endfacet
  facet normal 0 0 -1
    outer loop
      vertex 316.88723754788026 -0.32886664673858307 -333
      vertex 316.90336903500827 -0.36812455268467786 -333
      vertex 315.08447797614 -3.37832909034046 -333
    endloop
  endfacet
  facet normal 0 0 -1
    outer loop
      vertex 316.87293662012246 -0.2890317969444718 -333
      vertex 316.88723754788026 -0.32886664673858307 -333
      vertex 315.08447797614 -3.37832909034046 -333
    endloop
  endfacet
  facet normal 0 0 -1
    outer loop
      vertex 316.86049134042196 -0.24868988716485485 -333
      vertex 316.87293662012246 -0.2890317969444718 -333
      vertex 315.08447797614 -3.37832909034046 -333
    endloop
  endfacet
  facet normal 0 0 -1
    outer loop
      vertex 316.96244809783394 -0.4817536741017154 -333
      vertex 316.9855874850166 -0.51802700937313 -333
      vertex 315.08447797614 -3.37832909034046 -333
    endloop
  endfacet
  facet normal 0 0 -1
    outer loop
      vertex 316.94100732516034 -0.44463517918492756 -333
      vertex 316.96244809783394 -0.4817536741017154 -333
      vertex 315.08447797614 -3.37832909034046 -333
    endloop
  endfacet
  facet normal 0 0 -1
    outer loop
      vertex 315.08447797614 -3.37832909034046 -333
      vertex 315.08447797614 4.081811701429645 -333
      vertex 316.86049134042196 -0.24868988716485485 -333
    endloop
  endfacet
  facet normal 0 0 -1
    outer loop
      vertex 325.2214534348009 -2.7288614973506986 -333
      vertex 317.72364526893625 -0.9822872507286886 -333
      vertex 317.76927595706076 -0.9892723329629883 -333
    endloop
  endfacet
  facet normal 0 0 -1
    outer loop
      vertex 325.2214534348009 -2.7288614973506986 -333
      vertex 317.678377796826 -0.9735789028731603 -333
      vertex 317.72364526893625 -0.9822872507286886 -333
    endloop
  endfacet
  facet normal 0 0 -1
    outer loop
      vertex 325.2214534348009 -2.7288614973506986 -333
      vertex 317.63355295525827 -0.9631625667976582 -333
      vertex 317.678377796826 -0.9735789028731603 -333
    endloop
  endfacet
  facet normal 0 0 -1
    outer loop
      vertex 325.2214534348009 -2.7288614973506986 -333
      vertex 317.76927595706076 -0.9892723329629883 -333
      vertex 317.8151898094673 -0.9945218953682733 -333
    endloop
  endfacet
  facet normal 0 0 -1
    outer loop
      vertex 325.2214534348009 -2.7288614973506986 -333
      vertex 317.8151898094673 -0.9945218953682733 -333
      vertex 317.86130627765704 -0.9980267284282716 -333
    endloop
  endfacet
  facet normal 0 0 -1
    outer loop
      vertex 325.2214534348009 -2.7288614973506986 -333
      vertex 317.86130627765704 -0.9980267284282716 -333
      vertex 317.9075444576743 -0.9997806834748455 -333
    endloop
  endfacet
  facet normal 0 0 -1
    outer loop
      vertex 325.2214534348009 -2.7288614973506986 -333
      vertex 317.9075444576743 -0.9997806834748455 -333
      vertex 317.9538232320395 -0.9997806834748455 -333
    endloop
  endfacet
  facet normal 0 0 -1
    outer loop
      vertex 325.2214534348009 -2.7288614973506986 -333
      vertex 317.9538232320395 -0.9997806834748455 -333
      vertex 318.00006141205677 -0.9980267284282716 -333
    endloop
  endfacet
  facet normal 0 0 -1
    outer loop
      vertex 325.2214534348009 -2.7288614973506986 -333
      vertex 318.00006141205677 -0.9980267284282716 -333
      vertex 318.0461778802465 -0.9945218953682733 -333
    endloop
  endfacet
  facet normal 0 0 -1
    outer loop
      vertex 325.2214534348009 -2.7288614973506986 -333
      vertex 318.0461778802465 -0.9945218953682733 -333
      vertex 318.092091732653 -0.9892723329629883 -333
    endloop
  endfacet
  facet normal 0 0 -1
    outer loop
      vertex 325.2214534348009 -2.7288614973506986 -333
      vertex 318.092091732653 -0.9892723329629883 -333
      vertex 318.1377224207776 -0.9822872507286886 -333
    endloop
  endfacet
  facet normal 0 0 -1
    outer loop
      vertex 325.2214534348009 -2.7288614973506986 -333
      vertex 318.1377224207776 -0.9822872507286886 -333
      vertex 318.18298989288775 -0.9735789028731603 -333
    endloop
  endfacet
  facet normal 0 0 -1
    outer loop
      vertex 325.2214534348009 -2.7288614973506986 -333
      vertex 318.18298989288775 -0.9735789028731603 -333
      vertex 318.2278147344556 -0.9631625667976581 -333
    endloop
  endfacet
  facet normal 0 0 -1
    outer loop
      vertex 325.2214534348009 -2.7288614973506986 -333
      vertex 318.2278147344556 -0.9631625667976581 -333
      vertex 318.27211830747723 -0.9510565162951535 -333
    endloop
  endfacet
  facet normal 0 0 -1
    outer loop
      vertex 325.2214534348009 -2.7288614973506986 -333
      vertex 318.27211830747723 -0.9510565162951535 -333
      vertex 318.3158228884313 -0.9372819894918917 -333
    endloop
  endfacet
  facet normal 0 0 -1
    outer loop
      vertex 325.2214534348009 -2.7288614973506986 -333
      vertex 318.3158228884313 -0.9372819894918917 -333
      vertex 318.35885180463174 -0.9218631515885004 -333
    endloop
  endfacet
  facet normal 0 0 -1
    outer loop
      vertex 325.2214534348009 -2.7288614973506986 -333
      vertex 318.35885180463174 -0.9218631515885004 -333
      vertex 318.40112956873827 -0.9048270524660196 -333
    endloop
  endfacet
  facet normal 0 0 -1
    outer loop
      vertex 325.2214534348009 -2.7288614973506986 -333
      vertex 318.40112956873827 -0.9048270524660196 -333
      vertex 318.4425820111867 -0.8862035792312145 -333
    endloop
  endfacet
  facet normal 0 0 -1
    outer loop
      vertex 326.3147803239605 -2.6566241519615144 -333
      vertex 318.4425820111867 -0.8862035792312145 -333
      vertex 318.48313641030717 -0.8660254037844386 -333
    endloop
  endfacet
  facet normal 0 0 -1
    outer loop
      vertex 326.3147803239605 -2.6566241519615144 -333
      vertex 318.48313641030717 -0.8660254037844386 -333
      vertex 318.52272161990317 -0.8443279255020153 -333
    endloop
  endfacet
  facet normal 0 0 -1
    outer loop
      vertex 326.5615775600796 -2.6402038400789194 -333
      vertex 318.52272161990317 -0.8443279255020153 -333
      vertex 318.561268194066 -0.8211492091337039 -333
    endloop
  endfacet
  facet normal 0 0 -1
    outer loop
      vertex 326.5615775600796 -2.6402038400789194 -333
      vertex 318.561268194066 -0.8211492091337039 -333
      vertex 318.59870850900626 -0.7965299180241964 -333
    endloop
  endfacet
  facet normal 0 0 -1
    outer loop
      vertex 326.5615775600796 -2.6402038400789194 -333
      vertex 318.59870850900626 -0.7965299180241964 -333
      vertex 318.63497688168934 -0.770513242775789 -333
    endloop
  endfacet
  facet normal 0 0 -1
    outer loop
      vertex 326.5615775600796 -2.6402038400789194 -333
      vertex 318.63497688168934 -0.770513242775789 -333
      vertex 318.6700096850654 -0.7431448254773942 -333
    endloop
  endfacet
  facet normal 0 0 -1
    outer loop
      vertex 326.5615775600796 -2.6402038400789194 -333
      vertex 318.6700096850654 -0.7431448254773942 -333
      vertex 318.70374545969315 -0.7144726796328036 -333
    endloop
  endfacet
  facet normal 0 0 -1
    outer loop
      vertex 326.5615775600796 -2.6402038400789194 -333
      vertex 318.70374545969315 -0.7144726796328036 -333
      vertex 318.7361250215604 -0.6845471059286885 -333
    endloop
  endfacet
  facet normal 0 0 -1
    outer loop
      vertex 326.5615775600796 -2.6402038400789194 -333
      vertex 318.7361250215604 -0.6845471059286885 -333
      vertex 318.7670915659129 -0.6534206039901056 -333
    endloop
  endfacet
  facet normal 0 0 -1
    outer loop
      vertex 326.5615775600796 -2.6402038400789194 -333
      vertex 318.7670915659129 -0.6534206039901056 -333
      vertex 318.7965907669094 -0.6211477802783101 -333
    endloop
  endfacet
  facet normal 0 0 -1
    outer loop
      vertex 327.6276884022847 -2.5687344658925064 -333
      vertex 318.7965907669094 -0.6211477802783101 -333
      vertex 318.82457087292755 -0.5877852522924731 -333
    endloop
  endfacet
  facet normal 0 0 -1
    outer loop
      vertex 327.6276884022847 -2.5687344658925064 -333
      vertex 318.82457087292755 -0.5877852522924731 -333
      vertex 318.85098279735354 -0.5533915492433443 -333
    endloop
  endfacet
  facet normal 0 0 -1
    outer loop
      vertex 327.6276884022847 -2.5687344658925064 -333
      vertex 318.85098279735354 -0.5533915492433443 -333
      vertex 318.8757802046972 -0.51802700937313 -333
    endloop
  endfacet
  facet normal 0 0 -1
    outer loop
      vertex 327.6276884022847 -2.5687344658925064 -333
      vertex 318.8757802046972 -0.51802700937313 -333
      vertex 318.8989195918798 -0.4817536741017154 -333
    endloop
  endfacet
  facet normal 0 0 -1
    outer loop
      vertex 327.6276884022847 -2.5687344658925064 -333
      vertex 318.8989195918798 -0.4817536741017154 -333
      vertex 318.9203603645534 -0.4446351791849271 -333
    endloop
  endfacet
  facet normal 0 0 -1
    outer loop
      vertex 327.6276884022847 -2.5687344658925064 -333
      vertex 318.9203603645534 -0.4446351791849271 -333
      vertex 318.94006490831714 -0.4067366430758002 -333
    endloop
  endfacet
  facet normal 0 0 -1
    outer loop
      vertex 327.6276884022847 -2.5687344658925064 -333
      vertex 318.94006490831714 -0.4067366430758002 -333
      vertex 318.95799865470553 -0.36812455268467836 -333
    endloop
  endfacet
  facet normal 0 0 -1
    outer loop
      vertex 318.70374545969315 0.7144726796328034 -333
      vertex 318.6700096850654 0.7431448254773942 -333
      vertex 322.35030436845926 0 -333
    endloop
  endfacet
  facet normal 0 0 -1
    outer loop
      vertex 319.03461978623307 -0.04187565372919923 -333
      vertex 319.0355889757575 0 -333
      vertex 322.53491054686316 -0.553391549243344 -333
    endloop
  endfacet
  facet normal 0 0 -1
    outer loop
      vertex 319.0355889757575 0 -333
      vertex 319.034619786233 0.04187565372919962 -333
      vertex 322.53491054686316 -0.553391549243344 -333
    endloop
  endfacet
  facet normal 0 0 -1
    outer loop
      vertex 319.034619786233 0.04187565372919962 -333
      vertex 319.03171391794746 0.08367784333231548 -333
      vertex 322.53491054686316 -0.553391549243344 -333
    endloop
  endfacet
  facet normal 0 0 -1
    outer loop
      vertex 319.03171391794746 0.08367784333231548 -333
      vertex 319.02687646878115 0.12533323356430426 -333
      vertex 322.53491054686316 -0.553391549243344 -333
    endloop
  endfacet
  facet normal 0 0 -1
    outer loop
      vertex 319.02687646878115 0.12533323356430426 -333
      vertex 319.0201159252637 0.16676874671610226 -333
      vertex 322.53491054686316 -0.553391549243344 -333
    endloop
  endfacet
  facet normal 0 0 -1
    outer loop
      vertex 322.64976832265637 -0.6845471059286885 -333
      vertex 322.6821478845236 -0.7144726796328034 -333
      vertex 319.03461978623307 -0.04187565372919923 -333
    endloop
  endfacet
  facet normal 0 0 -1
    outer loop
      vertex 322.6188017783038 -0.6534206039901056 -333
      vertex 322.64976832265637 -0.6845471059286885 -333
      vertex 319.03461978623307 -0.04187565372919923 -333
    endloop
  endfacet
  facet normal 0 0 -1
    outer loop
      vertex 322.58930257730725 -0.6211477802783104 -333
      vertex 322.6188017783038 -0.6534206039901056 -333
      vertex 319.03461978623307 -0.04187565372919923 -333
    endloop
  endfacet
  facet normal 0 0 -1
    outer loop
      vertex 322.56132247128915 -0.5877852522924731 -333
      vertex 322.58930257730725 -0.6211477802783104 -333
      vertex 319.03461978623307 -0.04187565372919923 -333
    endloop
  endfacet
  facet normal 0 0 -1
    outer loop
      vertex 322.53491054686316 -0.553391549243344 -333
      vertex 322.56132247128915 -0.5877852522924731 -333
      vertex 319.03461978623307 -0.04187565372919923 -333
    endloop
  endfacet
  facet normal 0 0 -1
    outer loop
      vertex 322.6821478845236 -0.7144726796328034 -333
      vertex 322.69086566541307 -0.7218819502917014 -333
      vertex 319.03461978623307 -0.04187565372919923 -333
    endloop
  endfacet
  facet normal 0 0 -1
    outer loop
      vertex 322.5101131395195 -0.51802700937313 -333
      vertex 322.53491054686316 -0.553391549243344 -333
      vertex 319.0114441476858 0.20791169081775934 -333
    endloop
  endfacet
  facet normal 0 0 -1
    outer loop
      vertex 322.4655329796633 -0.44463517918492756 -333
      vertex 322.4869737523369 -0.4817536741017154 -333
      vertex 319.00087634929184 0.2486898871648548 -333
    endloop
  endfacet
  facet normal 0 0 -1
    outer loop
      vertex 322.4869737523369 -0.4817536741017154 -333
      vertex 322.5101131395195 -0.51802700937313 -333
      vertex 319.0114441476858 0.20791169081775934 -333
    endloop
  endfacet
  facet normal 0 0 -1
    outer loop
      vertex 322.44582843589956 -0.4067366430758002 -333
      vertex 322.4655329796633 -0.44463517918492756 -333
      vertex 319.00087634929184 0.2486898871648548 -333
    endloop
  endfacet
  facet normal 0 0 -1
    outer loop
      vertex 322.42789468951116 -0.36812455268467786 -333
      vertex 322.44582843589956 -0.4067366430758002 -333
      vertex 319.00087634929184 0.2486898871648548 -333
    endloop
  endfacet
  facet normal 0 0 -1
    outer loop
      vertex 322.41176320238316 -0.32886664673858307 -333
      vertex 322.42789468951116 -0.36812455268467786 -333
      vertex 319.00087634929184 0.2486898871648548 -333
    endloop
  endfacet
  facet normal 0 0 -1
    outer loop
      vertex 322.3974622746254 -0.2890317969444718 -333
      vertex 322.41176320238316 -0.32886664673858307 -333
      vertex 319.00087634929184 0.2486898871648548 -333
    endloop
  endfacet
  facet normal 0 0 -1
    outer loop
      vertex 322.3850169949249 -0.24868988716485485 -333
      vertex 322.3974622746254 -0.2890317969444718 -333
      vertex 319.00087634929184 0.2486898871648548 -333
    endloop
  endfacet
  facet normal 0 0 -1
    outer loop
      vertex 319.0114441476858 0.20791169081775934 -333
      vertex 319.00087634929184 0.2486898871648548 -333
      vertex 322.4869737523369 -0.4817536741017154 -333
    endloop
  endfacet
  facet normal 0 0 -1
    outer loop
      vertex 319.0201159252637 0.16676874671610226 -333
      vertex 319.0114441476858 0.20791169081775934 -333
      vertex 322.53491054686316 -0.553391549243344 -333
    endloop
  endfacet
  facet normal 0 0 -1
    outer loop
      vertex 319.00087634929184 0.2486898871648548 -333
      vertex 318.98843106959123 0.2890317969444716 -333
      vertex 322.3850169949249 -0.24868988716485485 -333
    endloop
  endfacet
  facet normal 0 0 -1
    outer loop
      vertex 318.98843106959123 0.2890317969444716 -333
      vertex 318.97413014183354 0.32886664673858323 -333
      vertex 322.3850169949249 -0.24868988716485485 -333
    endloop
  endfacet
  facet normal 0 0 -1
    outer loop
      vertex 318.97413014183354 0.32886664673858323 -333
      vertex 318.95799865470553 0.368124552684678 -333
      vertex 322.3850169949249 -0.24868988716485485 -333
    endloop
  endfacet
  facet normal 0 0 -1
    outer loop
      vertex 318.95799865470553 0.368124552684678 -333
      vertex 318.94006490831714 0.4067366430758002 -333
      vertex 322.3850169949249 -0.24868988716485485 -333
    endloop
  endfacet
  facet normal 0 0 -1
    outer loop
      vertex 318.94006490831714 0.4067366430758002 -333
      vertex 318.9203603645534 0.44463517918492745 -333
      vertex 322.3850169949249 -0.24868988716485485 -333
    endloop
  endfacet
  facet normal 0 0 -1
    outer loop
      vertex 318.9203603645534 0.44463517918492745 -333
      vertex 318.8989195918798 0.4817536741017153 -333
      vertex 322.3850169949249 -0.24868988716485485 -333
    endloop
  endfacet
  facet normal 0 0 -1
    outer loop
      vertex 318.8757802046972 0.5180270093731302 -333
      vertex 322.3744491965309 -0.20791169081775934 -333
      vertex 318.8989195918798 0.4817536741017153 -333
    endloop
  endfacet
  facet normal 0 0 -1
    outer loop
      vertex 318.8757802046972 0.5180270093731302 -333
      vertex 318.85098279735354 0.5533915492433441 -333
      vertex 322.35030436845926 0 -333
    endloop
  endfacet
  facet normal 0 0 -1
    outer loop
      vertex 318.85098279735354 0.5533915492433441 -333
      vertex 318.82457087292755 0.5877852522924731 -333
      vertex 322.35030436845926 0 -333
    endloop
  endfacet
  facet normal 0 0 -1
    outer loop
      vertex 318.7965907669094 0.6211477802783103 -333
      vertex 318.7670915659129 0.6534206039901054 -333
      vertex 322.35030436845926 0 -333
    endloop
  endfacet
  facet normal 0 0 -1
    outer loop
      vertex 318.82457087292755 0.5877852522924731 -333
      vertex 318.7965907669094 0.6211477802783103 -333
      vertex 322.35030436845926 0 -333
    endloop
  endfacet
  facet normal 0 0 -1
    outer loop
      vertex 318.7670915659129 0.6534206039901054 -333
      vertex 318.7361250215604 0.6845471059286887 -333
      vertex 322.35030436845926 0 -333
    endloop
  endfacet
  facet normal 0 0 -1
    outer loop
      vertex 318.7361250215604 0.6845471059286887 -333
      vertex 318.70374545969315 0.7144726796328034 -333
      vertex 322.35030436845926 0 -333
    endloop
  endfacet
  facet normal 0 0 -1
    outer loop
      vertex 322.3590168754356 -0.12533323356430406 -333
      vertex 322.365777418953 -0.16676874671610217 -333
      vertex 318.8757802046972 0.5180270093731302 -333
    endloop
  endfacet
  facet normal 0 0 -1
    outer loop
      vertex 322.3744491965309 -0.20791169081775934 -333
      vertex 322.3850169949249 -0.24868988716485485 -333
      vertex 318.8989195918798 0.4817536741017153 -333
    endloop
  endfacet
  facet normal 0 0 -1
    outer loop
      vertex 322.365777418953 -0.16676874671610217 -333
      vertex 322.3744491965309 -0.20791169081775934 -333
      vertex 318.8757802046972 0.5180270093731302 -333
    endloop
  endfacet
  facet normal 0 0 -1
    outer loop
      vertex 322.35417942626924 -0.08367784333231569 -333
      vertex 322.3590168754356 -0.12533323356430406 -333
      vertex 318.8757802046972 0.5180270093731302 -333
    endloop
  endfacet
  facet normal 0 0 -1
    outer loop
      vertex 322.35417942626924 -0.08367784333231569 -333
      vertex 318.8757802046972 0.5180270093731302 -333
      vertex 322.35127355798363 -0.04187565372919973 -333
    endloop
  endfacet
  facet normal 0 0 -1
    outer loop
      vertex 322.35030436845926 0 -333
      vertex 322.35127355798363 -0.04187565372919973 -333
      vertex 318.8757802046972 0.5180270093731302 -333
    endloop
  endfacet
  facet normal 0 0 -1
    outer loop
      vertex 322.35127355798363 0.04187565372919973 -333
      vertex 322.35030436845926 0 -333
      vertex 318.63497688168934 0.7705132427757891 -333
    endloop
  endfacet
  facet normal 0 0 -1
    outer loop
      vertex 322.35417942626924 0.08367784333231569 -333
      vertex 322.35127355798363 0.04187565372919973 -333
      vertex 318.561268194066 0.821149209133704 -333
    endloop
  endfacet
  facet normal 0 0 -1
    outer loop
      vertex 322.3590168754356 0.12533323356430406 -333
      vertex 322.35417942626924 0.08367784333231569 -333
      vertex 318.561268194066 0.821149209133704 -333
    endloop
  endfacet
  facet normal 0 0 -1
    outer loop
      vertex 322.365777418953 0.16676874671610217 -333
      vertex 322.3590168754356 0.12533323356430406 -333
      vertex 318.561268194066 0.821149209133704 -333
    endloop
  endfacet
  facet normal 0 0 -1
    outer loop
      vertex 322.374449196531 0.20791169081775934 -333
      vertex 322.365777418953 0.16676874671610217 -333
      vertex 318.561268194066 0.821149209133704 -333
    endloop
  endfacet
  facet normal 0 0 -1
    outer loop
      vertex 322.3850169949249 0.24868988716485485 -333
      vertex 322.374449196531 0.20791169081775934 -333
      vertex 318.561268194066 0.821149209133704 -333
    endloop
  endfacet
  facet normal 0 0 -1
    outer loop
      vertex 325.2214534348009 -2.7288614973506986 -333
      vertex 318.4425820111867 -0.8862035792312145 -333
      vertex 326.3144632598984 -2.6566451388372276 -333
    endloop
  endfacet
  facet normal 0 0 -1
    outer loop
      vertex 326.3144632598984 -2.6566451388372276 -333
      vertex 318.4425820111867 -0.8862035792312145 -333
      vertex 326.3147803239605 -2.6566241519615144 -333
    endloop
  endfacet
  facet normal 0 0 -1
    outer loop
      vertex 326.3147803239605 -2.6566241519615144 -333
      vertex 318.52272161990317 -0.8443279255020153 -333
      vertex 326.55853538397736 -2.640407099189645 -333
    endloop
  endfacet
  facet normal 0 0 -1
    outer loop
      vertex 326.56022710657896 -2.6402942074529343 -333
      vertex 318.52272161990317 -0.8443279255020153 -333
      vertex 326.5615775600796 -2.6402038400789194 -333
    endloop
  endfacet
  facet normal 0 0 -1
    outer loop
      vertex 326.559921745084 -2.640314630897008 -333
      vertex 318.52272161990317 -0.8443279255020153 -333
      vertex 326.56022710657896 -2.6402942074529343 -333
    endloop
  endfacet
  facet normal 0 0 -1
    outer loop
      vertex 326.55853538397736 -2.640407099189645 -333
      vertex 318.52272161990317 -0.8443279255020153 -333
      vertex 326.559921745084 -2.640314630897008 -333
    endloop
  endfacet
  facet normal 0 0 -1
    outer loop
      vertex 326.5615775600796 -2.6402038400789194 -333
      vertex 318.7965907669094 -0.6211477802783101 -333
      vertex 327.62739527596494 -2.5687541735443684 -333
    endloop
  endfacet
  facet normal 0 0 -1
    outer loop
      vertex 327.62739527596494 -2.5687541735443684 -333
      vertex 318.7965907669094 -0.6211477802783101 -333
      vertex 327.6276884022847 -2.5687344658925064 -333
    endloop
  endfacet
  facet normal 0 0 -1
    outer loop
      vertex 327.6276884022847 -2.5687344658925064 -333
      vertex 318.95799865470553 -0.36812455268467836 -333
      vertex 328.90065895843105 -2.4831284636165294 -333
    endloop
  endfacet
  facet normal 0 0 -1
    outer loop
      vertex 328.90065895843105 -2.4831284636165294 -333
      vertex 318.95799865470553 -0.36812455268467836 -333
      vertex 318.9741301418336 -0.32886664673858307 -333
    endloop
  endfacet
  facet normal 0 0 -1
    outer loop
      vertex 328.90065895843105 -2.4831284636165294 -333
      vertex 318.9741301418336 -0.32886664673858307 -333
      vertex 318.98843106959123 -0.2890317969444718 -333
    endloop
  endfacet
  facet normal 0 0 -1
    outer loop
      vertex 329.12732519755673 -2.467812021635416 -333
      vertex 318.98843106959123 -0.2890317969444718 -333
      vertex 319.00087634929184 -0.24868988716485443 -333
    endloop
  endfacet
  facet normal 0 0 -1
    outer loop
      vertex 329.12732519755673 -2.467812021635416 -333
      vertex 319.00087634929184 -0.24868988716485443 -333
      vertex 319.0114441476858 -0.20791169081775934 -333
    endloop
  endfacet
  facet normal 0 0 -1
    outer loop
      vertex 329.12732519755673 -2.467812021635416 -333
      vertex 319.0114441476858 -0.20791169081775934 -333
      vertex 319.0201159252637 -0.16676874671610267 -333
    endloop
  endfacet
  facet normal 0 0 -1
    outer loop
      vertex 329.12732519755673 -2.467812021635416 -333
      vertex 319.0201159252637 -0.16676874671610267 -333
      vertex 319.02687646878115 -0.12533323356430406 -333
    endloop
  endfacet
  facet normal 0 0 -1
    outer loop
      vertex 329.12732519755673 -2.467812021635416 -333
      vertex 319.02687646878115 -0.12533323356430406 -333
      vertex 319.03171391794746 -0.08367784333231569 -333
    endloop
  endfacet
  facet normal 0 0 -1
    outer loop
      vertex 330.1380115234677 -2.398972049136438 -333
      vertex 319.03171391794746 -0.08367784333231569 -333
      vertex 319.03461978623307 -0.04187565372919923 -333
    endloop
  endfacet
  facet normal 0 0 -1
    outer loop
      vertex 328.90065895843105 -2.4831284636165294 -333
      vertex 318.98843106959123 -0.2890317969444718 -333
      vertex 329.1260109132317 -2.4679010948685103 -333
    endloop
  endfacet
  facet normal 0 0 -1
    outer loop
      vertex 329.1260109132317 -2.4679010948685103 -333
      vertex 318.98843106959123 -0.2890317969444718 -333
      vertex 329.12732519755673 -2.467812021635416 -333
    endloop
  endfacet
  facet normal 0 0 -1
    outer loop
      vertex 330.355030960057 -2.3840916532868643 -333
      vertex 319.03461978623307 -0.04187565372919923 -333
      vertex 322.69086566541307 -0.7218819502917014 -333
    endloop
  endfacet
  facet normal 0 0 -1
    outer loop
      vertex 330.355030960057 -2.3840916532868643 -333
      vertex 322.69086566541307 -0.7218819502917014 -333
      vertex 322.69086566541307 0.7218819502917014 -333
    endloop
  endfacet
  facet normal 0 0 -1
    outer loop
      vertex 329.12732519755673 -2.467812021635416 -333
      vertex 319.03171391794746 -0.08367784333231569 -333
      vertex 330.1377308974121 -2.398991195513039 -333
    endloop
  endfacet
  facet normal 0 0 -1
    outer loop
      vertex 330.1377308974121 -2.398991195513039 -333
      vertex 319.03171391794746 -0.08367784333231569 -333
      vertex 330.1380115234677 -2.398972049136438 -333
    endloop
  endfacet
  facet normal 0 0 -1
    outer loop
      vertex 330.1380115234677 -2.398972049136438 -333
      vertex 319.03461978623307 -0.04187565372919923 -333
      vertex 330.3537533766585 -2.3841794351792545 -333
    endloop
  endfacet
  facet normal 0 0 -1
    outer loop
      vertex 330.3537533766585 -2.3841794351792545 -333
      vertex 319.03461978623307 -0.04187565372919923 -333
      vertex 330.355030960057 -2.3840916532868643 -333
    endloop
  endfacet
  facet normal 0 0 -1
    outer loop
      vertex 330.355030960057 -2.3840916532868643 -333
      vertex 322.69086566541307 0.7218819502917014 -333
      vertex 331.3372212211485 -2.3162731412877964 -333
    endloop
  endfacet
  facet normal 0 0 -1
    outer loop
      vertex 331.3372212211485 -2.3162731412877964 -333
      vertex 322.69086566541307 0.7218819502917014 -333
      vertex 331.33748908107543 -2.316254552765714 -333
    endloop
  endfacet
  facet normal 0 0 -1
    outer loop
      vertex 331.33748908107543 -2.316254552765714 -333
      vertex 322.69086566541307 0.7218819502917014 -333
      vertex 331.5434164353553 -2.301894132779228 -333
    endloop
  endfacet
  facet normal 0 0 -1
    outer loop
      vertex 331.5434164353553 -2.301894132779228 -333
      vertex 322.69086566541307 0.7218819502917014 -333
      vertex 331.54465705526013 -2.3018070239870614 -333
    endloop
  endfacet
  facet normal 0 0 -1
    outer loop
      vertex 331.54465705526013 -2.3018070239870614 -333
      vertex 322.69086566541307 0.7218819502917014 -333
      vertex 332.49842990452146 -2.2345155910305774 -333
    endloop
  endfacet
  facet normal 0 0 -1
    outer loop
      vertex 332.49842990452146 -2.2345155910305774 -333
      vertex 322.69086566541307 0.7218819502917014 -333
      vertex 332.4986844666545 -2.2344975343133093 -333
    endloop
  endfacet
  facet normal 0 0 -1
    outer loop
      vertex 332.4986844666545 -2.2344975343133093 -333
      vertex 322.69086566541307 0.7218819502917014 -333
      vertex 332.69438857317414 -2.220549419361661 -333
    endloop
  endfacet
  facet normal 0 0 -1
    outer loop
      vertex 332.69438857317414 -2.220549419361661 -333
      vertex 322.69086566541307 0.7218819502917014 -333
      vertex 332.6955919613328 -2.220463415469522 -333
    endloop
  endfacet
  facet normal 0 0 -1
    outer loop
      vertex 332.6955919613328 -2.220463415469522 -333
      vertex 322.69086566541307 0.7218819502917014 -333
      vertex 333.62074124414534 -2.15403109890414 -333
    endloop
  endfacet
  facet normal 0 0 -1
    outer loop
      vertex 333.62074124414534 -2.15403109890414 -333
      vertex 322.69086566541307 0.7218819502917014 -333
      vertex 333.62098224151083 -2.1540137761288825 -333
    endloop
  endfacet
  facet normal 0 0 -1
    outer loop
      vertex 333.62098224151083 -2.1540137761288825 -333
      vertex 322.69086566541307 0.7218819502917014 -333
      vertex 333.80625788736194 -2.1406334386190387 -333
    endloop
  endfacet
  facet normal 0 0 -1
    outer loop
      vertex 333.80625788736194 -2.1406334386190387 -333
      vertex 322.69086566541307 0.7218819502917014 -333
      vertex 333.8074235086149 -2.1405491685720817 -333
    endloop
  endfacet
  facet normal 0 0 -1
    outer loop
      vertex 337.70912839623935 -1.8473579962392936 -333
      vertex 315.08447797614 4.081811701429645 -333
      vertex 337.70931487081975 -1.8473432000438903 -333
    endloop
  endfacet
  facet normal 0 0 -1
    outer loop
      vertex 316.8412517644501 -0.16676874671610217 -333
      vertex 316.849923542028 -0.20791169081775934 -333
      vertex 315.08447797614 4.081811701429645 -333
    endloop
  endfacet
  facet normal 0 0 -1
    outer loop
      vertex 316.849923542028 -0.20791169081775934 -333
      vertex 316.86049134042196 -0.24868988716485485 -333
      vertex 315.08447797614 4.081811701429645 -333
    endloop
  endfacet
  facet normal 0 0 -1
    outer loop
      vertex 316.8344912209326 -0.12533323356430406 -333
      vertex 316.8412517644501 -0.16676874671610217 -333
      vertex 315.08447797614 4.081811701429645 -333
    endloop
  endfacet
  facet normal 0 0 -1
    outer loop
      vertex 316.8296537717663 -0.08367784333231569 -333
      vertex 316.8344912209326 -0.12533323356430406 -333
      vertex 315.08447797614 4.081811701429645 -333
    endloop
  endfacet
  facet normal 0 0 -1
    outer loop
      vertex 316.82674790348074 -0.04187565372919973 -333
      vertex 316.8296537717663 -0.08367784333231569 -333
      vertex 315.08447797614 4.081811701429645 -333
    endloop
  endfacet
  facet normal 0 0 -1
    outer loop
      vertex 316.8257787139563 0 -333
      vertex 316.82674790348074 -0.04187565372919973 -333
      vertex 315.08447797614 4.081811701429645 -333
    endloop
  endfacet
  facet normal 0 0 -1
    outer loop
      vertex 316.82674790348074 0.04187565372919973 -333
      vertex 316.8257787139563 0 -333
      vertex 315.08447797614 4.081811701429645 -333
    endloop
  endfacet
  facet normal 0 0 -1
    outer loop
      vertex 316.82965377176635 0.08367784333231569 -333
      vertex 316.82674790348074 0.04187565372919973 -333
      vertex 315.08447797614 4.081811701429645 -333
    endloop
  endfacet
  facet normal 0 0 -1
    outer loop
      vertex 316.8344912209326 0.12533323356430406 -333
      vertex 316.82965377176635 0.08367784333231569 -333
      vertex 315.08447797614 4.081811701429645 -333
    endloop
  endfacet
  facet normal 0 0 -1
    outer loop
      vertex 316.8412517644501 0.16676874671610217 -333
      vertex 316.8344912209326 0.12533323356430406 -333
      vertex 315.08447797614 4.081811701429645 -333
    endloop
  endfacet
  facet normal 0 0 -1
    outer loop
      vertex 316.849923542028 0.20791169081775934 -333
      vertex 316.8412517644501 0.16676874671610217 -333
      vertex 315.08447797614 4.081811701429645 -333
    endloop
  endfacet
  facet normal 0 0 -1
    outer loop
      vertex 316.86049134042196 0.24868988716485485 -333
      vertex 316.849923542028 0.20791169081775934 -333
      vertex 315.08447797614 4.081811701429645 -333
    endloop
  endfacet
  facet normal 0 0 -1
    outer loop
      vertex 316.8729366201225 0.2890317969444718 -333
      vertex 316.86049134042196 0.24868988716485485 -333
      vertex 315.08447797614 4.081811701429645 -333
    endloop
  endfacet
  facet normal 0 0 -1
    outer loop
      vertex 316.88723754788026 0.32886664673858307 -333
      vertex 316.8729366201225 0.2890317969444718 -333
      vertex 315.08447797614 4.081811701429645 -333
    endloop
  endfacet
  facet normal 0 0 -1
    outer loop
      vertex 316.90336903500827 0.36812455268467786 -333
      vertex 316.88723754788026 0.32886664673858307 -333
      vertex 315.08447797614 4.081811701429645 -333
    endloop
  endfacet
  facet normal 0 0 -1
    outer loop
      vertex 316.9213027813966 0.4067366430758002 -333
      vertex 316.90336903500827 0.36812455268467786 -333
      vertex 315.08447797614 4.081811701429645 -333
    endloop
  endfacet
  facet normal 0 0 -1
    outer loop
      vertex 316.94100732516034 0.44463517918492756 -333
      vertex 316.9213027813966 0.4067366430758002 -333
      vertex 315.08447797614 4.081811701429645 -333
    endloop
  endfacet
  facet normal 0 0 -1
    outer loop
      vertex 316.96244809783394 0.4817536741017154 -333
      vertex 316.94100732516034 0.44463517918492756 -333
      vertex 315.08447797614 4.081811701429645 -333
    endloop
  endfacet
  facet normal 0 0 -1
    outer loop
      vertex 316.96244809783394 0.4817536741017154 -333
      vertex 315.08447797614 4.081811701429645 -333
      vertex 316.9855874850166 0.51802700937313 -333
    endloop
  endfacet
  facet normal 0 0 -1
    outer loop
      vertex 317.0103848923602 0.553391549243344 -333
      vertex 316.9855874850166 0.51802700937313 -333
      vertex 315.08447797614 4.081811701429645 -333
    endloop
  endfacet
  facet normal 0 0 -1
    outer loop
      vertex 317.03679681678625 0.5877852522924731 -333
      vertex 317.0103848923602 0.553391549243344 -333
      vertex 315.08447797614 4.081811701429645 -333
    endloop
  endfacet
  facet normal 0 0 -1
    outer loop
      vertex 317.06477692280436 0.6211477802783104 -333
      vertex 317.03679681678625 0.5877852522924731 -333
      vertex 315.08447797614 4.081811701429645 -333
    endloop
  endfacet
  facet normal 0 0 -1
    outer loop
      vertex 317.0942761238009 0.6534206039901056 -333
      vertex 317.06477692280436 0.6211477802783104 -333
      vertex 315.08447797614 4.081811701429645 -333
    endloop
  endfacet
  facet normal 0 0 -1
    outer loop
      vertex 317.1252426681534 0.6845471059286885 -333
      vertex 317.0942761238009 0.6534206039901056 -333
      vertex 315.08447797614 4.081811701429645 -333
    endloop
  endfacet
  facet normal 0 0 -1
    outer loop
      vertex 317.1576222300206 0.7144726796328034 -333
      vertex 317.1252426681534 0.6845471059286885 -333
      vertex 315.08447797614 4.081811701429645 -333
    endloop
  endfacet
  facet normal 0 0 -1
    outer loop
      vertex 317.19135800464835 0.7431448254773942 -333
      vertex 317.1576222300206 0.7144726796328034 -333
      vertex 315.08447797614 4.081811701429645 -333
    endloop
  endfacet
  facet normal 0 0 -1
    outer loop
      vertex 317.22639080802446 0.7705132427757894 -333
      vertex 317.19135800464835 0.7431448254773942 -333
      vertex 315.08447797614 4.081811701429645 -333
    endloop
  endfacet
  facet normal 0 0 -1
    outer loop
      vertex 317.2626591807075 0.7965299180241963 -333
      vertex 317.22639080802446 0.7705132427757894 -333
      vertex 315.08447797614 4.081811701429645 -333
    endloop
  endfacet
  facet normal 0 0 -1
    outer loop
      vertex 317.30009949564777 0.821149209133704 -333
      vertex 317.2626591807075 0.7965299180241963 -333
      vertex 315.08447797614 4.081811701429645 -333
    endloop
  endfacet
  facet normal 0 0 -1
    outer loop
      vertex 317.3386460698106 0.844327925502015 -333
      vertex 317.30009949564777 0.821149209133704 -333
      vertex 315.08447797614 4.081811701429645 -333
    endloop
  endfacet
  facet normal 0 0 -1
    outer loop
      vertex 317.3782312794066 0.8660254037844386 -333
      vertex 317.3386460698106 0.844327925502015 -333
      vertex 315.08447797614 4.081811701429645 -333
    endloop
  endfacet
  facet normal 0 0 -1
    outer loop
      vertex 317.41878567852706 0.8862035792312147 -333
      vertex 317.3782312794066 0.8660254037844386 -333
      vertex 315.08447797614 4.081811701429645 -333
    endloop
  endfacet
  facet normal 0 0 -1
    outer loop
      vertex 317.4602381209754 0.9048270524660195 -333
      vertex 317.41878567852706 0.8862035792312147 -333
      vertex 315.08447797614 4.081811701429645 -333
    endloop
  endfacet
  facet normal 0 0 -1
    outer loop
      vertex 317.50251588508195 0.9218631515885005 -333
      vertex 317.4602381209754 0.9048270524660195 -333
      vertex 315.08447797614 4.081811701429645 -333
    endloop
  endfacet
  facet normal 0 0 -1
    outer loop
      vertex 317.54554480128246 0.9372819894918915 -333
      vertex 317.50251588508195 0.9218631515885005 -333
      vertex 315.08447797614 4.081811701429645 -333
    endloop
  endfacet
  facet normal 0 0 -1
    outer loop
      vertex 317.5892493822366 0.9510565162951535 -333
      vertex 317.54554480128246 0.9372819894918915 -333
      vertex 315.08447797614 4.081811701429645 -333
    endloop
  endfacet
  facet normal 0 0 -1
    outer loop
      vertex 317.6335529552582 0.9631625667976582 -333
      vertex 317.5892493822366 0.9510565162951535 -333
      vertex 315.08447797614 4.081811701429645 -333
    endloop
  endfacet
  facet normal 0 0 -1
    outer loop
      vertex 317.67837779682606 0.9735789028731603 -333
      vertex 317.6335529552582 0.9631625667976582 -333
      vertex 315.08447797614 4.081811701429645 -333
    endloop
  endfacet
  facet normal 0 0 -1
    outer loop
      vertex 317.72364526893625 0.9822872507286887 -333
      vertex 317.67837779682606 0.9735789028731603 -333
      vertex 315.08447797614 4.081811701429645 -333
    endloop
  endfacet
  facet normal 0 0 -1
    outer loop
      vertex 317.7692759570608 0.9892723329629883 -333
      vertex 317.72364526893625 0.9822872507286887 -333
      vertex 315.08447797614 4.081811701429645 -333
    endloop
  endfacet
  facet normal 0 0 -1
    outer loop
      vertex 317.8151898094673 0.9945218953682733 -333
      vertex 317.7692759570608 0.9892723329629883 -333
      vertex 315.08447797614 4.081811701429645 -333
    endloop
  endfacet
  facet normal 0 0 -1
    outer loop
      vertex 317.861306277657 0.9980267284282716 -333
      vertex 317.8151898094673 0.9945218953682733 -333
      vertex 315.08447797614 4.081811701429645 -333
    endloop
  endfacet
  facet normal 0 0 -1
    outer loop
      vertex 317.9075444576743 0.9997806834748455 -333
      vertex 317.861306277657 0.9980267284282716 -333
      vertex 315.08447797614 4.081811701429645 -333
    endloop
  endfacet
  facet normal 0 0 -1
    outer loop
      vertex 317.9538232320395 0.9997806834748455 -333
      vertex 317.9075444576743 0.9997806834748455 -333
      vertex 315.08447797614 4.081811701429645 -333
    endloop
  endfacet
  facet normal 0 0 -1
    outer loop
      vertex 318.0000614120567 0.9980267284282716 -333
      vertex 317.9538232320395 0.9997806834748455 -333
      vertex 315.08447797614 4.081811701429645 -333
    endloop
  endfacet
  facet normal 0 0 -1
    outer loop
      vertex 318.0461778802465 0.9945218953682733 -333
      vertex 318.0000614120567 0.9980267284282716 -333
      vertex 315.08447797614 4.081811701429645 -333
    endloop
  endfacet
  facet normal 0 0 -1
    outer loop
      vertex 318.092091732653 0.9892723329629883 -333
      vertex 318.0461778802465 0.9945218953682733 -333
      vertex 315.08447797614 4.081811701429645 -333
    endloop
  endfacet
  facet normal 0 0 -1
    outer loop
      vertex 318.13772242077755 0.9822872507286887 -333
      vertex 318.092091732653 0.9892723329629883 -333
      vertex 315.08447797614 4.081811701429645 -333
    endloop
  endfacet
  facet normal 0 0 -1
    outer loop
      vertex 318.6700096850654 0.7431448254773942 -333
      vertex 318.63497688168934 0.7705132427757891 -333
      vertex 322.35030436845926 0 -333
    endloop
  endfacet
  facet normal 0 0 -1
    outer loop
      vertex 318.59870850900626 0.7965299180241963 -333
      vertex 318.561268194066 0.821149209133704 -333
      vertex 322.35127355798363 0.04187565372919973 -333
    endloop
  endfacet
  facet normal 0 0 -1
    outer loop
      vertex 318.63497688168934 0.7705132427757891 -333
      vertex 318.59870850900626 0.7965299180241963 -333
      vertex 322.35127355798363 0.04187565372919973 -333
    endloop
  endfacet
  facet normal 0 0 -1
    outer loop
      vertex 318.561268194066 0.821149209133704 -333
      vertex 318.5227216199032 0.8443279255020151 -333
      vertex 322.3850169949249 0.24868988716485485 -333
    endloop
  endfacet
  facet normal 0 0 -1
    outer loop
      vertex 318.18298989288775 0.9735789028731603 -333
      vertex 318.13772242077755 0.9822872507286887 -333
      vertex 322.3850169949249 0.24868988716485485 -333
    endloop
  endfacet
  facet normal 0 0 -1
    outer loop
      vertex 318.27211830747723 0.9510565162951535 -333
      vertex 318.2278147344556 0.9631625667976582 -333
      vertex 322.3850169949249 0.24868988716485485 -333
    endloop
  endfacet
  facet normal 0 0 -1
    outer loop
      vertex 318.2278147344556 0.9631625667976582 -333
      vertex 318.18298989288775 0.9735789028731603 -333
      vertex 322.3850169949249 0.24868988716485485 -333
    endloop
  endfacet
  facet normal 0 0 -1
    outer loop
      vertex 318.3158228884313 0.9372819894918915 -333
      vertex 318.27211830747723 0.9510565162951535 -333
      vertex 322.3850169949249 0.24868988716485485 -333
    endloop
  endfacet
  facet normal 0 0 -1
    outer loop
      vertex 318.48313641030717 0.8660254037844386 -333
      vertex 318.4425820111867 0.8862035792312147 -333
      vertex 322.3850169949249 0.24868988716485485 -333
    endloop
  endfacet
  facet normal 0 0 -1
    outer loop
      vertex 318.4011295687383 0.9048270524660195 -333
      vertex 318.3588518046318 0.9218631515885005 -333
      vertex 322.3850169949249 0.24868988716485485 -333
    endloop
  endfacet
  facet normal 0 0 -1
    outer loop
      vertex 318.3588518046318 0.9218631515885005 -333
      vertex 318.3158228884313 0.9372819894918915 -333
      vertex 322.3850169949249 0.24868988716485485 -333
    endloop
  endfacet
  facet normal 0 0 -1
    outer loop
      vertex 318.4425820111867 0.8862035792312147 -333
      vertex 318.4011295687383 0.9048270524660195 -333
      vertex 322.3850169949249 0.24868988716485485 -333
    endloop
  endfacet
  facet normal 0 0 -1
    outer loop
      vertex 318.5227216199032 0.8443279255020151 -333
      vertex 318.48313641030717 0.8660254037844386 -333
      vertex 322.3850169949249 0.24868988716485485 -333
    endloop
  endfacet
  facet normal 0 0 -1
    outer loop
      vertex 322.3974622746254 0.2890317969444718 -333
      vertex 322.3850169949249 0.24868988716485485 -333
      vertex 315.08447797614 4.081811701429645 -333
    endloop
  endfacet
  facet normal 0 0 -1
    outer loop
      vertex 322.41176320238316 0.32886664673858307 -333
      vertex 322.3974622746254 0.2890317969444718 -333
      vertex 315.08447797614 4.081811701429645 -333
    endloop
  endfacet
  facet normal 0 0 -1
    outer loop
      vertex 322.42789468951116 0.36812455268467786 -333
      vertex 322.41176320238316 0.32886664673858307 -333
      vertex 315.08447797614 4.081811701429645 -333
    endloop
  endfacet
  facet normal 0 0 -1
    outer loop
      vertex 322.44582843589956 0.4067366430758002 -333
      vertex 322.42789468951116 0.36812455268467786 -333
      vertex 315.08447797614 4.081811701429645 -333
    endloop
  endfacet
  facet normal 0 0 -1
    outer loop
      vertex 318.13772242077755 0.9822872507286887 -333
      vertex 315.08447797614 4.081811701429645 -333
      vertex 322.3850169949249 0.24868988716485485 -333
    endloop
  endfacet
  facet normal 0 0 -1
    outer loop
      vertex 322.4655329796633 0.44463517918492756 -333
      vertex 322.44582843589956 0.4067366430758002 -333
      vertex 315.08447797614 4.081811701429645 -333
    endloop
  endfacet
  facet normal 0 0 -1
    outer loop
      vertex 322.4869737523369 0.4817536741017154 -333
      vertex 322.4655329796633 0.44463517918492756 -333
      vertex 315.08447797614 4.081811701429645 -333
    endloop
  endfacet
  facet normal 0 0 -1
    outer loop
      vertex 322.4869737523369 0.4817536741017154 -333
      vertex 315.08447797614 4.081811701429645 -333
      vertex 322.5101131395195 0.51802700937313 -333
    endloop
  endfacet
  facet normal 0 0 -1
    outer loop
      vertex 322.53491054686316 0.553391549243344 -333
      vertex 322.5101131395195 0.51802700937313 -333
      vertex 315.08447797614 4.081811701429645 -333
    endloop
  endfacet
  facet normal 0 0 -1
    outer loop
      vertex 322.56132247128915 0.5877852522924731 -333
      vertex 322.53491054686316 0.553391549243344 -333
      vertex 315.08447797614 4.081811701429645 -333
    endloop
  endfacet
  facet normal 0 0 -1
    outer loop
      vertex 322.58930257730725 0.6211477802783104 -333
      vertex 322.56132247128915 0.5877852522924731 -333
      vertex 315.08447797614 4.081811701429645 -333
    endloop
  endfacet
  facet normal 0 0 -1
    outer loop
      vertex 322.6188017783038 0.6534206039901056 -333
      vertex 322.58930257730725 0.6211477802783104 -333
      vertex 315.08447797614 4.081811701429645 -333
    endloop
  endfacet
  facet normal 0 0 -1
    outer loop
      vertex 322.64976832265637 0.6845471059286885 -333
      vertex 322.6188017783038 0.6534206039901056 -333
      vertex 315.08447797614 4.081811701429645 -333
    endloop
  endfacet
  facet normal 0 0 -1
    outer loop
      vertex 322.6821478845236 0.7144726796328034 -333
      vertex 322.64976832265637 0.6845471059286885 -333
      vertex 315.08447797614 4.081811701429645 -333
    endloop
  endfacet
  facet normal 0 0 -1
    outer loop
      vertex 322.69086566541307 0.7218819502917014 -333
      vertex 322.6821478845236 0.7144726796328034 -333
      vertex 315.08447797614 4.081811701429645 -333
    endloop
  endfacet
  facet normal 0 0 -1
    outer loop
      vertex 337.70912839623935 -1.8473579962392936 -333
      vertex 322.69086566541307 0.7218819502917014 -333
      vertex 315.08447797614 4.081811701429645 -333
    endloop
  endfacet
  facet normal 0 0 -1
    outer loop
      vertex 333.8074235086149 -2.1405491685720817 -333
      vertex 322.69086566541307 0.7218819502917014 -333
      vertex 334.70353790771964 -2.0754596404037517 -333
    endloop
  endfacet
  facet normal 0 0 -1
    outer loop
      vertex 334.70353790771964 -2.0754596404037517 -333
      vertex 322.69086566541307 0.7218819502917014 -333
      vertex 334.70376534029 -2.075443056681521 -333
    endloop
  endfacet
  facet normal 0 0 -1
    outer loop
      vertex 334.70376534029 -2.075443056681521 -333
      vertex 322.69086566541307 0.7218819502917014 -333
      vertex 334.8786125051934 -2.06263442596977 -333
    endloop
  endfacet
  facet normal 0 0 -1
    outer loop
      vertex 334.8786125051934 -2.06263442596977 -333
      vertex 322.69086566541307 0.7218819502917014 -333
      vertex 334.87973929884333 -2.0625513443722427 -333
    endloop
  endfacet
  facet normal 0 0 -1
    outer loop
      vertex 334.87973929884333 -2.0625513443722427 -333
      vertex 322.69086566541307 0.7218819502917014 -333
      vertex 335.7460032586007 -1.9983855797678216 -333
    endloop
  endfacet
  facet normal 0 0 -1
    outer loop
      vertex 335.7460032586007 -1.9983855797678216 -333
      vertex 322.69086566541307 0.7218819502917014 -333
      vertex 335.74621712690845 -1.998369634066799 -333
    endloop
  endfacet
  facet normal 0 0 -1
    outer loop
      vertex 335.74621712690845 -1.998369634066799 -333
      vertex 322.69086566541307 0.7218819502917014 -333
      vertex 335.9106361965049 -1.9860550367179703 -333
    endloop
  endfacet
  facet normal 0 0 -1
    outer loop
      vertex 335.9106361965049 -1.9860550367179703 -333
      vertex 322.69086566541307 0.7218819502917014 -333
      vertex 335.91172416411456 -1.9859728645560992 -333
    endloop
  endfacet
  facet normal 0 0 -1
    outer loop
      vertex 335.91172416411456 -1.9859728645560992 -333
      vertex 322.69086566541307 0.7218819502917014 -333
      vertex 336.74813882204535 -1.9225163574409998 -333
    endloop
  endfacet
  facet normal 0 0 -1
    outer loop
      vertex 336.74813882204535 -1.9225163574409998 -333
      vertex 322.69086566541307 0.7218819502917014 -333
      vertex 336.7483388604203 -1.9225010076392535 -333
    endloop
  endfacet
  facet normal 0 0 -1
    outer loop
      vertex 336.7483388604203 -1.9225010076392535 -333
      vertex 322.69086566541307 0.7218819502917014 -333
      vertex 336.9021255909661 -1.9106481293818731 -333
    endloop
  endfacet
  facet normal 0 0 -1
    outer loop
      vertex 336.9021255909661 -1.9106481293818731 -333
      vertex 322.69086566541307 0.7218819502917014 -333
      vertex 336.903173938055 -1.9105662667244099 -333
    endloop
  endfacet
  facet normal 0 0 -1
    outer loop
      vertex 336.903173938055 -1.9105662667244099 -333
      vertex 322.69086566541307 0.7218819502917014 -333
      vertex 337.70912839623935 -1.8473579962392936 -333
    endloop
  endfacet
  facet normal 0 0 -1
    outer loop
      vertex 337.70931487081975 -1.8473432000438903 -333
      vertex 315.08447797614 4.081811701429645 -333
      vertex 337.85267385622797 -1.8359194569175927 -333
    endloop
  endfacet
  facet normal 0 0 -1
    outer loop
      vertex 337.85267385622797 -1.8359194569175927 -333
      vertex 315.08447797614 4.081811701429645 -333
      vertex 337.8536817814607 -1.8358385759770255 -333
    endloop
  endfacet
  facet normal 0 0 -1
    outer loop
      vertex 337.8536817814607 -1.8358385759770255 -333
      vertex 315.08447797614 4.081811701429645 -333
      vertex 338.62856009439884 -1.7733955471809397 -333
    endloop
  endfacet
  facet normal 0 0 -1
    outer loop
      vertex 338.62856009439884 -1.7733955471809397 -333
      vertex 315.08447797614 4.081811701429645 -333
      vertex 338.6287330036609 -1.7733815833441693 -333
    endloop
  endfacet
  facet normal 0 0 -1
    outer loop
      vertex 338.76166312267526 -1.7626012805001392 -333
      vertex 338.6287330036609 -1.7733815833441693 -333
      vertex 315.08447797614 4.081811701429645 -333
    endloop
  endfacet
  facet normal 0 0 -1
    outer loop
      vertex 338.76166312267526 -1.7626012805001392 -333
      vertex 315.08447797614 4.081811701429645 -333
      vertex 338.7626303532129 -1.7625226704435986 -333
    endloop
  endfacet
  facet normal 0 0 -1
    outer loop
      vertex 338.7626303532129 -1.7625226704435986 -333
      vertex 315.08447797614 4.081811701429645 -333
      vertex 339.5062229949086 -1.7018360658598242 -333
    endloop
  endfacet
  facet normal 0 0 -1
    outer loop
      vertex 339.5062229949086 -1.7018360658598242 -333
      vertex 315.08447797614 4.081811701429645 -333
      vertex 339.50638260484465 -1.7018229214712572 -333
    endloop
  endfacet
  facet normal 0 0 -1
    outer loop
      vertex 339.50638260484465 -1.7018229214712572 -333
      vertex 315.08447797614 4.081811701429645 -333
      vertex 339.6290883500257 -1.691676064291957 -333
    endloop
  endfacet
  facet normal 0 0 -1
    outer loop
      vertex 339.6290883500257 -1.691676064291957 -333
      vertex 315.08447797614 4.081811701429645 -333
      vertex 339.6300135637607 -1.69159835606814 -333
    endloop
  endfacet
  facet normal 0 0 -1
    outer loop
      vertex 339.6300135637607 -1.69159835606814 -333
      vertex 315.08447797614 4.081811701429645 -333
      vertex 340.3413038510078 -1.631615992438656 -333
    endloop
  endfacet
  facet normal 0 0 -1
    outer loop
      vertex 340.3413038510078 -1.631615992438656 -333
      vertex 315.08447797614 4.081811701429645 -333
      vertex 340.3414504287462 -1.6316034330070217 -333
    endloop
  endfacet
  facet normal 0 0 -1
    outer loop
      vertex 340.3414504287462 -1.6316034330070217 -333
      vertex 315.08447797614 4.081811701429645 -333
      vertex 340.45413712614527 -1.621909675233186 -333
    endloop
  endfacet
  facet normal 0 0 -1
    outer loop
      vertex 340.45413712614527 -1.621909675233186 -333
      vertex 315.08447797614 4.081811701429645 -333
      vertex 340.4550195284146 -1.6218323080636876 -333
    endloop
  endfacet
  facet normal 0 0 -1
    outer loop
      vertex 340.4550195284146 -1.6218323080636876 -333
      vertex 315.08447797614 4.081811701429645 -333
      vertex 341.13339642317214 -1.5621232653392418 -333
    endloop
  endfacet
  facet normal 0 0 -1
    outer loop
      vertex 341.13339642317214 -1.5621232653392418 -333
      vertex 315.08447797614 4.081811701429645 -333
      vertex 341.1335302350755 -1.5621112093238607 -333
    endloop
  endfacet
  facet normal 0 0 -1
    outer loop
      vertex 341.1335302350755 -1.5621112093238607 -333
      vertex 315.08447797614 4.081811701429645 -333
      vertex 341.2364026495623 -1.5528077933072317 -333
    endloop
  endfacet
  facet normal 0 0 -1
    outer loop
      vertex 341.2364026495623 -1.5528077933072317 -333
      vertex 315.08447797614 4.081811701429645 -333
      vertex 341.23724197957654 -1.5527298194930912 -333
    endloop
  endfacet
  facet normal 0 0 -1
    outer loop
      vertex 341.23724197957654 -1.5527298194930912 -333
      vertex 315.08447797614 4.081811701429645 -333
      vertex 341.8825048159947 -1.4925655744589912 -333
    endloop
  endfacet
  facet normal 0 0 -1
    outer loop
      vertex 341.8825048159947 -1.4925655744589912 -333
      vertex 315.08447797614 4.081811701429645 -333
      vertex 341.8826255962336 -1.4925540082644795 -333
    endloop
  endfacet
  facet normal 0 0 -1
    outer loop
      vertex 341.8826255962336 -1.4925540082644795 -333
      vertex 315.08447797614 4.081811701429645 -333
      vertex 341.9754793556473 -1.4836305509113072 -333
    endloop
  endfacet
  facet normal 0 0 -1
    outer loop
      vertex 341.9754793556473 -1.4836305509113072 -333
      vertex 315.08447797614 4.081811701429645 -333
      vertex 341.97627508173565 -1.4835519454250239 -333
    endloop
  endfacet
  facet normal 0 0 -1
    outer loop
      vertex 341.97627508173565 -1.4835519454250239 -333
      vertex 315.08447797614 4.081811701429645 -333
      vertex 342.58801510690915 -1.4229133950166655 -333
    endloop
  endfacet
  facet normal 0 0 -1
    outer loop
      vertex 342.58801510690915 -1.4229133950166655 -333
      vertex 315.08447797614 4.081811701429645 -333
      vertex 342.5881233871542 -1.422902343670524 -333
    endloop
  endfacet
  facet normal 0 0 -1
    outer loop
      vertex 342.67136724439996 -1.4143779480454126 -333
      vertex 342.5881233871542 -1.422902343670524 -333
      vertex 315.08447797614 4.081811701429645 -333
    endloop
  endfacet
  facet normal 0 0 -1
    outer loop
      vertex 342.67136724439996 -1.4143779480454126 -333
      vertex 315.08447797614 4.081811701429645 -333
      vertex 342.6721185681221 -1.4142988502227063 -333
    endloop
  endfacet
  facet normal 0 0 -1
    outer loop
      vertex 342.6721185681221 -1.4142988502227063 -333
      vertex 315.08447797614 4.081811701429645 -333
      vertex 343.249721966116 -1.3532933230980697 -333
    endloop
  endfacet
  facet normal 0 0 -1
    outer loop
      vertex 343.249721966116 -1.3532933230980697 -333
      vertex 315.08447797614 4.081811701429645 -333
      vertex 343.249817745431 -1.353282960113354 -333
    endloop
  endfacet
  facet normal 0 0 -1
    outer loop
      vertex 343.3234510120484 -1.3452910232932818 -333
      vertex 343.249817745431 -1.353282960113354 -333
      vertex 315.08447797614 4.081811701429645 -333
    endloop
  endfacet
  facet normal 0 0 -1
    outer loop
      vertex 343.3234510120484 -1.3452910232932818 -333
      vertex 315.08447797614 4.081811701429645 -333
      vertex 343.3241571292091 -1.3452126353233584 -333
    endloop
  endfacet
  facet normal 0 0 -1
    outer loop
      vertex 343.3241571292091 -1.3452126353233584 -333
      vertex 315.08447797614 4.081811701429645 -333
      vertex 343.86700585169666 -1.284764583374501 -333
    endloop
  endfacet
  facet normal 0 0 -1
    outer loop
      vertex 343.86700585169666 -1.284764583374501 -333
      vertex 315.08447797614 4.081811701429645 -333
      vertex 343.8670899273706 -1.2847549828420166 -333
    endloop
  endfacet
  facet normal 0 0 -1
    outer loop
      vertex 343.9317255724665 -1.2773522587771844 -333
      vertex 343.8670899273706 -1.2847549828420166 -333
      vertex 315.08447797614 4.081811701429645 -333
    endloop
  endfacet
  facet normal 0 0 -1
    outer loop
      vertex 343.9317255724665 -1.2773522587771844 -333
      vertex 315.08447797614 4.081811701429645 -333
      vertex 343.9323854183303 -1.2772747963544182 -333
    endloop
  endfacet
  facet normal 0 0 -1
    outer loop
      vertex 343.9323854183303 -1.2772747963544182 -333
      vertex 315.08447797614 4.081811701429645 -333
      vertex 344.439660935529 -1.2175503219294368 -333
    endloop
  endfacet
  facet normal 0 0 -1
    outer loop
      vertex 344.439660935529 -1.2175503219294368 -333
      vertex 315.08447797614 4.081811701429645 -333
      vertex 344.4397335729404 -1.2175415810275116 -333
    endloop
  endfacet
  facet normal 0 0 -1
    outer loop
      vertex 344.4397335729404 -1.2175415810275116 -333
      vertex 315.08447797614 4.081811701429645 -333
      vertex 344.49557563703763 -1.2108027114940423 -333
    endloop
  endfacet
  facet normal 0 0 -1
    outer loop
      vertex 344.49557563703763 -1.2108027114940423 -333
      vertex 315.08447797614 4.081811701429645 -333
      vertex 344.49618840749804 -1.2107273603810709 -333
    endloop
  endfacet
  facet normal 0 0 -1
    outer loop
      vertex 344.49618840749804 -1.2107273603810709 -333
      vertex 315.08447797614 4.081811701429645 -333
      vertex 344.96727273625794 -1.1526382866036735 -333
    endloop
  endfacet
  facet normal 0 0 -1
    outer loop
      vertex 344.96727273625794 -1.1526382866036735 -333
      vertex 315.08447797614 4.081811701429645 -333
      vertex 344.96733473260736 -1.1526304958021367 -333
    endloop
  endfacet
  facet normal 0 0 -1
    outer loop
      vertex 345.01499611982445 -1.14662482696643 -333
      vertex 315.08447797614 4.081811701429645 -333
      vertex 345.01556101642166 -1.146551726403731 -333
    endloop
  endfacet
  facet normal 0 0 -1
    outer loop
      vertex 345.01499611982445 -1.14662482696643 -333
      vertex 344.96733473260736 -1.1526304958021367 -333
      vertex 315.08447797614 4.081811701429645 -333
    endloop
  endfacet
  facet normal 0 0 -1
    outer loop
      vertex 345.01556101642166 -1.146551726403731 -333
      vertex 315.08447797614 4.081811701429645 -333
      vertex 345.4498403259552 -1.090205308714407 -333
    endloop
  endfacet
  facet normal 0 0 -1
    outer loop
      vertex 345.4498403259552 -1.090205308714407 -333
      vertex 315.08447797614 4.081811701429645 -333
      vertex 345.44989221381087 -1.090198326706899 -333
    endloop
  endfacet
  facet normal 0 0 -1
    outer loop
      vertex 345.48978233702803 -1.0848170839314608 -333
      vertex 315.08447797614 4.081811701429645 -333
      vertex 345.4902985695728 -1.0847448476522425 -333
    endloop
  endfacet
  facet normal 0 0 -1
    outer loop
      vertex 345.44989221381087 -1.090198326706899 -333
      vertex 315.08447797614 4.081811701429645 -333
      vertex 345.48978233702803 -1.0848170839314608 -333
    endloop
  endfacet
  facet normal 0 0 -1
    outer loop
      vertex 345.4902985695728 -1.0847448476522425 -333
      vertex 315.08447797614 4.081811701429645 -333
      vertex 345.88716511242023 -1.0290755293841345 -333
    endloop
  endfacet
  facet normal 0 0 -1
    outer loop
      vertex 345.88716511242023 -1.0290755293841345 -333
      vertex 315.08447797614 4.081811701429645 -333
      vertex 345.88720715709366 -1.0290694620732144 -333
    endloop
  endfacet
  facet normal 0 0 -1
    outer loop
      vertex 345.9195300069873 -1.0243939943407854 -333
      vertex 315.08447797614 4.081811701429645 -333
      vertex 345.91999676325526 -1.0243253163568218 -333
    endloop
  endfacet
  facet normal 0 0 -1
    outer loop
      vertex 345.9195300069873 -1.0243939943407854 -333
      vertex 345.88720715709366 -1.0290694620732144 -333
      vertex 315.08447797614 4.081811701429645 -333
    endloop
  endfacet
  facet normal 0 0 -1
    outer loop
      vertex 345.91999676325526 -1.0243253163568218 -333
      vertex 315.08447797614 4.081811701429645 -333
      vertex 346.278826587107 -0.9714044646495428 -333
    endloop
  endfacet
  facet normal 0 0 -1
    outer loop
      vertex 346.30443240431316 -0.9675676095878717 -333
      vertex 315.08447797614 4.081811701429645 -333
      vertex 346.3048738899156 -0.9675008426083818 -333
    endloop
  endfacet
  facet normal 0 0 -1
    outer loop
      vertex 346.30443240431316 -0.9675676095878717 -333
      vertex 346.2788598512207 -0.9713994916483747 -333
      vertex 315.08447797614 4.081811701429645 -333
    endloop
  endfacet
  facet normal 0 0 -1
    outer loop
      vertex 346.278826587107 -0.9714044646495428 -333
      vertex 315.08447797614 4.081811701429645 -333
      vertex 346.2788598512207 -0.9713994916483747 -333
    endloop
  endfacet
  facet normal 0 0 -1
    outer loop
      vertex 346.3048738899156 -0.9675008426083818 -333
      vertex 315.08447797614 4.081811701429645 -333
      vertex 346.58447797614 -0.9251437746017092 -333
    endloop
  endfacet
  facet normal 0 0 -1
    outer loop
      vertex 315.08447797614 4.081811701429645 -333
      vertex 346.58447797614 -0.5697065471298093 -333
      vertex 346.58447797614 -0.9251437746017092 -333
    endloop
  endfacet
endsolid OpenSCAD_Model
